#
# There is insufficient memory for the Java Runtime Environment to continue.
# Native memory allocation (malloc) failed to allocate 1228816 bytes. Error detail: Chunk::new
# Possible reasons:
#   The system is out of physical RAM or swap space
#   This process is running with CompressedOops enabled, and the Java Heap may be blocking the growth of the native heap
# Possible solutions:
#   Reduce memory load on the system
#   Increase physical memory or swap space
#   Check if swap backing store is full
#   Decrease Java heap size (-Xmx/-Xms)
#   Decrease number of Java threads
#   Decrease Java thread stack sizes (-Xss)
#   Set larger code cache with -XX:ReservedCodeCacheSize=
#   JVM is running with Unscaled Compressed Oops mode in which the Java heap is
#     placed in the first 4GB address space. The Java Heap base address is the
#     maximum limit for the native heap growth. Please use -XX:HeapBaseMinAddress
#     to set the Java Heap base and to place the Java Heap above 4GB virtual address.
# This output file may be truncated or incomplete.
#
#  Out of Memory Error (arena.cpp:191), pid=43464, tid=38748
#
# JRE version: OpenJDK Runtime Environment Microsoft-9388408 (17.0.11+9) (build 17.0.11+9-LTS)
# Java VM: OpenJDK 64-Bit Server VM Microsoft-9388408 (17.0.11+9-LTS, mixed mode, sharing, tiered, compressed oops, compressed class ptrs, g1 gc, windows-amd64)
# No core dump will be written. Minidumps are not enabled by default on client versions of Windows
#

---------------  S U M M A R Y ------------

Command Line: -XX:MaxMetaspaceSize=512m --add-opens=java.base/java.util=ALL-UNNAMED --add-opens=java.base/java.lang=ALL-UNNAMED --add-opens=java.base/java.lang.invoke=ALL-UNNAMED --add-opens=java.prefs/java.util.prefs=ALL-UNNAMED --add-opens=java.base/java.nio.charset=ALL-UNNAMED --add-opens=java.base/java.net=ALL-UNNAMED --add-opens=java.base/java.util.concurrent.atomic=ALL-UNNAMED -Xmx2048m -Dfile.encoding=windows-1252 -Duser.country=IN -Duser.language=en -Duser.variant -javaagent:C:\Users\anand\.gradle\wrapper\dists\gradle-8.6-all\3mbtmo166bl6vumsh5k2lkq5h\gradle-8.6\lib\agents\gradle-instrumentation-agent-8.6.jar org.gradle.launcher.daemon.bootstrap.GradleDaemon 8.6

Host: Intel(R) Core(TM) i5-10200H CPU @ 2.40GHz, 8 cores, 7G,  Windows 11 , 64 bit Build 22621 (10.0.22621.3085)
Time: Thu Jul 18 17:48:19 2024 India Standard Time elapsed time: 3380.466331 seconds (0d 0h 56m 20s)

---------------  T H R E A D  ---------------

Current thread (0x000002e9ba552be0):  JavaThread "C2 CompilerThread0" daemon [_thread_in_native, id=38748, stack(0x000000f0f7700000,0x000000f0f7800000)]


Current CompileTask:
C2:3380466 35973   !   4       org.gradle.execution.plan.DefaultFinalizedExecutionPlan::recordNodeCompleted (175 bytes)

Stack: [0x000000f0f7700000,0x000000f0f7800000]
Native frames: (J=compiled Java code, j=interpreted, Vv=VM code, C=native code)
V  [jvm.dll+0x67f6d9]
V  [jvm.dll+0x83773a]
V  [jvm.dll+0x8391fe]
V  [jvm.dll+0x839863]
V  [jvm.dll+0x247fbf]
V  [jvm.dll+0xac544]
V  [jvm.dll+0xacb8c]
V  [jvm.dll+0x368852]
V  [jvm.dll+0x332e1a]
V  [jvm.dll+0x3322ba]
V  [jvm.dll+0x21a5d1]
V  [jvm.dll+0x219a11]
V  [jvm.dll+0x1a5396]
V  [jvm.dll+0x2297cd]
V  [jvm.dll+0x22799c]
V  [jvm.dll+0x7ec8b7]
V  [jvm.dll+0x7e6cba]
V  [jvm.dll+0x67e5c5]
C  [ucrtbase.dll+0x29363]
C  [KERNEL32.DLL+0x1257d]
C  [ntdll.dll+0x5aa58]


---------------  P R O C E S S  ---------------

Threads class SMR info:
_java_thread_list=0x000002e9dba1db90, length=158, elements={
0x000002e99c0b0980, 0x000002e9ba533ce0, 0x000002e9ba534b60, 0x000002e9ba54d7d0,
0x000002e9ba54e2a0, 0x000002e9ba54ee60, 0x000002e9ba551830, 0x000002e9ba552be0,
0x000002e9ba557600, 0x000002e9ba562e70, 0x000002e9ba761ae0, 0x000002e9ba82fd20,
0x000002e9dc098960, 0x000002e9dc380840, 0x000002e9db733ea0, 0x000002e9dbf25ca0,
0x000002e9dbf28010, 0x000002e9dbf26bd0, 0x000002e9dbf27b00, 0x000002e9dbf28a30,
0x000002e9dde0cf70, 0x000002e9dde06f40, 0x000002e9dde06010, 0x000002e9dde0b110,
0x000002e9dde0b620, 0x000002e9dde07e70, 0x000002e9dde08380, 0x000002e9dde08890,
0x000002e9dde08da0, 0x000002e9dad69870, 0x000002e9e709d780, 0x000002e9e709f0d0,
0x000002e9df91a580, 0x000002e9df914a60, 0x000002e9e7aba450, 0x000002e9dbf275f0,
0x000002e9dbf25790, 0x000002e9dbf266c0, 0x000002e9e7a43580, 0x000002e9e7a3eea0,
0x000002e9e7a3f3b0, 0x000002e9e7a41210, 0x000002e9e7a3c110, 0x000002e9e7a3f8c0,
0x000002e9e7a3fdd0, 0x000002e9e7a3e480, 0x000002e9e7a402e0, 0x000002e9e7a40d00,
0x000002e9e7a407f0, 0x000002e9e7a41720, 0x000002e9e7a41c30, 0x000002e9e7a3cb30,
0x000002e9e7a42140, 0x000002e9e7a43a90, 0x000002e9e7a3c620, 0x000002e9e7a42650,
0x000002e9e7a42b60, 0x000002e9e7a43070, 0x000002e9e7a3d040, 0x000002e9e7a3d550,
0x000002e9e7a3df70, 0x000002e9df918c30, 0x000002e9df91a070, 0x000002e9df919140,
0x000002e9df916dd0, 0x000002e9df918720, 0x000002e9df9177f0, 0x000002e9df919650,
0x000002e9df9163b0, 0x000002e9df917d00, 0x000002e9df91aa90, 0x000002e9df914040,
0x000002e9df914f70, 0x000002e9df919b60, 0x000002e9df9168c0, 0x000002e9df914550,
0x000002e9df913b30, 0x000002e9df91afa0, 0x000002e9df918210, 0x000002e9df91b4b0,
0x000002e9df915480, 0x000002e9df915990, 0x000002e9e709e6b0, 0x000002e9e709ebc0,
0x000002e9e709a9f0, 0x000002e9e709af00, 0x000002e9e70a0f30, 0x000002e9e709b920,
0x000002e9e709b410, 0x000002e9e709f5e0, 0x000002e9e709cd60, 0x000002e9e709faf0,
0x000002e9e709c340, 0x000002e9e70a0000, 0x000002e9e7099ac0, 0x000002e9e70a0510,
0x000002e9e70a0a20, 0x000002e9e70a1440, 0x000002e9e709a4e0, 0x000002e9dad6a290,
0x000002e9dad6a7a0, 0x000002e9dad6b1c0, 0x000002e9dad656a0, 0x000002e9dad64770,
0x000002e9dad660c0, 0x000002e9dad68430, 0x000002e9dad67500, 0x000002e9dad68e50,
0x000002e9dad6acb0, 0x000002e9dad63d50, 0x000002e9dad665d0, 0x000002e9dad64260,
0x000002e9dad67a10, 0x000002e9dad68940, 0x000002e9dad69360, 0x000002e9e7ab5860,
0x000002e9e7ab6280, 0x000002e9e7abb380, 0x000002e9e7ab8b00, 0x000002e9e7ab4420,
0x000002e9e7ab80e0, 0x000002e9e7ab9a30, 0x000002e9e7aba960, 0x000002e9e7ab71b0,
0x000002e9e7abae70, 0x000002e9e7ab3f10, 0x000002e9e7ab76c0, 0x000002e9e7ab9010,
0x000002e9e7ab9520, 0x000002e9e7ab4e40, 0x000002e9e7ab7bd0, 0x000002e9e0b31c90,
0x000002e9e0b2e9f0, 0x000002e9e0b34000, 0x000002e9e0b2dfd0, 0x000002e9e0b2f920,
0x000002e9e0b34510, 0x000002e9e0b335e0, 0x000002e9e0b326b0, 0x000002e9e0b330d0,
0x000002e9e0b2ef00, 0x000002e9e0b31780, 0x000002e9e0b2f410, 0x000002e9e0b2fe30,
0x000002e9dde097c0, 0x000002e9dde0c550, 0x000002e9dde0a1e0, 0x000002e9dde0c040,
0x000002e9dde055f0, 0x000002e9e089f140, 0x000002e9e089cdd0, 0x000002e9e08a0070,
0x000002e9e089dd00, 0x000002e9e089f650, 0x000002e9e7822630, 0x000002e9e7823050,
0x000002e9e7823560, 0x000002e9e7822b40
}

Java Threads: ( => current thread )
  0x000002e99c0b0980 JavaThread "main" [_thread_blocked, id=30444, stack(0x000000f0f6a00000,0x000000f0f6b00000)]
  0x000002e9ba533ce0 JavaThread "Reference Handler" daemon [_thread_blocked, id=10880, stack(0x000000f0f7100000,0x000000f0f7200000)]
  0x000002e9ba534b60 JavaThread "Finalizer" daemon [_thread_blocked, id=21948, stack(0x000000f0f7200000,0x000000f0f7300000)]
  0x000002e9ba54d7d0 JavaThread "Signal Dispatcher" daemon [_thread_blocked, id=27076, stack(0x000000f0f7300000,0x000000f0f7400000)]
  0x000002e9ba54e2a0 JavaThread "Attach Listener" daemon [_thread_blocked, id=29948, stack(0x000000f0f7400000,0x000000f0f7500000)]
  0x000002e9ba54ee60 JavaThread "Service Thread" daemon [_thread_blocked, id=6380, stack(0x000000f0f7500000,0x000000f0f7600000)]
  0x000002e9ba551830 JavaThread "Monitor Deflation Thread" daemon [_thread_blocked, id=14192, stack(0x000000f0f7600000,0x000000f0f7700000)]
=>0x000002e9ba552be0 JavaThread "C2 CompilerThread0" daemon [_thread_in_native, id=38748, stack(0x000000f0f7700000,0x000000f0f7800000)]
  0x000002e9ba557600 JavaThread "C1 CompilerThread0" daemon [_thread_blocked, id=36552, stack(0x000000f0f7800000,0x000000f0f7900000)]
  0x000002e9ba562e70 JavaThread "Sweeper thread" daemon [_thread_blocked, id=12376, stack(0x000000f0f7900000,0x000000f0f7a00000)]
  0x000002e9ba761ae0 JavaThread "Common-Cleaner" daemon [_thread_blocked, id=284, stack(0x000000f0f7a00000,0x000000f0f7b00000)]
  0x000002e9ba82fd20 JavaThread "Notification Thread" daemon [_thread_blocked, id=7644, stack(0x000000f0f7b00000,0x000000f0f7c00000)]
  0x000002e9dc098960 JavaThread "Daemon health stats" [_thread_blocked, id=52464, stack(0x000000f0f8300000,0x000000f0f8400000)]
  0x000002e9dc380840 JavaThread "Incoming local TCP Connector on port 59390" [_thread_in_native, id=22668, stack(0x000000f0f7d00000,0x000000f0f7e00000)]
  0x000002e9db733ea0 JavaThread "Daemon periodic checks" [_thread_blocked, id=44444, stack(0x000000f0f7e00000,0x000000f0f7f00000)]
  0x000002e9dbf25ca0 JavaThread "Cache worker for journal cache (C:\Users\anand\.gradle\caches\journal-1)" [_thread_blocked, id=9576, stack(0x000000f0f8400000,0x000000f0f8500000)]
  0x000002e9dbf28010 JavaThread "File lock request listener" [_thread_in_native, id=32448, stack(0x000000f0f8c00000,0x000000f0f8d00000)]
  0x000002e9dbf26bd0 JavaThread "Cache worker for file hash cache (C:\Users\anand\.gradle\caches\8.6\fileHashes)" [_thread_blocked, id=30844, stack(0x000000f0f8e00000,0x000000f0f8f00000)]
  0x000002e9dbf27b00 JavaThread "File watcher server" daemon [_thread_in_native, id=45132, stack(0x000000f0f9200000,0x000000f0f9300000)]
  0x000002e9dbf28a30 JavaThread "File watcher consumer" daemon [_thread_blocked, id=11544, stack(0x000000f0f9300000,0x000000f0f9400000)]
  0x000002e9dde0cf70 JavaThread "Cache worker for file content cache (C:\Users\anand\.gradle\caches\8.6\fileContent)" [_thread_blocked, id=53620, stack(0x000000f0f9900000,0x000000f0f9a00000)]
  0x000002e9dde06f40 JavaThread "jar transforms" [_thread_blocked, id=35600, stack(0x000000f0f9a00000,0x000000f0f9b00000)]
  0x000002e9dde06010 JavaThread "jar transforms Thread 2" [_thread_blocked, id=28452, stack(0x000000f0f9b00000,0x000000f0f9c00000)]
  0x000002e9dde0b110 JavaThread "jar transforms Thread 3" [_thread_blocked, id=51704, stack(0x000000f0f9c00000,0x000000f0f9d00000)]
  0x000002e9dde0b620 JavaThread "jar transforms Thread 4" [_thread_blocked, id=25508, stack(0x000000f0f9d00000,0x000000f0f9e00000)]
  0x000002e9dde07e70 JavaThread "jar transforms Thread 5" [_thread_blocked, id=48604, stack(0x000000f0fa200000,0x000000f0fa300000)]
  0x000002e9dde08380 JavaThread "jar transforms Thread 6" [_thread_blocked, id=47216, stack(0x000000f0fa300000,0x000000f0fa400000)]
  0x000002e9dde08890 JavaThread "jar transforms Thread 7" [_thread_blocked, id=19840, stack(0x000000f0fa400000,0x000000f0fa500000)]
  0x000002e9dde08da0 JavaThread "jar transforms Thread 8" [_thread_blocked, id=45176, stack(0x000000f0fa500000,0x000000f0fa600000)]
  0x000002e9dad69870 JavaThread "Memory manager" [_thread_blocked, id=4160, stack(0x000000f0fa100000,0x000000f0fa200000)]
  0x000002e9e709d780 JavaThread "Monitor" [_thread_in_native, id=296, stack(0x000000f081000000,0x000000f081100000)]
  0x000002e9e709f0d0 JavaThread "Device List Monitor" [_thread_in_native, id=53908, stack(0x000000f081100000,0x000000f081200000)]
  0x000002e9df91a580 JavaThread "ForkJoinPool.commonPool-worker-10" daemon [_thread_blocked, id=51556, stack(0x000000f081f00000,0x000000f082000000)]
  0x000002e9df914a60 JavaThread "ForkJoinPool.commonPool-worker-14" daemon [_thread_blocked, id=41980, stack(0x000000f082100000,0x000000f082200000)]
  0x000002e9e7aba450 JavaThread "Cache worker for Java compile cache (C:\Users\anand\.gradle\caches\8.6\javaCompile)" [_thread_blocked, id=47320, stack(0x000000f088300000,0x000000f088400000)]
  0x000002e9dbf275f0 JavaThread "Daemon Thread 3" [_thread_blocked, id=31972, stack(0x000000f080000000,0x000000f080100000)]
  0x000002e9dbf25790 JavaThread "Handler for socket connection from /127.0.0.1:59390 to /127.0.0.1:60741" [_thread_in_native, id=46608, stack(0x000000f080100000,0x000000f080200000)]
  0x000002e9dbf266c0 JavaThread "Cancel handler" [_thread_blocked, id=31944, stack(0x000000f080200000,0x000000f080300000)]
  0x000002e9e7a43580 JavaThread "Daemon worker Thread 3" [_thread_blocked, id=50528, stack(0x000000f080300000,0x000000f080400000)]
  0x000002e9e7a3eea0 JavaThread "Asynchronous log dispatcher for DefaultDaemonConnection: socket connection from /127.0.0.1:59390 to /127.0.0.1:60741" [_thread_blocked, id=52080, stack(0x000000f080400000,0x000000f080500000)]
  0x000002e9e7a3f3b0 JavaThread "Stdin handler" [_thread_blocked, id=52144, stack(0x000000f080500000,0x000000f080600000)]
  0x000002e9e7a41210 JavaThread "Daemon client event forwarder" [_thread_blocked, id=16476, stack(0x000000f080600000,0x000000f080700000)]
  0x000002e9e7a3c110 JavaThread "Cache worker for checksums cache (C:\Users\anand\Amaterasu\android\.gradle\8.6\checksums)" [_thread_blocked, id=5444, stack(0x000000f080700000,0x000000f080800000)]
  0x000002e9e7a3f8c0 JavaThread "Cache worker for file hash cache (C:\Users\anand\Amaterasu\android\.gradle\8.6\fileHashes)" [_thread_blocked, id=39916, stack(0x000000f080800000,0x000000f080900000)]
  0x000002e9e7a3fdd0 JavaThread "Cache worker for cache directory md-supplier (C:\Users\anand\.gradle\caches\8.6\md-supplier)" [_thread_blocked, id=41220, stack(0x000000f080900000,0x000000f080a00000)]
  0x000002e9e7a3e480 JavaThread "Cache worker for cache directory md-rule (C:\Users\anand\.gradle\caches\8.6\md-rule)" [_thread_blocked, id=35436, stack(0x000000f080a00000,0x000000f080b00000)]
  0x000002e9e7a402e0 JavaThread "Exec process Thread 7" [_thread_blocked, id=23440, stack(0x000000f080b00000,0x000000f080c00000)]
  0x000002e9e7a40d00 JavaThread "Exec process Thread 8" [_thread_blocked, id=53564, stack(0x000000f080c00000,0x000000f080d00000)]
  0x000002e9e7a407f0 JavaThread "Exec process Thread 9" [_thread_blocked, id=51924, stack(0x000000f080d00000,0x000000f080e00000)]
  0x000002e9e7a41720 JavaThread "Unconstrained build operations" [_thread_blocked, id=51172, stack(0x000000f080e00000,0x000000f080f00000)]
  0x000002e9e7a41c30 JavaThread "Unconstrained build operations Thread 2" [_thread_blocked, id=51768, stack(0x000000f080f00000,0x000000f081000000)]
  0x000002e9e7a3cb30 JavaThread "Cache worker for Build Output Cleanup Cache (C:\Users\anand\Amaterasu\node_modules\@react-native\gradle-plugin\.gradle\buildOutputCleanup)" [_thread_blocked, id=41992, stack(0x000000f081200000,0x000000f081300000)]
  0x000002e9e7a42140 JavaThread "Unconstrained build operations Thread 3" [_thread_blocked, id=15808, stack(0x000000f081300000,0x000000f081400000)]
  0x000002e9e7a43a90 JavaThread "Unconstrained build operations Thread 4" [_thread_blocked, id=19560, stack(0x000000f081400000,0x000000f081500000)]
  0x000002e9e7a3c620 JavaThread "Unconstrained build operations Thread 5" [_thread_blocked, id=48460, stack(0x000000f081500000,0x000000f081600000)]
  0x000002e9e7a42650 JavaThread "Unconstrained build operations Thread 6" [_thread_blocked, id=37976, stack(0x000000f081600000,0x000000f081700000)]
  0x000002e9e7a42b60 JavaThread "Unconstrained build operations Thread 7" [_thread_blocked, id=8756, stack(0x000000f081700000,0x000000f081800000)]
  0x000002e9e7a43070 JavaThread "Unconstrained build operations Thread 8" [_thread_blocked, id=51736, stack(0x000000f081800000,0x000000f081900000)]
  0x000002e9e7a3d040 JavaThread "Unconstrained build operations Thread 9" [_thread_blocked, id=33084, stack(0x000000f081900000,0x000000f081a00000)]
  0x000002e9e7a3d550 JavaThread "build event listener" [_thread_blocked, id=31696, stack(0x000000f081a00000,0x000000f081b00000)]
  0x000002e9e7a3df70 JavaThread "Cache worker for Build Output Cleanup Cache (C:\Users\anand\Amaterasu\android\.gradle\buildOutputCleanup)" [_thread_blocked, id=50692, stack(0x000000f081c00000,0x000000f081d00000)]
  0x000002e9df918c30 JavaThread "ForkJoinPool.commonPool-worker-15" daemon [_thread_blocked, id=52804, stack(0x000000f081d00000,0x000000f081e00000)]
  0x000002e9df91a070 JavaThread "ForkJoinPool.commonPool-worker-16" daemon [_thread_blocked, id=42352, stack(0x000000f081e00000,0x000000f081f00000)]
  0x000002e9df919140 JavaThread "ForkJoinPool.commonPool-worker-17" daemon [_thread_blocked, id=16020, stack(0x000000f082000000,0x000000f082100000)]
  0x000002e9df916dd0 JavaThread "ForkJoinPool.commonPool-worker-18" daemon [_thread_blocked, id=37756, stack(0x000000f082200000,0x000000f082300000)]
  0x000002e9df918720 JavaThread "ForkJoinPool.commonPool-worker-19" daemon [_thread_blocked, id=18252, stack(0x000000f082300000,0x000000f082400000)]
  0x000002e9df9177f0 JavaThread "included builds" [_thread_blocked, id=26740, stack(0x000000f082400000,0x000000f082500000)]
  0x000002e9df919650 JavaThread "Execution worker" [_thread_blocked, id=6156, stack(0x000000f082500000,0x000000f082600000)]
  0x000002e9df9163b0 JavaThread "Execution worker Thread 2" [_thread_blocked, id=39480, stack(0x000000f082600000,0x000000f082700000)]
  0x000002e9df917d00 JavaThread "Execution worker Thread 3" [_thread_blocked, id=13212, stack(0x000000f082700000,0x000000f082800000)]
  0x000002e9df91aa90 JavaThread "Execution worker Thread 4" [_thread_blocked, id=43176, stack(0x000000f082800000,0x000000f082900000)]
  0x000002e9df914040 JavaThread "Execution worker Thread 5" [_thread_in_vm, id=50892, stack(0x000000f082900000,0x000000f082a00000)]
  0x000002e9df914f70 JavaThread "Execution worker Thread 6" [_thread_blocked, id=1736, stack(0x000000f082a00000,0x000000f082b00000)]
  0x000002e9df919b60 JavaThread "Execution worker Thread 7" [_thread_blocked, id=53780, stack(0x000000f082b00000,0x000000f082c00000)]
  0x000002e9df9168c0 JavaThread "Cache worker for execution history cache (C:\Users\anand\Amaterasu\node_modules\@react-native\gradle-plugin\.gradle\8.6\executionHistory)" [_thread_blocked, id=2948, stack(0x000000f082c00000,0x000000f082d00000)]
  0x000002e9df914550 JavaThread "Unconstrained build operations Thread 10" [_thread_blocked, id=33100, stack(0x000000f082d00000,0x000000f082e00000)]
  0x000002e9df913b30 JavaThread "Unconstrained build operations Thread 11" [_thread_blocked, id=35736, stack(0x000000f082e00000,0x000000f082f00000)]
  0x000002e9df91afa0 JavaThread "Unconstrained build operations Thread 12" [_thread_blocked, id=18140, stack(0x000000f082f00000,0x000000f083000000)]
  0x000002e9df918210 JavaThread "Unconstrained build operations Thread 13" [_thread_blocked, id=47964, stack(0x000000f083000000,0x000000f083100000)]
  0x000002e9df91b4b0 JavaThread "Unconstrained build operations Thread 14" [_thread_blocked, id=51416, stack(0x000000f083100000,0x000000f083200000)]
  0x000002e9df915480 JavaThread "Unconstrained build operations Thread 15" [_thread_blocked, id=39288, stack(0x000000f083200000,0x000000f083300000)]
  0x000002e9df915990 JavaThread "Unconstrained build operations Thread 16" [_thread_blocked, id=21336, stack(0x000000f083300000,0x000000f083400000)]
  0x000002e9e709e6b0 JavaThread "Unconstrained build operations Thread 17" [_thread_blocked, id=14072, stack(0x000000f083400000,0x000000f083500000)]
  0x000002e9e709ebc0 JavaThread "Unconstrained build operations Thread 18" [_thread_blocked, id=53820, stack(0x000000f083500000,0x000000f083600000)]
  0x000002e9e709a9f0 JavaThread "Unconstrained build operations Thread 19" [_thread_blocked, id=21892, stack(0x000000f083600000,0x000000f083700000)]
  0x000002e9e709af00 JavaThread "Unconstrained build operations Thread 20" [_thread_blocked, id=51136, stack(0x000000f083700000,0x000000f083800000)]
  0x000002e9e70a0f30 JavaThread "Unconstrained build operations Thread 21" [_thread_blocked, id=48432, stack(0x000000f083800000,0x000000f083900000)]
  0x000002e9e709b920 JavaThread "Unconstrained build operations Thread 22" [_thread_blocked, id=53244, stack(0x000000f083900000,0x000000f083a00000)]
  0x000002e9e709b410 JavaThread "Unconstrained build operations Thread 23" [_thread_blocked, id=54212, stack(0x000000f083a00000,0x000000f083b00000)]
  0x000002e9e709f5e0 JavaThread "Unconstrained build operations Thread 24" [_thread_blocked, id=44036, stack(0x000000f083b00000,0x000000f083c00000)]
  0x000002e9e709cd60 JavaThread "Unconstrained build operations Thread 25" [_thread_blocked, id=32012, stack(0x000000f083c00000,0x000000f083d00000)]
  0x000002e9e709faf0 JavaThread "build event listener" [_thread_blocked, id=26900, stack(0x000000f083d00000,0x000000f083e00000)]
  0x000002e9e709c340 JavaThread "Unconstrained build operations Thread 26" [_thread_blocked, id=18268, stack(0x000000f083e00000,0x000000f083f00000)]
  0x000002e9e70a0000 JavaThread "Unconstrained build operations Thread 27" [_thread_blocked, id=50256, stack(0x000000f083f00000,0x000000f084000000)]
  0x000002e9e7099ac0 JavaThread "Unconstrained build operations Thread 28" [_thread_blocked, id=48348, stack(0x000000f084000000,0x000000f084100000)]
  0x000002e9e70a0510 JavaThread "Unconstrained build operations Thread 29" [_thread_blocked, id=27720, stack(0x000000f084100000,0x000000f084200000)]
  0x000002e9e70a0a20 JavaThread "Unconstrained build operations Thread 30" [_thread_blocked, id=43432, stack(0x000000f084200000,0x000000f084300000)]
  0x000002e9e70a1440 JavaThread "Unconstrained build operations Thread 31" [_thread_blocked, id=7260, stack(0x000000f084300000,0x000000f084400000)]
  0x000002e9e709a4e0 JavaThread "Unconstrained build operations Thread 32" [_thread_blocked, id=14460, stack(0x000000f084400000,0x000000f084500000)]
  0x000002e9dad6a290 JavaThread "Unconstrained build operations Thread 33" [_thread_blocked, id=38224, stack(0x000000f084500000,0x000000f084600000)]
  0x000002e9dad6a7a0 JavaThread "Unconstrained build operations Thread 34" [_thread_blocked, id=37716, stack(0x000000f084600000,0x000000f084700000)]
  0x000002e9dad6b1c0 JavaThread "Unconstrained build operations Thread 35" [_thread_blocked, id=44464, stack(0x000000f084700000,0x000000f084800000)]
  0x000002e9dad656a0 JavaThread "Unconstrained build operations Thread 36" [_thread_blocked, id=30080, stack(0x000000f084800000,0x000000f084900000)]
  0x000002e9dad64770 JavaThread "Unconstrained build operations Thread 37" [_thread_blocked, id=11256, stack(0x000000f084900000,0x000000f084a00000)]
  0x000002e9dad660c0 JavaThread "Unconstrained build operations Thread 38" [_thread_blocked, id=28828, stack(0x000000f084a00000,0x000000f084b00000)]
  0x000002e9dad68430 JavaThread "Unconstrained build operations Thread 39" [_thread_blocked, id=43524, stack(0x000000f084b00000,0x000000f084c00000)]
  0x000002e9dad67500 JavaThread "Unconstrained build operations Thread 40" [_thread_blocked, id=31272, stack(0x000000f084c00000,0x000000f084d00000)]
  0x000002e9dad68e50 JavaThread "Unconstrained build operations Thread 41" [_thread_blocked, id=46636, stack(0x000000f084d00000,0x000000f084e00000)]
  0x000002e9dad6acb0 JavaThread "Unconstrained build operations Thread 42" [_thread_blocked, id=27080, stack(0x000000f084e00000,0x000000f084f00000)]
  0x000002e9dad63d50 JavaThread "Unconstrained build operations Thread 43" [_thread_blocked, id=53388, stack(0x000000f084f00000,0x000000f085000000)]
  0x000002e9dad665d0 JavaThread "Unconstrained build operations Thread 44" [_thread_blocked, id=42680, stack(0x000000f085000000,0x000000f085100000)]
  0x000002e9dad64260 JavaThread "Unconstrained build operations Thread 45" [_thread_blocked, id=23740, stack(0x000000f085100000,0x000000f085200000)]
  0x000002e9dad67a10 JavaThread "Unconstrained build operations Thread 46" [_thread_blocked, id=12568, stack(0x000000f085200000,0x000000f085300000)]
  0x000002e9dad68940 JavaThread "Unconstrained build operations Thread 47" [_thread_blocked, id=41784, stack(0x000000f085300000,0x000000f085400000)]
  0x000002e9dad69360 JavaThread "Unconstrained build operations Thread 48" [_thread_blocked, id=50804, stack(0x000000f085400000,0x000000f085500000)]
  0x000002e9e7ab5860 JavaThread "Unconstrained build operations Thread 49" [_thread_blocked, id=19720, stack(0x000000f085500000,0x000000f085600000)]
  0x000002e9e7ab6280 JavaThread "Unconstrained build operations Thread 50" [_thread_blocked, id=38408, stack(0x000000f085600000,0x000000f085700000)]
  0x000002e9e7abb380 JavaThread "Unconstrained build operations Thread 51" [_thread_blocked, id=51560, stack(0x000000f085700000,0x000000f085800000)]
  0x000002e9e7ab8b00 JavaThread "Unconstrained build operations Thread 52" [_thread_blocked, id=32208, stack(0x000000f085800000,0x000000f085900000)]
  0x000002e9e7ab4420 JavaThread "Unconstrained build operations Thread 53" [_thread_blocked, id=39408, stack(0x000000f085900000,0x000000f085a00000)]
  0x000002e9e7ab80e0 JavaThread "Unconstrained build operations Thread 54" [_thread_blocked, id=50500, stack(0x000000f085a00000,0x000000f085b00000)]
  0x000002e9e7ab9a30 JavaThread "Unconstrained build operations Thread 55" [_thread_blocked, id=52420, stack(0x000000f085b00000,0x000000f085c00000)]
  0x000002e9e7aba960 JavaThread "Unconstrained build operations Thread 56" [_thread_blocked, id=45348, stack(0x000000f085c00000,0x000000f085d00000)]
  0x000002e9e7ab71b0 JavaThread "Unconstrained build operations Thread 57" [_thread_blocked, id=49136, stack(0x000000f085d00000,0x000000f085e00000)]
  0x000002e9e7abae70 JavaThread "Unconstrained build operations Thread 58" [_thread_blocked, id=52600, stack(0x000000f085e00000,0x000000f085f00000)]
  0x000002e9e7ab3f10 JavaThread "Unconstrained build operations Thread 59" [_thread_blocked, id=1148, stack(0x000000f085f00000,0x000000f086000000)]
  0x000002e9e7ab76c0 JavaThread "Unconstrained build operations Thread 60" [_thread_blocked, id=51640, stack(0x000000f086000000,0x000000f086100000)]
  0x000002e9e7ab9010 JavaThread "Unconstrained build operations Thread 61" [_thread_blocked, id=5236, stack(0x000000f086100000,0x000000f086200000)]
  0x000002e9e7ab9520 JavaThread "Unconstrained build operations Thread 62" [_thread_blocked, id=43088, stack(0x000000f086200000,0x000000f086300000)]
  0x000002e9e7ab4e40 JavaThread "Unconstrained build operations Thread 63" [_thread_blocked, id=10304, stack(0x000000f086300000,0x000000f086400000)]
  0x000002e9e7ab7bd0 JavaThread "Unconstrained build operations Thread 64" [_thread_blocked, id=34324, stack(0x000000f086400000,0x000000f086500000)]
  0x000002e9e0b31c90 JavaThread "Unconstrained build operations Thread 65" [_thread_blocked, id=51908, stack(0x000000f086500000,0x000000f086600000)]
  0x000002e9e0b2e9f0 JavaThread "Unconstrained build operations Thread 66" [_thread_blocked, id=24632, stack(0x000000f086600000,0x000000f086700000)]
  0x000002e9e0b34000 JavaThread "Unconstrained build operations Thread 67" [_thread_blocked, id=43272, stack(0x000000f086700000,0x000000f086800000)]
  0x000002e9e0b2dfd0 JavaThread "Unconstrained build operations Thread 68" [_thread_blocked, id=20700, stack(0x000000f086800000,0x000000f086900000)]
  0x000002e9e0b2f920 JavaThread "Unconstrained build operations Thread 69" [_thread_blocked, id=50416, stack(0x000000f086900000,0x000000f086a00000)]
  0x000002e9e0b34510 JavaThread "Unconstrained build operations Thread 70" [_thread_blocked, id=6792, stack(0x000000f086a00000,0x000000f086b00000)]
  0x000002e9e0b335e0 JavaThread "Unconstrained build operations Thread 71" [_thread_blocked, id=53440, stack(0x000000f086b00000,0x000000f086c00000)]
  0x000002e9e0b326b0 JavaThread "Unconstrained build operations Thread 72" [_thread_blocked, id=13900, stack(0x000000f086c00000,0x000000f086d00000)]
  0x000002e9e0b330d0 JavaThread "Unconstrained build operations Thread 73" [_thread_blocked, id=53712, stack(0x000000f086d00000,0x000000f086e00000)]
  0x000002e9e0b2ef00 JavaThread "Unconstrained build operations Thread 74" [_thread_blocked, id=47900, stack(0x000000f086e00000,0x000000f086f00000)]
  0x000002e9e0b31780 JavaThread "Cache worker for execution history cache (C:\Users\anand\Amaterasu\android\.gradle\8.6\executionHistory)" [_thread_blocked, id=5440, stack(0x000000f086f00000,0x000000f087000000)]
  0x000002e9e0b2f410 JavaThread "Unconstrained build operations Thread 75" [_thread_blocked, id=17752, stack(0x000000f087000000,0x000000f087100000)]
  0x000002e9e0b2fe30 JavaThread "Unconstrained build operations Thread 76" [_thread_blocked, id=19232, stack(0x000000f087100000,0x000000f087200000)]
  0x000002e9dde097c0 JavaThread "Unconstrained build operations Thread 77" [_thread_blocked, id=48988, stack(0x000000f087200000,0x000000f087300000)]
  0x000002e9dde0c550 JavaThread "Unconstrained build operations Thread 78" [_thread_blocked, id=39744, stack(0x000000f087300000,0x000000f087400000)]
  0x000002e9dde0a1e0 JavaThread "Unconstrained build operations Thread 79" [_thread_blocked, id=49636, stack(0x000000f087400000,0x000000f087500000)]
  0x000002e9dde0c040 JavaThread "Unconstrained build operations Thread 80" [_thread_blocked, id=50060, stack(0x000000f087500000,0x000000f087600000)]
  0x000002e9dde055f0 JavaThread "WorkerExecutor Queue" [_thread_blocked, id=18208, stack(0x000000f087600000,0x000000f087700000)]
  0x000002e9e089f140 JavaThread "WorkerExecutor Queue Thread 2" [_thread_blocked, id=36428, stack(0x000000f087700000,0x000000f087800000)]
  0x000002e9e089cdd0 JavaThread "WorkerExecutor Queue Thread 3" [_thread_blocked, id=35088, stack(0x000000f087800000,0x000000f087900000)]
  0x000002e9e08a0070 JavaThread "pool-13-thread-1" [_thread_blocked, id=21212, stack(0x000000f087900000,0x000000f087a00000)]
  0x000002e9e089dd00 JavaThread "stderr" [_thread_in_native, id=17668, stack(0x000000f081b00000,0x000000f081c00000)]
  0x000002e9e089f650 JavaThread "stdout" [_thread_in_native, id=52492, stack(0x000000f087a00000,0x000000f087b00000)]
  0x000002e9e7822630 JavaThread "WorkerExecutor Queue Thread 4" [_thread_blocked, id=10276, stack(0x000000f087b00000,0x000000f087c00000)]
  0x000002e9e7823050 JavaThread "WorkerExecutor Queue Thread 5" [_thread_blocked, id=50240, stack(0x000000f087c00000,0x000000f087d00000)]
  0x000002e9e7823560 JavaThread "WorkerExecutor Queue Thread 6" [_thread_blocked, id=32020, stack(0x000000f087d00000,0x000000f087e00000)]
  0x000002e9e7822b40 JavaThread "WorkerExecutor Queue Thread 7" [_thread_blocked, id=8780, stack(0x000000f087e00000,0x000000f087f00000)]

Other Threads:
  0x000002e9ba52b500 VMThread "VM Thread" [stack: 0x000000f0f7000000,0x000000f0f7100000] [id=19724]
  0x000002e9ba830200 WatcherThread [stack: 0x000000f0f7c00000,0x000000f0f7d00000] [id=28360]
  0x000002e99c10a9e0 GCTaskThread "GC Thread#0" [stack: 0x000000f0f6b00000,0x000000f0f6c00000] [id=41392]
  0x000002e9daae4140 GCTaskThread "GC Thread#1" [stack: 0x000000f0f7f00000,0x000000f0f8000000] [id=14148]
  0x000002e9da822240 GCTaskThread "GC Thread#2" [stack: 0x000000f0f8000000,0x000000f0f8100000] [id=21308]
  0x000002e9dafa8d00 GCTaskThread "GC Thread#3" [stack: 0x000000f0f8100000,0x000000f0f8200000] [id=37584]
  0x000002e9da717310 GCTaskThread "GC Thread#4" [stack: 0x000000f0f8200000,0x000000f0f8300000] [id=18612]
  0x000002e9db925bb0 GCTaskThread "GC Thread#5" [stack: 0x000000f0f8f00000,0x000000f0f9000000] [id=54100]
  0x000002e9db598020 GCTaskThread "GC Thread#6" [stack: 0x000000f0f9000000,0x000000f0f9100000] [id=53764]
  0x000002e9db5982e0 GCTaskThread "GC Thread#7" [stack: 0x000000f0f9100000,0x000000f0f9200000] [id=6492]
  0x000002e99c11c940 ConcurrentGCThread "G1 Main Marker" [stack: 0x000000f0f6c00000,0x000000f0f6d00000] [id=29140]
  0x000002e99c11db00 ConcurrentGCThread "G1 Conc#0" [stack: 0x000000f0f6d00000,0x000000f0f6e00000] [id=17232]
  0x000002e9dc155000 ConcurrentGCThread "G1 Conc#1" [stack: 0x000000f0f9500000,0x000000f0f9600000] [id=48624]
  0x000002e99c15eb10 ConcurrentGCThread "G1 Refine#0" [stack: 0x000000f0f6e00000,0x000000f0f6f00000] [id=33136]
  0x000002e9dcd6b560 ConcurrentGCThread "G1 Refine#1" [stack: 0x000000f0fd900000,0x000000f0fda00000] [id=53724]
  0x000002e9dcd6af80 ConcurrentGCThread "G1 Refine#2" [stack: 0x000000f0fdb00000,0x000000f0fdc00000] [id=53696]
  0x000002e9ba3c8750 ConcurrentGCThread "G1 Service" [stack: 0x000000f0f6f00000,0x000000f0f7000000] [id=33668]

Threads with active compile tasks:
C2 CompilerThread0  3380514 35973   !   4       org.gradle.execution.plan.DefaultFinalizedExecutionPlan::recordNodeCompleted (175 bytes)

VM state: not at safepoint (normal execution)

VM Mutex/Monitor currently owned by a thread: None

Heap address: 0x0000000080000000, size: 2048 MB, Compressed Oops mode: 32-bit

CDS archive(s) mapped at: [0x000002e9bb000000-0x000002e9bbbb0000-0x000002e9bbbb0000), size 12255232, SharedBaseAddress: 0x000002e9bb000000, ArchiveRelocationMode: 1.
Compressed class space mapped at: 0x000002e9bc000000-0x000002e9d6000000, reserved size: 436207616
Narrow klass base: 0x000002e9bb000000, Narrow klass shift: 0, Narrow klass range: 0x100000000

GC Precious Log:
 CPUs: 8 total, 8 available
 Memory: 8029M
 Large Page Support: Disabled
 NUMA Support: Disabled
 Compressed Oops: Enabled (32-bit)
 Heap Region Size: 1M
 Heap Min Capacity: 8M
 Heap Initial Capacity: 126M
 Heap Max Capacity: 2G
 Pre-touch: Disabled
 Parallel Workers: 8
 Concurrent Workers: 2
 Concurrent Refinement Workers: 8
 Periodic GC: Disabled

Heap:
 garbage-first heap   total 1153024K, used 494592K [0x0000000080000000, 0x0000000100000000)
  region size 1024K, 81 young (82944K), 17 survivors (17408K)
 Metaspace       used 152907K, committed 155264K, reserved 622592K
  class space    used 20147K, committed 21248K, reserved 425984K

Heap Regions: E=young(eden), S=young(survivor), O=old, HS=humongous(starts), HC=humongous(continues), CS=collection set, F=free, OA=open archive, CA=closed archive, TAMS=top-at-mark-start (previous, next)
|   0|0x0000000080000000, 0x0000000080100000, 0x0000000080100000|100%|HS|  |TAMS 0x0000000080100000, 0x0000000080000000| Complete 
|   1|0x0000000080100000, 0x0000000080200000, 0x0000000080200000|100%|HC|  |TAMS 0x0000000080200000, 0x0000000080100000| Complete 
|   2|0x0000000080200000, 0x0000000080300000, 0x0000000080300000|100%|HC|  |TAMS 0x0000000080300000, 0x0000000080200000| Complete 
|   3|0x0000000080300000, 0x0000000080400000, 0x0000000080400000|100%|HC|  |TAMS 0x0000000080400000, 0x0000000080300000| Complete 
|   4|0x0000000080400000, 0x0000000080500000, 0x0000000080500000|100%| O|  |TAMS 0x0000000080500000, 0x0000000080400000| Untracked 
|   5|0x0000000080500000, 0x0000000080600000, 0x0000000080600000|100%| O|  |TAMS 0x0000000080600000, 0x0000000080500000| Untracked 
|   6|0x0000000080600000, 0x0000000080700000, 0x0000000080700000|100%| O|  |TAMS 0x0000000080700000, 0x0000000080600000| Untracked 
|   7|0x0000000080700000, 0x0000000080800000, 0x0000000080800000|100%| O|  |TAMS 0x0000000080800000, 0x0000000080700000| Untracked 
|   8|0x0000000080800000, 0x0000000080900000, 0x0000000080900000|100%| O|  |TAMS 0x0000000080900000, 0x0000000080800000| Untracked 
|   9|0x0000000080900000, 0x0000000080a00000, 0x0000000080a00000|100%| O|  |TAMS 0x0000000080a00000, 0x0000000080900000| Untracked 
|  10|0x0000000080a00000, 0x0000000080b00000, 0x0000000080b00000|100%| O|  |TAMS 0x0000000080b00000, 0x0000000080a00000| Untracked 
|  11|0x0000000080b00000, 0x0000000080c00000, 0x0000000080c00000|100%| O|  |TAMS 0x0000000080c00000, 0x0000000080b00000| Untracked 
|  12|0x0000000080c00000, 0x0000000080d00000, 0x0000000080d00000|100%| O|  |TAMS 0x0000000080d00000, 0x0000000080c00000| Untracked 
|  13|0x0000000080d00000, 0x0000000080e00000, 0x0000000080e00000|100%| O|  |TAMS 0x0000000080e00000, 0x0000000080d00000| Untracked 
|  14|0x0000000080e00000, 0x0000000080f00000, 0x0000000080f00000|100%| O|  |TAMS 0x0000000080f00000, 0x0000000080e00000| Untracked 
|  15|0x0000000080f00000, 0x0000000081000000, 0x0000000081000000|100%| O|  |TAMS 0x0000000081000000, 0x0000000080f00000| Untracked 
|  16|0x0000000081000000, 0x0000000081100000, 0x0000000081100000|100%| O|  |TAMS 0x0000000081100000, 0x0000000081000000| Untracked 
|  17|0x0000000081100000, 0x0000000081200000, 0x0000000081200000|100%| O|  |TAMS 0x0000000081200000, 0x0000000081100000| Untracked 
|  18|0x0000000081200000, 0x0000000081300000, 0x0000000081300000|100%| O|  |TAMS 0x0000000081300000, 0x0000000081200000| Untracked 
|  19|0x0000000081300000, 0x0000000081400000, 0x0000000081400000|100%| O|  |TAMS 0x0000000081400000, 0x0000000081300000| Untracked 
|  20|0x0000000081400000, 0x0000000081500000, 0x0000000081500000|100%| O|  |TAMS 0x0000000081500000, 0x0000000081400000| Untracked 
|  21|0x0000000081500000, 0x0000000081600000, 0x0000000081600000|100%| O|  |TAMS 0x0000000081600000, 0x0000000081500000| Untracked 
|  22|0x0000000081600000, 0x0000000081700000, 0x0000000081700000|100%| O|  |TAMS 0x0000000081700000, 0x0000000081600000| Untracked 
|  23|0x0000000081700000, 0x0000000081800000, 0x0000000081800000|100%| O|  |TAMS 0x0000000081800000, 0x0000000081700000| Untracked 
|  24|0x0000000081800000, 0x0000000081900000, 0x0000000081900000|100%| O|  |TAMS 0x0000000081900000, 0x0000000081800000| Untracked 
|  25|0x0000000081900000, 0x0000000081a00000, 0x0000000081a00000|100%| O|  |TAMS 0x0000000081a00000, 0x0000000081900000| Untracked 
|  26|0x0000000081a00000, 0x0000000081b00000, 0x0000000081b00000|100%| O|  |TAMS 0x0000000081b00000, 0x0000000081a00000| Untracked 
|  27|0x0000000081b00000, 0x0000000081c00000, 0x0000000081c00000|100%| O|  |TAMS 0x0000000081c00000, 0x0000000081b00000| Untracked 
|  28|0x0000000081c00000, 0x0000000081d00000, 0x0000000081d00000|100%| O|  |TAMS 0x0000000081d00000, 0x0000000081c00000| Untracked 
|  29|0x0000000081d00000, 0x0000000081e00000, 0x0000000081e00000|100%| O|  |TAMS 0x0000000081e00000, 0x0000000081d00000| Untracked 
|  30|0x0000000081e00000, 0x0000000081f00000, 0x0000000081f00000|100%|HS|  |TAMS 0x0000000081f00000, 0x0000000081e00000| Complete 
|  31|0x0000000081f00000, 0x0000000082000000, 0x0000000082000000|100%| O|  |TAMS 0x0000000082000000, 0x0000000081f00000| Untracked 
|  32|0x0000000082000000, 0x0000000082100000, 0x0000000082100000|100%| O|  |TAMS 0x0000000082100000, 0x0000000082000000| Untracked 
|  33|0x0000000082100000, 0x0000000082200000, 0x0000000082200000|100%| O|  |TAMS 0x0000000082200000, 0x0000000082100000| Untracked 
|  34|0x0000000082200000, 0x0000000082300000, 0x0000000082300000|100%| O|  |TAMS 0x0000000082300000, 0x0000000082200000| Untracked 
|  35|0x0000000082300000, 0x0000000082400000, 0x0000000082400000|100%| O|  |TAMS 0x0000000082400000, 0x0000000082300000| Untracked 
|  36|0x0000000082400000, 0x0000000082500000, 0x0000000082500000|100%| O|  |TAMS 0x0000000082500000, 0x0000000082400000| Untracked 
|  37|0x0000000082500000, 0x0000000082600000, 0x0000000082600000|100%| O|  |TAMS 0x0000000082600000, 0x0000000082500000| Untracked 
|  38|0x0000000082600000, 0x0000000082700000, 0x0000000082700000|100%| O|  |TAMS 0x0000000082700000, 0x0000000082600000| Untracked 
|  39|0x0000000082700000, 0x0000000082800000, 0x0000000082800000|100%| O|  |TAMS 0x0000000082800000, 0x0000000082700000| Untracked 
|  40|0x0000000082800000, 0x0000000082900000, 0x0000000082900000|100%| O|  |TAMS 0x0000000082900000, 0x0000000082800000| Untracked 
|  41|0x0000000082900000, 0x0000000082a00000, 0x0000000082a00000|100%|HS|  |TAMS 0x0000000082a00000, 0x0000000082900000| Complete 
|  42|0x0000000082a00000, 0x0000000082b00000, 0x0000000082b00000|100%|HC|  |TAMS 0x0000000082b00000, 0x0000000082a00000| Complete 
|  43|0x0000000082b00000, 0x0000000082c00000, 0x0000000082c00000|100%|HS|  |TAMS 0x0000000082c00000, 0x0000000082b00000| Complete 
|  44|0x0000000082c00000, 0x0000000082d00000, 0x0000000082d00000|100%|HC|  |TAMS 0x0000000082d00000, 0x0000000082c00000| Complete 
|  45|0x0000000082d00000, 0x0000000082e00000, 0x0000000082e00000|100%| O|  |TAMS 0x0000000082d00000, 0x0000000082d00000| Untracked 
|  46|0x0000000082e00000, 0x0000000082f00000, 0x0000000082f00000|100%| O|  |TAMS 0x0000000082e00000, 0x0000000082e00000| Untracked 
|  47|0x0000000082f00000, 0x0000000083000000, 0x0000000083000000|100%|HS|  |TAMS 0x0000000083000000, 0x0000000082f00000| Complete 
|  48|0x0000000083000000, 0x0000000083100000, 0x0000000083100000|100%| O|  |TAMS 0x0000000083100000, 0x0000000083000000| Untracked 
|  49|0x0000000083100000, 0x0000000083200000, 0x0000000083200000|100%| O|  |TAMS 0x0000000083200000, 0x0000000083100000| Untracked 
|  50|0x0000000083200000, 0x0000000083300000, 0x0000000083300000|100%| O|  |TAMS 0x0000000083300000, 0x0000000083200000| Untracked 
|  51|0x0000000083300000, 0x0000000083400000, 0x0000000083400000|100%|HS|  |TAMS 0x0000000083400000, 0x0000000083300000| Complete 
|  52|0x0000000083400000, 0x0000000083500000, 0x0000000083500000|100%|HC|  |TAMS 0x0000000083500000, 0x0000000083400000| Complete 
|  53|0x0000000083500000, 0x0000000083600000, 0x0000000083600000|100%|HC|  |TAMS 0x0000000083600000, 0x0000000083500000| Complete 
|  54|0x0000000083600000, 0x0000000083700000, 0x0000000083700000|100%|HC|  |TAMS 0x0000000083700000, 0x0000000083600000| Complete 
|  55|0x0000000083700000, 0x0000000083800000, 0x0000000083800000|100%|HS|  |TAMS 0x0000000083800000, 0x0000000083700000| Complete 
|  56|0x0000000083800000, 0x0000000083900000, 0x0000000083900000|100%|HC|  |TAMS 0x0000000083900000, 0x0000000083800000| Complete 
|  57|0x0000000083900000, 0x0000000083a00000, 0x0000000083a00000|100%|HC|  |TAMS 0x0000000083a00000, 0x0000000083900000| Complete 
|  58|0x0000000083a00000, 0x0000000083b00000, 0x0000000083b00000|100%|HC|  |TAMS 0x0000000083b00000, 0x0000000083a00000| Complete 
|  59|0x0000000083b00000, 0x0000000083c00000, 0x0000000083c00000|100%| O|  |TAMS 0x0000000083c00000, 0x0000000083b00000| Untracked 
|  60|0x0000000083c00000, 0x0000000083d00000, 0x0000000083d00000|100%| O|  |TAMS 0x0000000083d00000, 0x0000000083c00000| Untracked 
|  61|0x0000000083d00000, 0x0000000083e00000, 0x0000000083e00000|100%| O|  |TAMS 0x0000000083e00000, 0x0000000083d00000| Untracked 
|  62|0x0000000083e00000, 0x0000000083f00000, 0x0000000083f00000|100%| O|  |TAMS 0x0000000083f00000, 0x0000000083e00000| Untracked 
|  63|0x0000000083f00000, 0x0000000084000000, 0x0000000084000000|100%| O|  |TAMS 0x0000000084000000, 0x0000000083f00000| Untracked 
|  64|0x0000000084000000, 0x0000000084100000, 0x0000000084100000|100%|HS|  |TAMS 0x0000000084100000, 0x0000000084000000| Complete 
|  65|0x0000000084100000, 0x0000000084200000, 0x0000000084200000|100%|HS|  |TAMS 0x0000000084200000, 0x0000000084100000| Complete 
|  66|0x0000000084200000, 0x0000000084300000, 0x0000000084300000|100%| O|  |TAMS 0x0000000084300000, 0x0000000084200000| Untracked 
|  67|0x0000000084300000, 0x0000000084400000, 0x0000000084400000|100%|HS|  |TAMS 0x0000000084400000, 0x0000000084300000| Complete 
|  68|0x0000000084400000, 0x0000000084500000, 0x0000000084500000|100%|HS|  |TAMS 0x0000000084500000, 0x0000000084400000| Complete 
|  69|0x0000000084500000, 0x0000000084600000, 0x0000000084600000|100%| O|  |TAMS 0x0000000084600000, 0x0000000084500000| Untracked 
|  70|0x0000000084600000, 0x0000000084700000, 0x0000000084700000|100%| O|  |TAMS 0x0000000084700000, 0x0000000084600000| Untracked 
|  71|0x0000000084700000, 0x0000000084800000, 0x0000000084800000|100%| O|  |TAMS 0x0000000084800000, 0x0000000084700000| Untracked 
|  72|0x0000000084800000, 0x0000000084900000, 0x0000000084900000|100%| O|  |TAMS 0x0000000084900000, 0x0000000084800000| Untracked 
|  73|0x0000000084900000, 0x0000000084a00000, 0x0000000084a00000|100%| O|  |TAMS 0x0000000084a00000, 0x0000000084900000| Untracked 
|  74|0x0000000084a00000, 0x0000000084b00000, 0x0000000084b00000|100%| O|  |TAMS 0x0000000084a00000, 0x0000000084a00000| Untracked 
|  75|0x0000000084b00000, 0x0000000084c00000, 0x0000000084c00000|100%| O|  |TAMS 0x0000000084b00000, 0x0000000084b00000| Untracked 
|  76|0x0000000084c00000, 0x0000000084d00000, 0x0000000084d00000|100%| O|  |TAMS 0x0000000084d00000, 0x0000000084c00000| Untracked 
|  77|0x0000000084d00000, 0x0000000084e00000, 0x0000000084e00000|100%| O|  |TAMS 0x0000000084e00000, 0x0000000084d00000| Untracked 
|  78|0x0000000084e00000, 0x0000000084f00000, 0x0000000084f00000|100%| O|  |TAMS 0x0000000084e00000, 0x0000000084e00000| Untracked 
|  79|0x0000000084f00000, 0x0000000085000000, 0x0000000085000000|100%| O|  |TAMS 0x0000000085000000, 0x0000000084f00000| Untracked 
|  80|0x0000000085000000, 0x0000000085100000, 0x0000000085100000|100%| O|  |TAMS 0x0000000085100000, 0x0000000085000000| Untracked 
|  81|0x0000000085100000, 0x0000000085200000, 0x0000000085200000|100%| O|  |TAMS 0x0000000085100000, 0x0000000085100000| Untracked 
|  82|0x0000000085200000, 0x0000000085300000, 0x0000000085300000|100%| O|  |TAMS 0x0000000085300000, 0x0000000085200000| Untracked 
|  83|0x0000000085300000, 0x0000000085400000, 0x0000000085400000|100%| O|  |TAMS 0x0000000085400000, 0x0000000085300000| Untracked 
|  84|0x0000000085400000, 0x0000000085500000, 0x0000000085500000|100%| O|  |TAMS 0x0000000085500000, 0x0000000085400000| Untracked 
|  85|0x0000000085500000, 0x0000000085600000, 0x0000000085600000|100%| O|  |TAMS 0x0000000085600000, 0x0000000085500000| Untracked 
|  86|0x0000000085600000, 0x0000000085700000, 0x0000000085700000|100%| O|  |TAMS 0x0000000085700000, 0x0000000085600000| Untracked 
|  87|0x0000000085700000, 0x0000000085800000, 0x0000000085800000|100%| O|  |TAMS 0x0000000085700000, 0x0000000085700000| Untracked 
|  88|0x0000000085800000, 0x0000000085900000, 0x0000000085900000|100%|HS|  |TAMS 0x0000000085900000, 0x0000000085800000| Complete 
|  89|0x0000000085900000, 0x0000000085a00000, 0x0000000085a00000|100%| O|  |TAMS 0x0000000085a00000, 0x0000000085900000| Untracked 
|  90|0x0000000085a00000, 0x0000000085b00000, 0x0000000085b00000|100%| O|  |TAMS 0x0000000085b00000, 0x0000000085a00000| Untracked 
|  91|0x0000000085b00000, 0x0000000085c00000, 0x0000000085c00000|100%| O|  |TAMS 0x0000000085c00000, 0x0000000085b00000| Untracked 
|  92|0x0000000085c00000, 0x0000000085d00000, 0x0000000085d00000|100%| O|  |TAMS 0x0000000085d00000, 0x0000000085c00000| Untracked 
|  93|0x0000000085d00000, 0x0000000085e00000, 0x0000000085e00000|100%| O|  |TAMS 0x0000000085d00000, 0x0000000085d00000| Untracked 
|  94|0x0000000085e00000, 0x0000000085f00000, 0x0000000085f00000|100%| O|  |TAMS 0x0000000085f00000, 0x0000000085e00000| Untracked 
|  95|0x0000000085f00000, 0x0000000086000000, 0x0000000086000000|100%| O|  |TAMS 0x0000000086000000, 0x0000000085f00000| Untracked 
|  96|0x0000000086000000, 0x0000000086100000, 0x0000000086100000|100%| O|  |TAMS 0x0000000086100000, 0x0000000086000000| Untracked 
|  97|0x0000000086100000, 0x0000000086200000, 0x0000000086200000|100%| O|  |TAMS 0x0000000086200000, 0x0000000086100000| Untracked 
|  98|0x0000000086200000, 0x0000000086300000, 0x0000000086300000|100%| O|  |TAMS 0x0000000086300000, 0x0000000086200000| Untracked 
|  99|0x0000000086300000, 0x0000000086400000, 0x0000000086400000|100%| O|  |TAMS 0x0000000086400000, 0x0000000086300000| Untracked 
| 100|0x0000000086400000, 0x0000000086500000, 0x0000000086500000|100%| O|  |TAMS 0x0000000086500000, 0x0000000086400000| Untracked 
| 101|0x0000000086500000, 0x0000000086600000, 0x0000000086600000|100%| O|  |TAMS 0x0000000086500000, 0x0000000086500000| Untracked 
| 102|0x0000000086600000, 0x0000000086700000, 0x0000000086700000|100%| O|  |TAMS 0x0000000086600000, 0x0000000086600000| Untracked 
| 103|0x0000000086700000, 0x0000000086800000, 0x0000000086800000|100%| O|  |TAMS 0x0000000086700000, 0x0000000086700000| Untracked 
| 104|0x0000000086800000, 0x0000000086900000, 0x0000000086900000|100%| O|  |TAMS 0x0000000086900000, 0x0000000086800000| Untracked 
| 105|0x0000000086900000, 0x0000000086a00000, 0x0000000086a00000|100%| O|  |TAMS 0x0000000086a00000, 0x0000000086900000| Untracked 
| 106|0x0000000086a00000, 0x0000000086b00000, 0x0000000086b00000|100%| O|  |TAMS 0x0000000086b00000, 0x0000000086a00000| Untracked 
| 107|0x0000000086b00000, 0x0000000086c00000, 0x0000000086c00000|100%| O|  |TAMS 0x0000000086c00000, 0x0000000086b00000| Untracked 
| 108|0x0000000086c00000, 0x0000000086d00000, 0x0000000086d00000|100%| O|  |TAMS 0x0000000086d00000, 0x0000000086c00000| Untracked 
| 109|0x0000000086d00000, 0x0000000086e00000, 0x0000000086e00000|100%| O|  |TAMS 0x0000000086e00000, 0x0000000086d00000| Untracked 
| 110|0x0000000086e00000, 0x0000000086f00000, 0x0000000086f00000|100%| O|  |TAMS 0x0000000086f00000, 0x0000000086e00000| Untracked 
| 111|0x0000000086f00000, 0x0000000087000000, 0x0000000087000000|100%| O|  |TAMS 0x0000000087000000, 0x0000000086f00000| Untracked 
| 112|0x0000000087000000, 0x0000000087100000, 0x0000000087100000|100%| O|  |TAMS 0x0000000087100000, 0x0000000087000000| Untracked 
| 113|0x0000000087100000, 0x0000000087200000, 0x0000000087200000|100%| O|  |TAMS 0x0000000087100000, 0x0000000087100000| Untracked 
| 114|0x0000000087200000, 0x0000000087300000, 0x0000000087300000|100%| O|  |TAMS 0x0000000087200000, 0x0000000087200000| Untracked 
| 115|0x0000000087300000, 0x0000000087400000, 0x0000000087400000|100%| O|  |TAMS 0x0000000087300000, 0x0000000087300000| Untracked 
| 116|0x0000000087400000, 0x0000000087500000, 0x0000000087500000|100%| O|  |TAMS 0x0000000087400000, 0x0000000087400000| Untracked 
| 117|0x0000000087500000, 0x0000000087600000, 0x0000000087600000|100%| O|  |TAMS 0x0000000087500000, 0x0000000087500000| Untracked 
| 118|0x0000000087600000, 0x0000000087700000, 0x0000000087700000|100%| O|  |TAMS 0x0000000087600000, 0x0000000087600000| Untracked 
| 119|0x0000000087700000, 0x0000000087800000, 0x0000000087800000|100%| O|  |TAMS 0x0000000087700000, 0x0000000087700000| Untracked 
| 120|0x0000000087800000, 0x0000000087900000, 0x0000000087900000|100%| O|  |TAMS 0x0000000087800000, 0x0000000087800000| Untracked 
| 121|0x0000000087900000, 0x0000000087a00000, 0x0000000087a00000|100%| O|  |TAMS 0x0000000087900000, 0x0000000087900000| Untracked 
| 122|0x0000000087a00000, 0x0000000087b00000, 0x0000000087b00000|100%| O|  |TAMS 0x0000000087a00000, 0x0000000087a00000| Untracked 
| 123|0x0000000087b00000, 0x0000000087c00000, 0x0000000087c00000|100%| O|  |TAMS 0x0000000087b00000, 0x0000000087b00000| Untracked 
| 124|0x0000000087c00000, 0x0000000087d00000, 0x0000000087d00000|100%| O|  |TAMS 0x0000000087c00000, 0x0000000087c00000| Untracked 
| 125|0x0000000087d00000, 0x0000000087e00000, 0x0000000087e00000|100%| O|  |TAMS 0x0000000087d00000, 0x0000000087d00000| Untracked 
| 126|0x0000000087e00000, 0x0000000087f00000, 0x0000000087f00000|100%| O|  |TAMS 0x0000000087e00000, 0x0000000087e00000| Untracked 
| 127|0x0000000087f00000, 0x0000000088000000, 0x0000000088000000|100%| O|  |TAMS 0x0000000087f00000, 0x0000000087f00000| Untracked 
| 128|0x0000000088000000, 0x0000000088100000, 0x0000000088100000|100%| O|  |TAMS 0x0000000088000000, 0x0000000088000000| Untracked 
| 129|0x0000000088100000, 0x0000000088200000, 0x0000000088200000|100%| O|  |TAMS 0x0000000088100000, 0x0000000088100000| Untracked 
| 130|0x0000000088200000, 0x0000000088300000, 0x0000000088300000|100%| O|  |TAMS 0x0000000088200000, 0x0000000088200000| Untracked 
| 131|0x0000000088300000, 0x0000000088400000, 0x0000000088400000|100%| O|  |TAMS 0x0000000088400000, 0x0000000088300000| Untracked 
| 132|0x0000000088400000, 0x0000000088500000, 0x0000000088500000|100%| O|  |TAMS 0x0000000088400000, 0x0000000088400000| Untracked 
| 133|0x0000000088500000, 0x0000000088600000, 0x0000000088600000|100%| O|  |TAMS 0x0000000088500000, 0x0000000088500000| Untracked 
| 134|0x0000000088600000, 0x0000000088700000, 0x0000000088700000|100%| O|  |TAMS 0x0000000088600000, 0x0000000088600000| Untracked 
| 135|0x0000000088700000, 0x0000000088800000, 0x0000000088800000|100%| O|  |TAMS 0x0000000088700000, 0x0000000088700000| Untracked 
| 136|0x0000000088800000, 0x0000000088900000, 0x0000000088900000|100%| O|  |TAMS 0x0000000088800000, 0x0000000088800000| Untracked 
| 137|0x0000000088900000, 0x0000000088a00000, 0x0000000088a00000|100%| O|  |TAMS 0x0000000088900000, 0x0000000088900000| Untracked 
| 138|0x0000000088a00000, 0x0000000088b00000, 0x0000000088b00000|100%| O|  |TAMS 0x0000000088a00000, 0x0000000088a00000| Untracked 
| 139|0x0000000088b00000, 0x0000000088c00000, 0x0000000088c00000|100%| O|  |TAMS 0x0000000088b00000, 0x0000000088b00000| Untracked 
| 140|0x0000000088c00000, 0x0000000088d00000, 0x0000000088d00000|100%|HS|  |TAMS 0x0000000088d00000, 0x0000000088c00000| Complete 
| 141|0x0000000088d00000, 0x0000000088e00000, 0x0000000088e00000|100%|HS|  |TAMS 0x0000000088e00000, 0x0000000088d00000| Complete 
| 142|0x0000000088e00000, 0x0000000088f00000, 0x0000000088f00000|100%|HS|  |TAMS 0x0000000088f00000, 0x0000000088e00000| Complete 
| 143|0x0000000088f00000, 0x0000000089000000, 0x0000000089000000|100%|HC|  |TAMS 0x0000000089000000, 0x0000000088f00000| Complete 
| 144|0x0000000089000000, 0x0000000089100000, 0x0000000089100000|100%| O|  |TAMS 0x0000000089100000, 0x0000000089000000| Untracked 
| 145|0x0000000089100000, 0x0000000089200000, 0x0000000089200000|100%| O|  |TAMS 0x0000000089100000, 0x0000000089100000| Untracked 
| 146|0x0000000089200000, 0x0000000089300000, 0x0000000089300000|100%| O|  |TAMS 0x0000000089200000, 0x0000000089200000| Untracked 
| 147|0x0000000089300000, 0x0000000089400000, 0x0000000089400000|100%| O|  |TAMS 0x0000000089300000, 0x0000000089300000| Untracked 
| 148|0x0000000089400000, 0x0000000089500000, 0x0000000089500000|100%| O|  |TAMS 0x0000000089400000, 0x0000000089400000| Untracked 
| 149|0x0000000089500000, 0x0000000089600000, 0x0000000089600000|100%| O|  |TAMS 0x0000000089500000, 0x0000000089500000| Untracked 
| 150|0x0000000089600000, 0x0000000089700000, 0x0000000089700000|100%| O|  |TAMS 0x0000000089600000, 0x0000000089600000| Untracked 
| 151|0x0000000089700000, 0x0000000089800000, 0x0000000089800000|100%| O|  |TAMS 0x0000000089700000, 0x0000000089700000| Untracked 
| 152|0x0000000089800000, 0x0000000089900000, 0x0000000089900000|100%| O|  |TAMS 0x0000000089800000, 0x0000000089800000| Untracked 
| 153|0x0000000089900000, 0x0000000089a00000, 0x0000000089a00000|100%| O|  |TAMS 0x0000000089900000, 0x0000000089900000| Untracked 
| 154|0x0000000089a00000, 0x0000000089b00000, 0x0000000089b00000|100%|HS|  |TAMS 0x0000000089b00000, 0x0000000089a00000| Complete 
| 155|0x0000000089b00000, 0x0000000089c00000, 0x0000000089c00000|100%| O|  |TAMS 0x0000000089c00000, 0x0000000089b00000| Untracked 
| 156|0x0000000089c00000, 0x0000000089d00000, 0x0000000089d00000|100%| O|  |TAMS 0x0000000089d00000, 0x0000000089c00000| Untracked 
| 157|0x0000000089d00000, 0x0000000089e00000, 0x0000000089e00000|100%| O|  |TAMS 0x0000000089e00000, 0x0000000089d00000| Untracked 
| 158|0x0000000089e00000, 0x0000000089f00000, 0x0000000089f00000|100%| O|  |TAMS 0x0000000089f00000, 0x0000000089e00000| Untracked 
| 159|0x0000000089f00000, 0x000000008a000000, 0x000000008a000000|100%| O|  |TAMS 0x000000008a000000, 0x0000000089f00000| Untracked 
| 160|0x000000008a000000, 0x000000008a100000, 0x000000008a100000|100%| O|  |TAMS 0x000000008a100000, 0x000000008a000000| Untracked 
| 161|0x000000008a100000, 0x000000008a200000, 0x000000008a200000|100%| O|  |TAMS 0x000000008a100000, 0x000000008a100000| Untracked 
| 162|0x000000008a200000, 0x000000008a300000, 0x000000008a300000|100%| O|  |TAMS 0x000000008a200000, 0x000000008a200000| Untracked 
| 163|0x000000008a300000, 0x000000008a400000, 0x000000008a400000|100%| O|  |TAMS 0x000000008a300000, 0x000000008a300000| Untracked 
| 164|0x000000008a400000, 0x000000008a500000, 0x000000008a500000|100%| O|  |TAMS 0x000000008a500000, 0x000000008a400000| Untracked 
| 165|0x000000008a500000, 0x000000008a600000, 0x000000008a600000|100%| O|  |TAMS 0x000000008a600000, 0x000000008a500000| Untracked 
| 166|0x000000008a600000, 0x000000008a700000, 0x000000008a700000|100%| O|  |TAMS 0x000000008a700000, 0x000000008a600000| Untracked 
| 167|0x000000008a700000, 0x000000008a800000, 0x000000008a800000|100%| O|  |TAMS 0x000000008a800000, 0x000000008a700000| Untracked 
| 168|0x000000008a800000, 0x000000008a900000, 0x000000008a900000|100%| O|  |TAMS 0x000000008a800000, 0x000000008a800000| Untracked 
| 169|0x000000008a900000, 0x000000008aa00000, 0x000000008aa00000|100%| O|  |TAMS 0x000000008a900000, 0x000000008a900000| Untracked 
| 170|0x000000008aa00000, 0x000000008ab00000, 0x000000008ab00000|100%| O|  |TAMS 0x000000008aa00000, 0x000000008aa00000| Untracked 
| 171|0x000000008ab00000, 0x000000008ac00000, 0x000000008ac00000|100%| O|  |TAMS 0x000000008ab00000, 0x000000008ab00000| Untracked 
| 172|0x000000008ac00000, 0x000000008ad00000, 0x000000008ad00000|100%| O|  |TAMS 0x000000008ac00000, 0x000000008ac00000| Untracked 
| 173|0x000000008ad00000, 0x000000008ae00000, 0x000000008ae00000|100%| O|  |TAMS 0x000000008ad00000, 0x000000008ad00000| Untracked 
| 174|0x000000008ae00000, 0x000000008af00000, 0x000000008af00000|100%|HS|  |TAMS 0x000000008af00000, 0x000000008ae00000| Complete 
| 175|0x000000008af00000, 0x000000008b000000, 0x000000008b000000|100%| O|  |TAMS 0x000000008b000000, 0x000000008af00000| Untracked 
| 176|0x000000008b000000, 0x000000008b100000, 0x000000008b100000|100%| O|  |TAMS 0x000000008b100000, 0x000000008b000000| Untracked 
| 177|0x000000008b100000, 0x000000008b200000, 0x000000008b200000|100%| O|  |TAMS 0x000000008b100000, 0x000000008b100000| Untracked 
| 178|0x000000008b200000, 0x000000008b300000, 0x000000008b300000|100%| O|  |TAMS 0x000000008b200000, 0x000000008b200000| Untracked 
| 179|0x000000008b300000, 0x000000008b400000, 0x000000008b400000|100%| O|  |TAMS 0x000000008b300000, 0x000000008b300000| Untracked 
| 180|0x000000008b400000, 0x000000008b500000, 0x000000008b500000|100%| O|  |TAMS 0x000000008b400000, 0x000000008b400000| Untracked 
| 181|0x000000008b500000, 0x000000008b600000, 0x000000008b600000|100%| O|  |TAMS 0x000000008b600000, 0x000000008b500000| Untracked 
| 182|0x000000008b600000, 0x000000008b700000, 0x000000008b700000|100%| O|  |TAMS 0x000000008b700000, 0x000000008b600000| Untracked 
| 183|0x000000008b700000, 0x000000008b800000, 0x000000008b800000|100%| O|  |TAMS 0x000000008b800000, 0x000000008b700000| Untracked 
| 184|0x000000008b800000, 0x000000008b900000, 0x000000008b900000|100%| O|  |TAMS 0x000000008b900000, 0x000000008b800000| Untracked 
| 185|0x000000008b900000, 0x000000008ba00000, 0x000000008ba00000|100%| O|  |TAMS 0x000000008b900000, 0x000000008b900000| Untracked 
| 186|0x000000008ba00000, 0x000000008bb00000, 0x000000008bb00000|100%| O|  |TAMS 0x000000008ba00000, 0x000000008ba00000| Untracked 
| 187|0x000000008bb00000, 0x000000008bc00000, 0x000000008bc00000|100%|HS|  |TAMS 0x000000008bc00000, 0x000000008bb00000| Complete 
| 188|0x000000008bc00000, 0x000000008bd00000, 0x000000008bd00000|100%|HS|  |TAMS 0x000000008bd00000, 0x000000008bc00000| Complete 
| 189|0x000000008bd00000, 0x000000008be00000, 0x000000008be00000|100%| O|  |TAMS 0x000000008be00000, 0x000000008bd00000| Untracked 
| 190|0x000000008be00000, 0x000000008bf00000, 0x000000008bf00000|100%| O|  |TAMS 0x000000008be00000, 0x000000008be00000| Untracked 
| 191|0x000000008bf00000, 0x000000008c000000, 0x000000008c000000|100%| O|  |TAMS 0x000000008c000000, 0x000000008bf00000| Untracked 
| 192|0x000000008c000000, 0x000000008c100000, 0x000000008c100000|100%| O|  |TAMS 0x000000008c000000, 0x000000008c000000| Untracked 
| 193|0x000000008c100000, 0x000000008c200000, 0x000000008c200000|100%| O|  |TAMS 0x000000008c100000, 0x000000008c100000| Untracked 
| 194|0x000000008c200000, 0x000000008c300000, 0x000000008c300000|100%| O|  |TAMS 0x000000008c200000, 0x000000008c200000| Untracked 
| 195|0x000000008c300000, 0x000000008c400000, 0x000000008c400000|100%| O|  |TAMS 0x000000008c300000, 0x000000008c300000| Untracked 
| 196|0x000000008c400000, 0x000000008c500000, 0x000000008c500000|100%| O|  |TAMS 0x000000008c400000, 0x000000008c400000| Untracked 
| 197|0x000000008c500000, 0x000000008c600000, 0x000000008c600000|100%| O|  |TAMS 0x000000008c500000, 0x000000008c500000| Untracked 
| 198|0x000000008c600000, 0x000000008c700000, 0x000000008c700000|100%| O|  |TAMS 0x000000008c700000, 0x000000008c600000| Untracked 
| 199|0x000000008c700000, 0x000000008c800000, 0x000000008c800000|100%| O|  |TAMS 0x000000008c700000, 0x000000008c700000| Untracked 
| 200|0x000000008c800000, 0x000000008c900000, 0x000000008c900000|100%| O|  |TAMS 0x000000008c900000, 0x000000008c800000| Untracked 
| 201|0x000000008c900000, 0x000000008ca00000, 0x000000008ca00000|100%| O|  |TAMS 0x000000008c900000, 0x000000008c900000| Untracked 
| 202|0x000000008ca00000, 0x000000008cb00000, 0x000000008cb00000|100%| O|  |TAMS 0x000000008ca00000, 0x000000008ca00000| Untracked 
| 203|0x000000008cb00000, 0x000000008cc00000, 0x000000008cc00000|100%| O|  |TAMS 0x000000008cb00000, 0x000000008cb00000| Untracked 
| 204|0x000000008cc00000, 0x000000008cd00000, 0x000000008cd00000|100%| O|  |TAMS 0x000000008cc00000, 0x000000008cc00000| Untracked 
| 205|0x000000008cd00000, 0x000000008ce00000, 0x000000008ce00000|100%| O|  |TAMS 0x000000008cd00000, 0x000000008cd00000| Untracked 
| 206|0x000000008ce00000, 0x000000008cf00000, 0x000000008cf00000|100%| O|  |TAMS 0x000000008ce00000, 0x000000008ce00000| Untracked 
| 207|0x000000008cf00000, 0x000000008d000000, 0x000000008d000000|100%| O|  |TAMS 0x000000008d000000, 0x000000008cf00000| Untracked 
| 208|0x000000008d000000, 0x000000008d100000, 0x000000008d100000|100%| O|  |TAMS 0x000000008d100000, 0x000000008d000000| Untracked 
| 209|0x000000008d100000, 0x000000008d200000, 0x000000008d200000|100%| O|  |TAMS 0x000000008d200000, 0x000000008d100000| Untracked 
| 210|0x000000008d200000, 0x000000008d300000, 0x000000008d300000|100%| O|  |TAMS 0x000000008d300000, 0x000000008d200000| Untracked 
| 211|0x000000008d300000, 0x000000008d400000, 0x000000008d400000|100%| O|  |TAMS 0x000000008d400000, 0x000000008d300000| Untracked 
| 212|0x000000008d400000, 0x000000008d500000, 0x000000008d500000|100%| O|  |TAMS 0x000000008d400000, 0x000000008d400000| Untracked 
| 213|0x000000008d500000, 0x000000008d600000, 0x000000008d600000|100%| O|  |TAMS 0x000000008d500000, 0x000000008d500000| Untracked 
| 214|0x000000008d600000, 0x000000008d700000, 0x000000008d700000|100%| O|  |TAMS 0x000000008d600000, 0x000000008d600000| Untracked 
| 215|0x000000008d700000, 0x000000008d800000, 0x000000008d800000|100%| O|  |TAMS 0x000000008d700000, 0x000000008d700000| Untracked 
| 216|0x000000008d800000, 0x000000008d900000, 0x000000008d900000|100%| O|  |TAMS 0x000000008d800000, 0x000000008d800000| Untracked 
| 217|0x000000008d900000, 0x000000008da00000, 0x000000008da00000|100%| O|  |TAMS 0x000000008da00000, 0x000000008d900000| Untracked 
| 218|0x000000008da00000, 0x000000008db00000, 0x000000008db00000|100%| O|  |TAMS 0x000000008db00000, 0x000000008da00000| Untracked 
| 219|0x000000008db00000, 0x000000008dc00000, 0x000000008dc00000|100%| O|  |TAMS 0x000000008dc00000, 0x000000008db00000| Untracked 
| 220|0x000000008dc00000, 0x000000008dd00000, 0x000000008dd00000|100%| O|  |TAMS 0x000000008dc00000, 0x000000008dc00000| Untracked 
| 221|0x000000008dd00000, 0x000000008de00000, 0x000000008de00000|100%| O|  |TAMS 0x000000008dd00000, 0x000000008dd00000| Untracked 
| 222|0x000000008de00000, 0x000000008df00000, 0x000000008df00000|100%| O|  |TAMS 0x000000008de00000, 0x000000008de00000| Untracked 
| 223|0x000000008df00000, 0x000000008e000000, 0x000000008e000000|100%| O|  |TAMS 0x000000008df00000, 0x000000008df00000| Untracked 
| 224|0x000000008e000000, 0x000000008e100000, 0x000000008e100000|100%| O|  |TAMS 0x000000008e000000, 0x000000008e000000| Untracked 
| 225|0x000000008e100000, 0x000000008e200000, 0x000000008e200000|100%| O|  |TAMS 0x000000008e100000, 0x000000008e100000| Untracked 
| 226|0x000000008e200000, 0x000000008e300000, 0x000000008e300000|100%| O|  |TAMS 0x000000008e200000, 0x000000008e200000| Untracked 
| 227|0x000000008e300000, 0x000000008e400000, 0x000000008e400000|100%| O|  |TAMS 0x000000008e300000, 0x000000008e300000| Untracked 
| 228|0x000000008e400000, 0x000000008e500000, 0x000000008e500000|100%| O|  |TAMS 0x000000008e400000, 0x000000008e400000| Untracked 
| 229|0x000000008e500000, 0x000000008e600000, 0x000000008e600000|100%| O|  |TAMS 0x000000008e500000, 0x000000008e500000| Untracked 
| 230|0x000000008e600000, 0x000000008e700000, 0x000000008e700000|100%| O|  |TAMS 0x000000008e600000, 0x000000008e600000| Untracked 
| 231|0x000000008e700000, 0x000000008e800000, 0x000000008e800000|100%| O|  |TAMS 0x000000008e700000, 0x000000008e700000| Untracked 
| 232|0x000000008e800000, 0x000000008e900000, 0x000000008e900000|100%| O|  |TAMS 0x000000008e800000, 0x000000008e800000| Untracked 
| 233|0x000000008e900000, 0x000000008ea00000, 0x000000008ea00000|100%| O|  |TAMS 0x000000008e900000, 0x000000008e900000| Untracked 
| 234|0x000000008ea00000, 0x000000008eb00000, 0x000000008eb00000|100%| O|  |TAMS 0x000000008ea00000, 0x000000008ea00000| Untracked 
| 235|0x000000008eb00000, 0x000000008ec00000, 0x000000008ec00000|100%| O|  |TAMS 0x000000008eb00000, 0x000000008eb00000| Untracked 
| 236|0x000000008ec00000, 0x000000008ed00000, 0x000000008ed00000|100%| O|  |TAMS 0x000000008ec00000, 0x000000008ec00000| Untracked 
| 237|0x000000008ed00000, 0x000000008ee00000, 0x000000008ee00000|100%| O|  |TAMS 0x000000008ed00000, 0x000000008ed00000| Untracked 
| 238|0x000000008ee00000, 0x000000008ef00000, 0x000000008ef00000|100%| O|  |TAMS 0x000000008ee00000, 0x000000008ee00000| Untracked 
| 239|0x000000008ef00000, 0x000000008f000000, 0x000000008f000000|100%| O|  |TAMS 0x000000008ef00000, 0x000000008ef00000| Untracked 
| 240|0x000000008f000000, 0x000000008f100000, 0x000000008f100000|100%| O|  |TAMS 0x000000008f000000, 0x000000008f000000| Untracked 
| 241|0x000000008f100000, 0x000000008f200000, 0x000000008f200000|100%| O|  |TAMS 0x000000008f100000, 0x000000008f100000| Untracked 
| 242|0x000000008f200000, 0x000000008f300000, 0x000000008f300000|100%| O|  |TAMS 0x000000008f200000, 0x000000008f200000| Untracked 
| 243|0x000000008f300000, 0x000000008f400000, 0x000000008f400000|100%| O|  |TAMS 0x000000008f300000, 0x000000008f300000| Untracked 
| 244|0x000000008f400000, 0x000000008f500000, 0x000000008f500000|100%| O|  |TAMS 0x000000008f400000, 0x000000008f400000| Untracked 
| 245|0x000000008f500000, 0x000000008f600000, 0x000000008f600000|100%| O|  |TAMS 0x000000008f500000, 0x000000008f500000| Untracked 
| 246|0x000000008f600000, 0x000000008f700000, 0x000000008f700000|100%| O|  |TAMS 0x000000008f600000, 0x000000008f600000| Untracked 
| 247|0x000000008f700000, 0x000000008f800000, 0x000000008f800000|100%| O|  |TAMS 0x000000008f700000, 0x000000008f700000| Untracked 
| 248|0x000000008f800000, 0x000000008f900000, 0x000000008f900000|100%| O|  |TAMS 0x000000008f800000, 0x000000008f800000| Untracked 
| 249|0x000000008f900000, 0x000000008fa00000, 0x000000008fa00000|100%| O|  |TAMS 0x000000008f900000, 0x000000008f900000| Untracked 
| 250|0x000000008fa00000, 0x000000008fb00000, 0x000000008fb00000|100%| O|  |TAMS 0x000000008fa00000, 0x000000008fa00000| Untracked 
| 251|0x000000008fb00000, 0x000000008fc00000, 0x000000008fc00000|100%| O|  |TAMS 0x000000008fb00000, 0x000000008fb00000| Untracked 
| 252|0x000000008fc00000, 0x000000008fd00000, 0x000000008fd00000|100%| O|  |TAMS 0x000000008fc00000, 0x000000008fc00000| Untracked 
| 253|0x000000008fd00000, 0x000000008fe00000, 0x000000008fe00000|100%| O|  |TAMS 0x000000008fd00000, 0x000000008fd00000| Untracked 
| 254|0x000000008fe00000, 0x000000008ff00000, 0x000000008ff00000|100%| O|  |TAMS 0x000000008fe00000, 0x000000008fe00000| Untracked 
| 255|0x000000008ff00000, 0x0000000090000000, 0x0000000090000000|100%| O|  |TAMS 0x0000000090000000, 0x000000008ff00000| Untracked 
| 256|0x0000000090000000, 0x0000000090100000, 0x0000000090100000|100%| O|  |TAMS 0x0000000090000000, 0x0000000090000000| Untracked 
| 257|0x0000000090100000, 0x0000000090200000, 0x0000000090200000|100%| O|  |TAMS 0x0000000090200000, 0x0000000090100000| Untracked 
| 258|0x0000000090200000, 0x0000000090300000, 0x0000000090300000|100%| O|  |TAMS 0x0000000090300000, 0x0000000090200000| Untracked 
| 259|0x0000000090300000, 0x0000000090400000, 0x0000000090400000|100%| O|  |TAMS 0x0000000090400000, 0x0000000090300000| Untracked 
| 260|0x0000000090400000, 0x0000000090500000, 0x0000000090500000|100%| O|  |TAMS 0x0000000090500000, 0x0000000090400000| Untracked 
| 261|0x0000000090500000, 0x0000000090600000, 0x0000000090600000|100%| O|  |TAMS 0x0000000090600000, 0x0000000090500000| Untracked 
| 262|0x0000000090600000, 0x0000000090700000, 0x0000000090700000|100%| O|  |TAMS 0x0000000090700000, 0x0000000090600000| Untracked 
| 263|0x0000000090700000, 0x0000000090800000, 0x0000000090800000|100%| O|  |TAMS 0x0000000090800000, 0x0000000090700000| Untracked 
| 264|0x0000000090800000, 0x0000000090900000, 0x0000000090900000|100%| O|  |TAMS 0x0000000090900000, 0x0000000090800000| Untracked 
| 265|0x0000000090900000, 0x0000000090a00000, 0x0000000090a00000|100%| O|  |TAMS 0x0000000090a00000, 0x0000000090900000| Untracked 
| 266|0x0000000090a00000, 0x0000000090b00000, 0x0000000090b00000|100%| O|  |TAMS 0x0000000090b00000, 0x0000000090a00000| Untracked 
| 267|0x0000000090b00000, 0x0000000090c00000, 0x0000000090c00000|100%| O|  |TAMS 0x0000000090b00000, 0x0000000090b00000| Untracked 
| 268|0x0000000090c00000, 0x0000000090d00000, 0x0000000090d00000|100%| O|  |TAMS 0x0000000090d00000, 0x0000000090c00000| Untracked 
| 269|0x0000000090d00000, 0x0000000090e00000, 0x0000000090e00000|100%| O|  |TAMS 0x0000000090e00000, 0x0000000090d00000| Untracked 
| 270|0x0000000090e00000, 0x0000000090f00000, 0x0000000090f00000|100%| O|  |TAMS 0x0000000090f00000, 0x0000000090e00000| Untracked 
| 271|0x0000000090f00000, 0x0000000091000000, 0x0000000091000000|100%| O|  |TAMS 0x0000000091000000, 0x0000000090f00000| Untracked 
| 272|0x0000000091000000, 0x0000000091100000, 0x0000000091100000|100%| O|  |TAMS 0x0000000091100000, 0x0000000091000000| Untracked 
| 273|0x0000000091100000, 0x0000000091200000, 0x0000000091200000|100%| O|  |TAMS 0x0000000091200000, 0x0000000091100000| Untracked 
| 274|0x0000000091200000, 0x0000000091300000, 0x0000000091300000|100%| O|  |TAMS 0x0000000091300000, 0x0000000091200000| Untracked 
| 275|0x0000000091300000, 0x0000000091400000, 0x0000000091400000|100%| O|  |TAMS 0x0000000091400000, 0x0000000091300000| Untracked 
| 276|0x0000000091400000, 0x0000000091500000, 0x0000000091500000|100%| O|  |TAMS 0x0000000091400000, 0x0000000091400000| Untracked 
| 277|0x0000000091500000, 0x0000000091600000, 0x0000000091600000|100%| O|  |TAMS 0x0000000091600000, 0x0000000091500000| Untracked 
| 278|0x0000000091600000, 0x0000000091700000, 0x0000000091700000|100%| O|  |TAMS 0x0000000091700000, 0x0000000091600000| Untracked 
| 279|0x0000000091700000, 0x0000000091800000, 0x0000000091800000|100%| O|  |TAMS 0x0000000091800000, 0x0000000091700000| Untracked 
| 280|0x0000000091800000, 0x0000000091900000, 0x0000000091900000|100%| O|  |TAMS 0x0000000091900000, 0x0000000091800000| Untracked 
| 281|0x0000000091900000, 0x0000000091a00000, 0x0000000091a00000|100%| O|  |TAMS 0x0000000091a00000, 0x0000000091900000| Untracked 
| 282|0x0000000091a00000, 0x0000000091b00000, 0x0000000091b00000|100%| O|  |TAMS 0x0000000091a00000, 0x0000000091a00000| Untracked 
| 283|0x0000000091b00000, 0x0000000091c00000, 0x0000000091c00000|100%| O|  |TAMS 0x0000000091c00000, 0x0000000091b00000| Untracked 
| 284|0x0000000091c00000, 0x0000000091d00000, 0x0000000091d00000|100%| O|  |TAMS 0x0000000091d00000, 0x0000000091c00000| Untracked 
| 285|0x0000000091d00000, 0x0000000091e00000, 0x0000000091e00000|100%| O|  |TAMS 0x0000000091e00000, 0x0000000091d00000| Untracked 
| 286|0x0000000091e00000, 0x0000000091f00000, 0x0000000091f00000|100%| O|  |TAMS 0x0000000091f00000, 0x0000000091e00000| Untracked 
| 287|0x0000000091f00000, 0x0000000092000000, 0x0000000092000000|100%| O|  |TAMS 0x0000000092000000, 0x0000000091f00000| Untracked 
| 288|0x0000000092000000, 0x0000000092100000, 0x0000000092100000|100%| O|  |TAMS 0x0000000092100000, 0x0000000092000000| Untracked 
| 289|0x0000000092100000, 0x0000000092200000, 0x0000000092200000|100%| O|  |TAMS 0x0000000092200000, 0x0000000092100000| Untracked 
| 290|0x0000000092200000, 0x0000000092300000, 0x0000000092300000|100%| O|  |TAMS 0x0000000092300000, 0x0000000092200000| Untracked 
| 291|0x0000000092300000, 0x0000000092400000, 0x0000000092400000|100%| O|  |TAMS 0x0000000092400000, 0x0000000092300000| Untracked 
| 292|0x0000000092400000, 0x0000000092500000, 0x0000000092500000|100%| O|  |TAMS 0x0000000092500000, 0x0000000092400000| Untracked 
| 293|0x0000000092500000, 0x0000000092600000, 0x0000000092600000|100%| O|  |TAMS 0x0000000092600000, 0x0000000092500000| Untracked 
| 294|0x0000000092600000, 0x0000000092700000, 0x0000000092700000|100%| O|  |TAMS 0x0000000092700000, 0x0000000092600000| Untracked 
| 295|0x0000000092700000, 0x0000000092800000, 0x0000000092800000|100%| O|  |TAMS 0x0000000092800000, 0x0000000092700000| Untracked 
| 296|0x0000000092800000, 0x0000000092900000, 0x0000000092900000|100%| O|  |TAMS 0x0000000092800000, 0x0000000092800000| Untracked 
| 297|0x0000000092900000, 0x0000000092a00000, 0x0000000092a00000|100%| O|  |TAMS 0x0000000092900000, 0x0000000092900000| Untracked 
| 298|0x0000000092a00000, 0x0000000092b00000, 0x0000000092b00000|100%| O|  |TAMS 0x0000000092b00000, 0x0000000092a00000| Untracked 
| 299|0x0000000092b00000, 0x0000000092c00000, 0x0000000092c00000|100%| O|  |TAMS 0x0000000092c00000, 0x0000000092b00000| Untracked 
| 300|0x0000000092c00000, 0x0000000092d00000, 0x0000000092d00000|100%| O|  |TAMS 0x0000000092d00000, 0x0000000092c00000| Untracked 
| 301|0x0000000092d00000, 0x0000000092e00000, 0x0000000092e00000|100%| O|  |TAMS 0x0000000092e00000, 0x0000000092d00000| Untracked 
| 302|0x0000000092e00000, 0x0000000092f00000, 0x0000000092f00000|100%| O|  |TAMS 0x0000000092e00000, 0x0000000092e00000| Untracked 
| 303|0x0000000092f00000, 0x0000000093000000, 0x0000000093000000|100%| O|  |TAMS 0x0000000093000000, 0x0000000092f00000| Untracked 
| 304|0x0000000093000000, 0x0000000093100000, 0x0000000093100000|100%| O|  |TAMS 0x0000000093100000, 0x0000000093000000| Untracked 
| 305|0x0000000093100000, 0x0000000093200000, 0x0000000093200000|100%| O|  |TAMS 0x0000000093100000, 0x0000000093100000| Untracked 
| 306|0x0000000093200000, 0x0000000093300000, 0x0000000093300000|100%| O|  |TAMS 0x0000000093200000, 0x0000000093200000| Untracked 
| 307|0x0000000093300000, 0x0000000093400000, 0x0000000093400000|100%| O|  |TAMS 0x0000000093300000, 0x0000000093300000| Untracked 
| 308|0x0000000093400000, 0x0000000093500000, 0x0000000093500000|100%| O|  |TAMS 0x0000000093400000, 0x0000000093400000| Untracked 
| 309|0x0000000093500000, 0x0000000093600000, 0x0000000093600000|100%| O|  |TAMS 0x0000000093500000, 0x0000000093500000| Untracked 
| 310|0x0000000093600000, 0x0000000093700000, 0x0000000093700000|100%| O|  |TAMS 0x0000000093600000, 0x0000000093600000| Untracked 
| 311|0x0000000093700000, 0x0000000093800000, 0x0000000093800000|100%| O|  |TAMS 0x0000000093700000, 0x0000000093700000| Untracked 
| 312|0x0000000093800000, 0x0000000093900000, 0x0000000093900000|100%| O|  |TAMS 0x0000000093800000, 0x0000000093800000| Untracked 
| 313|0x0000000093900000, 0x0000000093a00000, 0x0000000093a00000|100%| O|  |TAMS 0x0000000093900000, 0x0000000093900000| Untracked 
| 314|0x0000000093a00000, 0x0000000093b00000, 0x0000000093b00000|100%| O|  |TAMS 0x0000000093a00000, 0x0000000093a00000| Untracked 
| 315|0x0000000093b00000, 0x0000000093c00000, 0x0000000093c00000|100%| O|  |TAMS 0x0000000093b00000, 0x0000000093b00000| Untracked 
| 316|0x0000000093c00000, 0x0000000093d00000, 0x0000000093d00000|100%| O|  |TAMS 0x0000000093c00000, 0x0000000093c00000| Untracked 
| 317|0x0000000093d00000, 0x0000000093e00000, 0x0000000093e00000|100%| O|  |TAMS 0x0000000093d00000, 0x0000000093d00000| Untracked 
| 318|0x0000000093e00000, 0x0000000093f00000, 0x0000000093f00000|100%| O|  |TAMS 0x0000000093e00000, 0x0000000093e00000| Untracked 
| 319|0x0000000093f00000, 0x0000000094000000, 0x0000000094000000|100%| O|  |TAMS 0x0000000093f00000, 0x0000000093f00000| Untracked 
| 320|0x0000000094000000, 0x0000000094100000, 0x0000000094100000|100%| O|  |TAMS 0x0000000094000000, 0x0000000094000000| Untracked 
| 321|0x0000000094100000, 0x0000000094200000, 0x0000000094200000|100%| O|  |TAMS 0x0000000094100000, 0x0000000094100000| Untracked 
| 322|0x0000000094200000, 0x0000000094300000, 0x0000000094300000|100%| O|  |TAMS 0x0000000094200000, 0x0000000094200000| Untracked 
| 323|0x0000000094300000, 0x0000000094400000, 0x0000000094400000|100%| O|  |TAMS 0x0000000094300000, 0x0000000094300000| Untracked 
| 324|0x0000000094400000, 0x0000000094400000, 0x0000000094500000|  0%| F|  |TAMS 0x0000000094400000, 0x0000000094400000| Untracked 
| 325|0x0000000094500000, 0x0000000094500000, 0x0000000094600000|  0%| F|  |TAMS 0x0000000094500000, 0x0000000094500000| Untracked 
| 326|0x0000000094600000, 0x0000000094600000, 0x0000000094700000|  0%| F|  |TAMS 0x0000000094600000, 0x0000000094600000| Untracked 
| 327|0x0000000094700000, 0x0000000094800000, 0x0000000094800000|100%| O|  |TAMS 0x0000000094700000, 0x0000000094700000| Untracked 
| 328|0x0000000094800000, 0x0000000094900000, 0x0000000094900000|100%| O|  |TAMS 0x0000000094800000, 0x0000000094800000| Untracked 
| 329|0x0000000094900000, 0x0000000094a00000, 0x0000000094a00000|100%| O|  |TAMS 0x0000000094900000, 0x0000000094900000| Untracked 
| 330|0x0000000094a00000, 0x0000000094a00000, 0x0000000094b00000|  0%| F|  |TAMS 0x0000000094a00000, 0x0000000094a00000| Untracked 
| 331|0x0000000094b00000, 0x0000000094b00000, 0x0000000094c00000|  0%| F|  |TAMS 0x0000000094b00000, 0x0000000094b00000| Untracked 
| 332|0x0000000094c00000, 0x0000000094c00000, 0x0000000094d00000|  0%| F|  |TAMS 0x0000000094c00000, 0x0000000094c00000| Untracked 
| 333|0x0000000094d00000, 0x0000000094e00000, 0x0000000094e00000|100%| O|  |TAMS 0x0000000094d00000, 0x0000000094d00000| Untracked 
| 334|0x0000000094e00000, 0x0000000094e00000, 0x0000000094f00000|  0%| F|  |TAMS 0x0000000094e00000, 0x0000000094e00000| Untracked 
| 335|0x0000000094f00000, 0x0000000094f00000, 0x0000000095000000|  0%| F|  |TAMS 0x0000000094f00000, 0x0000000094f00000| Untracked 
| 336|0x0000000095000000, 0x0000000095100000, 0x0000000095100000|100%| O|  |TAMS 0x0000000095000000, 0x0000000095000000| Untracked 
| 337|0x0000000095100000, 0x0000000095100000, 0x0000000095200000|  0%| F|  |TAMS 0x0000000095100000, 0x0000000095100000| Untracked 
| 338|0x0000000095200000, 0x0000000095200000, 0x0000000095300000|  0%| F|  |TAMS 0x0000000095200000, 0x0000000095200000| Untracked 
| 339|0x0000000095300000, 0x0000000095300000, 0x0000000095400000|  0%| F|  |TAMS 0x0000000095300000, 0x0000000095300000| Untracked 
| 340|0x0000000095400000, 0x0000000095400000, 0x0000000095500000|  0%| F|  |TAMS 0x0000000095400000, 0x0000000095400000| Untracked 
| 341|0x0000000095500000, 0x0000000095500000, 0x0000000095600000|  0%| F|  |TAMS 0x0000000095500000, 0x0000000095500000| Untracked 
| 342|0x0000000095600000, 0x0000000095600000, 0x0000000095700000|  0%| F|  |TAMS 0x0000000095600000, 0x0000000095600000| Untracked 
| 343|0x0000000095700000, 0x0000000095800000, 0x0000000095800000|100%| O|  |TAMS 0x0000000095700000, 0x0000000095700000| Untracked 
| 344|0x0000000095800000, 0x0000000095800000, 0x0000000095900000|  0%| F|  |TAMS 0x0000000095800000, 0x0000000095800000| Untracked 
| 345|0x0000000095900000, 0x0000000095a00000, 0x0000000095a00000|100%| O|  |TAMS 0x0000000095900000, 0x0000000095900000| Untracked 
| 346|0x0000000095a00000, 0x0000000095b00000, 0x0000000095b00000|100%| O|  |TAMS 0x0000000095a00000, 0x0000000095a00000| Untracked 
| 347|0x0000000095b00000, 0x0000000095c00000, 0x0000000095c00000|100%| O|  |TAMS 0x0000000095b00000, 0x0000000095b00000| Untracked 
| 348|0x0000000095c00000, 0x0000000095c00000, 0x0000000095d00000|  0%| F|  |TAMS 0x0000000095c00000, 0x0000000095c00000| Untracked 
| 349|0x0000000095d00000, 0x0000000095d00000, 0x0000000095e00000|  0%| F|  |TAMS 0x0000000095d00000, 0x0000000095d00000| Untracked 
| 350|0x0000000095e00000, 0x0000000095e00000, 0x0000000095f00000|  0%| F|  |TAMS 0x0000000095e00000, 0x0000000095e00000| Untracked 
| 351|0x0000000095f00000, 0x0000000095f00000, 0x0000000096000000|  0%| F|  |TAMS 0x0000000095f00000, 0x0000000095f00000| Untracked 
| 352|0x0000000096000000, 0x0000000096100000, 0x0000000096100000|100%| O|  |TAMS 0x0000000096000000, 0x0000000096000000| Untracked 
| 353|0x0000000096100000, 0x0000000096200000, 0x0000000096200000|100%| O|  |TAMS 0x0000000096100000, 0x0000000096100000| Untracked 
| 354|0x0000000096200000, 0x0000000096300000, 0x0000000096300000|100%| O|  |TAMS 0x0000000096200000, 0x0000000096200000| Untracked 
| 355|0x0000000096300000, 0x0000000096300000, 0x0000000096400000|  0%| F|  |TAMS 0x0000000096300000, 0x0000000096300000| Untracked 
| 356|0x0000000096400000, 0x0000000096400000, 0x0000000096500000|  0%| F|  |TAMS 0x0000000096400000, 0x0000000096400000| Untracked 
| 357|0x0000000096500000, 0x0000000096500000, 0x0000000096600000|  0%| F|  |TAMS 0x0000000096500000, 0x0000000096500000| Untracked 
| 358|0x0000000096600000, 0x0000000096600000, 0x0000000096700000|  0%| F|  |TAMS 0x0000000096600000, 0x0000000096600000| Untracked 
| 359|0x0000000096700000, 0x0000000096800000, 0x0000000096800000|100%| O|  |TAMS 0x0000000096700000, 0x0000000096700000| Untracked 
| 360|0x0000000096800000, 0x0000000096800000, 0x0000000096900000|  0%| F|  |TAMS 0x0000000096800000, 0x0000000096800000| Untracked 
| 361|0x0000000096900000, 0x0000000096a00000, 0x0000000096a00000|100%| O|  |TAMS 0x0000000096900000, 0x0000000096900000| Untracked 
| 362|0x0000000096a00000, 0x0000000096b00000, 0x0000000096b00000|100%| O|  |TAMS 0x0000000096a00000, 0x0000000096a00000| Untracked 
| 363|0x0000000096b00000, 0x0000000096b00000, 0x0000000096c00000|  0%| F|  |TAMS 0x0000000096b00000, 0x0000000096b00000| Untracked 
| 364|0x0000000096c00000, 0x0000000096c00000, 0x0000000096d00000|  0%| F|  |TAMS 0x0000000096c00000, 0x0000000096c00000| Untracked 
| 365|0x0000000096d00000, 0x0000000096d00000, 0x0000000096e00000|  0%| F|  |TAMS 0x0000000096d00000, 0x0000000096d00000| Untracked 
| 366|0x0000000096e00000, 0x0000000096e00000, 0x0000000096f00000|  0%| F|  |TAMS 0x0000000096e00000, 0x0000000096e00000| Untracked 
| 367|0x0000000096f00000, 0x0000000097000000, 0x0000000097000000|100%| O|  |TAMS 0x0000000096f00000, 0x0000000096f00000| Untracked 
| 368|0x0000000097000000, 0x0000000097000000, 0x0000000097100000|  0%| F|  |TAMS 0x0000000097000000, 0x0000000097000000| Untracked 
| 369|0x0000000097100000, 0x0000000097200000, 0x0000000097200000|100%| O|  |TAMS 0x0000000097100000, 0x0000000097100000| Untracked 
| 370|0x0000000097200000, 0x0000000097300000, 0x0000000097300000|100%| O|  |TAMS 0x0000000097200000, 0x0000000097200000| Untracked 
| 371|0x0000000097300000, 0x0000000097400000, 0x0000000097400000|100%| O|  |TAMS 0x0000000097300000, 0x0000000097300000| Untracked 
| 372|0x0000000097400000, 0x0000000097400000, 0x0000000097500000|  0%| F|  |TAMS 0x0000000097400000, 0x0000000097400000| Untracked 
| 373|0x0000000097500000, 0x0000000097500000, 0x0000000097600000|  0%| F|  |TAMS 0x0000000097500000, 0x0000000097500000| Untracked 
| 374|0x0000000097600000, 0x0000000097600000, 0x0000000097700000|  0%| F|  |TAMS 0x0000000097600000, 0x0000000097600000| Untracked 
| 375|0x0000000097700000, 0x0000000097700000, 0x0000000097800000|  0%| F|  |TAMS 0x0000000097700000, 0x0000000097700000| Untracked 
| 376|0x0000000097800000, 0x0000000097900000, 0x0000000097900000|100%| O|  |TAMS 0x0000000097800000, 0x0000000097800000| Untracked 
| 377|0x0000000097900000, 0x0000000097a00000, 0x0000000097a00000|100%| O|  |TAMS 0x0000000097900000, 0x0000000097900000| Untracked 
| 378|0x0000000097a00000, 0x0000000097b00000, 0x0000000097b00000|100%| O|  |TAMS 0x0000000097a00000, 0x0000000097a00000| Untracked 
| 379|0x0000000097b00000, 0x0000000097b00000, 0x0000000097c00000|  0%| F|  |TAMS 0x0000000097b00000, 0x0000000097b00000| Untracked 
| 380|0x0000000097c00000, 0x0000000097d00000, 0x0000000097d00000|100%| O|  |TAMS 0x0000000097c00000, 0x0000000097c00000| Untracked 
| 381|0x0000000097d00000, 0x0000000097d00000, 0x0000000097e00000|  0%| F|  |TAMS 0x0000000097d00000, 0x0000000097d00000| Untracked 
| 382|0x0000000097e00000, 0x0000000097e00000, 0x0000000097f00000|  0%| F|  |TAMS 0x0000000097e00000, 0x0000000097e00000| Untracked 
| 383|0x0000000097f00000, 0x0000000098000000, 0x0000000098000000|100%| O|  |TAMS 0x0000000097f00000, 0x0000000097f00000| Untracked 
| 384|0x0000000098000000, 0x0000000098100000, 0x0000000098100000|100%| O|  |TAMS 0x0000000098000000, 0x0000000098000000| Untracked 
| 385|0x0000000098100000, 0x0000000098100000, 0x0000000098200000|  0%| F|  |TAMS 0x0000000098100000, 0x0000000098100000| Untracked 
| 386|0x0000000098200000, 0x0000000098200000, 0x0000000098300000|  0%| F|  |TAMS 0x0000000098200000, 0x0000000098200000| Untracked 
| 387|0x0000000098300000, 0x0000000098400000, 0x0000000098400000|100%| O|  |TAMS 0x0000000098300000, 0x0000000098300000| Untracked 
| 388|0x0000000098400000, 0x0000000098500000, 0x0000000098500000|100%| O|  |TAMS 0x0000000098400000, 0x0000000098400000| Untracked 
| 389|0x0000000098500000, 0x0000000098600000, 0x0000000098600000|100%| O|  |TAMS 0x0000000098500000, 0x0000000098500000| Untracked 
| 390|0x0000000098600000, 0x0000000098600000, 0x0000000098700000|  0%| F|  |TAMS 0x0000000098600000, 0x0000000098600000| Untracked 
| 391|0x0000000098700000, 0x0000000098700000, 0x0000000098800000|  0%| F|  |TAMS 0x0000000098700000, 0x0000000098700000| Untracked 
| 392|0x0000000098800000, 0x0000000098800000, 0x0000000098900000|  0%| F|  |TAMS 0x0000000098800000, 0x0000000098800000| Untracked 
| 393|0x0000000098900000, 0x0000000098900000, 0x0000000098a00000|  0%| F|  |TAMS 0x0000000098900000, 0x0000000098900000| Untracked 
| 394|0x0000000098a00000, 0x0000000098a00000, 0x0000000098b00000|  0%| F|  |TAMS 0x0000000098a00000, 0x0000000098a00000| Untracked 
| 395|0x0000000098b00000, 0x0000000098c00000, 0x0000000098c00000|100%| O|  |TAMS 0x0000000098b00000, 0x0000000098b00000| Untracked 
| 396|0x0000000098c00000, 0x0000000098c00000, 0x0000000098d00000|  0%| F|  |TAMS 0x0000000098c00000, 0x0000000098c00000| Untracked 
| 397|0x0000000098d00000, 0x0000000098d00000, 0x0000000098e00000|  0%| F|  |TAMS 0x0000000098d00000, 0x0000000098d00000| Untracked 
| 398|0x0000000098e00000, 0x0000000098e00000, 0x0000000098f00000|  0%| F|  |TAMS 0x0000000098e00000, 0x0000000098e00000| Untracked 
| 399|0x0000000098f00000, 0x0000000098f00000, 0x0000000099000000|  0%| F|  |TAMS 0x0000000098f00000, 0x0000000098f00000| Untracked 
| 400|0x0000000099000000, 0x0000000099000000, 0x0000000099100000|  0%| F|  |TAMS 0x0000000099000000, 0x0000000099000000| Untracked 
| 401|0x0000000099100000, 0x0000000099100000, 0x0000000099200000|  0%| F|  |TAMS 0x0000000099100000, 0x0000000099100000| Untracked 
| 402|0x0000000099200000, 0x0000000099200000, 0x0000000099300000|  0%| F|  |TAMS 0x0000000099200000, 0x0000000099200000| Untracked 
| 403|0x0000000099300000, 0x0000000099300000, 0x0000000099400000|  0%| F|  |TAMS 0x0000000099300000, 0x0000000099300000| Untracked 
| 404|0x0000000099400000, 0x0000000099400000, 0x0000000099500000|  0%| F|  |TAMS 0x0000000099400000, 0x0000000099400000| Untracked 
| 405|0x0000000099500000, 0x0000000099500000, 0x0000000099600000|  0%| F|  |TAMS 0x0000000099500000, 0x0000000099500000| Untracked 
| 406|0x0000000099600000, 0x0000000099700000, 0x0000000099700000|100%| O|  |TAMS 0x0000000099600000, 0x0000000099600000| Untracked 
| 407|0x0000000099700000, 0x0000000099700000, 0x0000000099800000|  0%| F|  |TAMS 0x0000000099700000, 0x0000000099700000| Untracked 
| 408|0x0000000099800000, 0x0000000099800000, 0x0000000099900000|  0%| F|  |TAMS 0x0000000099800000, 0x0000000099800000| Untracked 
| 409|0x0000000099900000, 0x0000000099900000, 0x0000000099a00000|  0%| F|  |TAMS 0x0000000099900000, 0x0000000099900000| Untracked 
| 410|0x0000000099a00000, 0x0000000099a00000, 0x0000000099b00000|  0%| F|  |TAMS 0x0000000099a00000, 0x0000000099a00000| Untracked 
| 411|0x0000000099b00000, 0x0000000099b00000, 0x0000000099c00000|  0%| F|  |TAMS 0x0000000099b00000, 0x0000000099b00000| Untracked 
| 412|0x0000000099c00000, 0x0000000099d00000, 0x0000000099d00000|100%| O|  |TAMS 0x0000000099c00000, 0x0000000099c00000| Untracked 
| 413|0x0000000099d00000, 0x0000000099d00000, 0x0000000099e00000|  0%| F|  |TAMS 0x0000000099d00000, 0x0000000099d00000| Untracked 
| 414|0x0000000099e00000, 0x0000000099e00000, 0x0000000099f00000|  0%| F|  |TAMS 0x0000000099e00000, 0x0000000099e00000| Untracked 
| 415|0x0000000099f00000, 0x0000000099f00000, 0x000000009a000000|  0%| F|  |TAMS 0x0000000099f00000, 0x0000000099f00000| Untracked 
| 416|0x000000009a000000, 0x000000009a000000, 0x000000009a100000|  0%| F|  |TAMS 0x000000009a000000, 0x000000009a000000| Untracked 
| 417|0x000000009a100000, 0x000000009a100000, 0x000000009a200000|  0%| F|  |TAMS 0x000000009a100000, 0x000000009a100000| Untracked 
| 418|0x000000009a200000, 0x000000009a200000, 0x000000009a300000|  0%| F|  |TAMS 0x000000009a200000, 0x000000009a200000| Untracked 
| 419|0x000000009a300000, 0x000000009a300000, 0x000000009a400000|  0%| F|  |TAMS 0x000000009a300000, 0x000000009a300000| Untracked 
| 420|0x000000009a400000, 0x000000009a500000, 0x000000009a500000|100%| O|  |TAMS 0x000000009a400000, 0x000000009a400000| Untracked 
| 421|0x000000009a500000, 0x000000009a500000, 0x000000009a600000|  0%| F|  |TAMS 0x000000009a500000, 0x000000009a500000| Untracked 
| 422|0x000000009a600000, 0x000000009a700000, 0x000000009a700000|100%| O|  |TAMS 0x000000009a600000, 0x000000009a600000| Untracked 
| 423|0x000000009a700000, 0x000000009a700000, 0x000000009a800000|  0%| F|  |TAMS 0x000000009a700000, 0x000000009a700000| Untracked 
| 424|0x000000009a800000, 0x000000009a800000, 0x000000009a900000|  0%| F|  |TAMS 0x000000009a800000, 0x000000009a800000| Untracked 
| 425|0x000000009a900000, 0x000000009a900000, 0x000000009aa00000|  0%| F|  |TAMS 0x000000009a900000, 0x000000009a900000| Untracked 
| 426|0x000000009aa00000, 0x000000009aa00000, 0x000000009ab00000|  0%| F|  |TAMS 0x000000009aa00000, 0x000000009aa00000| Untracked 
| 427|0x000000009ab00000, 0x000000009ab00000, 0x000000009ac00000|  0%| F|  |TAMS 0x000000009ab00000, 0x000000009ab00000| Untracked 
| 428|0x000000009ac00000, 0x000000009ac00000, 0x000000009ad00000|  0%| F|  |TAMS 0x000000009ac00000, 0x000000009ac00000| Untracked 
| 429|0x000000009ad00000, 0x000000009ad00000, 0x000000009ae00000|  0%| F|  |TAMS 0x000000009ad00000, 0x000000009ad00000| Untracked 
| 430|0x000000009ae00000, 0x000000009ae00000, 0x000000009af00000|  0%| F|  |TAMS 0x000000009ae00000, 0x000000009ae00000| Untracked 
| 431|0x000000009af00000, 0x000000009af00000, 0x000000009b000000|  0%| F|  |TAMS 0x000000009af00000, 0x000000009af00000| Untracked 
| 432|0x000000009b000000, 0x000000009b000000, 0x000000009b100000|  0%| F|  |TAMS 0x000000009b000000, 0x000000009b000000| Untracked 
| 433|0x000000009b100000, 0x000000009b100000, 0x000000009b200000|  0%| F|  |TAMS 0x000000009b100000, 0x000000009b100000| Untracked 
| 434|0x000000009b200000, 0x000000009b200000, 0x000000009b300000|  0%| F|  |TAMS 0x000000009b200000, 0x000000009b200000| Untracked 
| 435|0x000000009b300000, 0x000000009b300000, 0x000000009b400000|  0%| F|  |TAMS 0x000000009b300000, 0x000000009b300000| Untracked 
| 436|0x000000009b400000, 0x000000009b400000, 0x000000009b500000|  0%| F|  |TAMS 0x000000009b400000, 0x000000009b400000| Untracked 
| 437|0x000000009b500000, 0x000000009b500000, 0x000000009b600000|  0%| F|  |TAMS 0x000000009b500000, 0x000000009b500000| Untracked 
| 438|0x000000009b600000, 0x000000009b600000, 0x000000009b700000|  0%| F|  |TAMS 0x000000009b600000, 0x000000009b600000| Untracked 
| 439|0x000000009b700000, 0x000000009b700000, 0x000000009b800000|  0%| F|  |TAMS 0x000000009b700000, 0x000000009b700000| Untracked 
| 440|0x000000009b800000, 0x000000009b800000, 0x000000009b900000|  0%| F|  |TAMS 0x000000009b800000, 0x000000009b800000| Untracked 
| 441|0x000000009b900000, 0x000000009b900000, 0x000000009ba00000|  0%| F|  |TAMS 0x000000009b900000, 0x000000009b900000| Untracked 
| 442|0x000000009ba00000, 0x000000009ba00000, 0x000000009bb00000|  0%| F|  |TAMS 0x000000009ba00000, 0x000000009ba00000| Untracked 
| 443|0x000000009bb00000, 0x000000009bb00000, 0x000000009bc00000|  0%| F|  |TAMS 0x000000009bb00000, 0x000000009bb00000| Untracked 
| 444|0x000000009bc00000, 0x000000009bc00000, 0x000000009bd00000|  0%| F|  |TAMS 0x000000009bc00000, 0x000000009bc00000| Untracked 
| 445|0x000000009bd00000, 0x000000009bd00000, 0x000000009be00000|  0%| F|  |TAMS 0x000000009bd00000, 0x000000009bd00000| Untracked 
| 446|0x000000009be00000, 0x000000009be00000, 0x000000009bf00000|  0%| F|  |TAMS 0x000000009be00000, 0x000000009be00000| Untracked 
| 447|0x000000009bf00000, 0x000000009bf00000, 0x000000009c000000|  0%| F|  |TAMS 0x000000009bf00000, 0x000000009bf00000| Untracked 
| 448|0x000000009c000000, 0x000000009c000000, 0x000000009c100000|  0%| F|  |TAMS 0x000000009c000000, 0x000000009c000000| Untracked 
| 449|0x000000009c100000, 0x000000009c100000, 0x000000009c200000|  0%| F|  |TAMS 0x000000009c100000, 0x000000009c100000| Untracked 
| 450|0x000000009c200000, 0x000000009c200000, 0x000000009c300000|  0%| F|  |TAMS 0x000000009c200000, 0x000000009c200000| Untracked 
| 451|0x000000009c300000, 0x000000009c300000, 0x000000009c400000|  0%| F|  |TAMS 0x000000009c300000, 0x000000009c300000| Untracked 
| 452|0x000000009c400000, 0x000000009c400000, 0x000000009c500000|  0%| F|  |TAMS 0x000000009c400000, 0x000000009c400000| Untracked 
| 453|0x000000009c500000, 0x000000009c500000, 0x000000009c600000|  0%| F|  |TAMS 0x000000009c500000, 0x000000009c500000| Untracked 
| 454|0x000000009c600000, 0x000000009c600000, 0x000000009c700000|  0%| F|  |TAMS 0x000000009c600000, 0x000000009c600000| Untracked 
| 455|0x000000009c700000, 0x000000009c700000, 0x000000009c800000|  0%| F|  |TAMS 0x000000009c700000, 0x000000009c700000| Untracked 
| 456|0x000000009c800000, 0x000000009c800000, 0x000000009c900000|  0%| F|  |TAMS 0x000000009c800000, 0x000000009c800000| Untracked 
| 457|0x000000009c900000, 0x000000009c900000, 0x000000009ca00000|  0%| F|  |TAMS 0x000000009c900000, 0x000000009c900000| Untracked 
| 458|0x000000009ca00000, 0x000000009ca00000, 0x000000009cb00000|  0%| F|  |TAMS 0x000000009ca00000, 0x000000009ca00000| Untracked 
| 459|0x000000009cb00000, 0x000000009cb00000, 0x000000009cc00000|  0%| F|  |TAMS 0x000000009cb00000, 0x000000009cb00000| Untracked 
| 460|0x000000009cc00000, 0x000000009cc00000, 0x000000009cd00000|  0%| F|  |TAMS 0x000000009cc00000, 0x000000009cc00000| Untracked 
| 461|0x000000009cd00000, 0x000000009cd00000, 0x000000009ce00000|  0%| F|  |TAMS 0x000000009cd00000, 0x000000009cd00000| Untracked 
| 462|0x000000009ce00000, 0x000000009ce00000, 0x000000009cf00000|  0%| F|  |TAMS 0x000000009ce00000, 0x000000009ce00000| Untracked 
| 463|0x000000009cf00000, 0x000000009cf00000, 0x000000009d000000|  0%| F|  |TAMS 0x000000009cf00000, 0x000000009cf00000| Untracked 
| 464|0x000000009d000000, 0x000000009d000000, 0x000000009d100000|  0%| F|  |TAMS 0x000000009d000000, 0x000000009d000000| Untracked 
| 465|0x000000009d100000, 0x000000009d200000, 0x000000009d200000|100%| O|  |TAMS 0x000000009d200000, 0x000000009d100000| Untracked 
| 466|0x000000009d200000, 0x000000009d300000, 0x000000009d300000|100%| O|  |TAMS 0x000000009d300000, 0x000000009d200000| Untracked 
| 467|0x000000009d300000, 0x000000009d400000, 0x000000009d400000|100%| O|  |TAMS 0x000000009d400000, 0x000000009d300000| Untracked 
| 468|0x000000009d400000, 0x000000009d500000, 0x000000009d500000|100%| O|  |TAMS 0x000000009d500000, 0x000000009d400000| Untracked 
| 469|0x000000009d500000, 0x000000009d500000, 0x000000009d600000|  0%| F|  |TAMS 0x000000009d500000, 0x000000009d500000| Untracked 
| 470|0x000000009d600000, 0x000000009d600000, 0x000000009d700000|  0%| F|  |TAMS 0x000000009d600000, 0x000000009d600000| Untracked 
| 471|0x000000009d700000, 0x000000009d700000, 0x000000009d800000|  0%| F|  |TAMS 0x000000009d700000, 0x000000009d700000| Untracked 
| 472|0x000000009d800000, 0x000000009d800000, 0x000000009d900000|  0%| F|  |TAMS 0x000000009d800000, 0x000000009d800000| Untracked 
| 473|0x000000009d900000, 0x000000009d900000, 0x000000009da00000|  0%| F|  |TAMS 0x000000009d900000, 0x000000009d900000| Untracked 
| 474|0x000000009da00000, 0x000000009da00000, 0x000000009db00000|  0%| F|  |TAMS 0x000000009da00000, 0x000000009da00000| Untracked 
| 475|0x000000009db00000, 0x000000009db00000, 0x000000009dc00000|  0%| F|  |TAMS 0x000000009db00000, 0x000000009db00000| Untracked 
| 476|0x000000009dc00000, 0x000000009dc00000, 0x000000009dd00000|  0%| F|  |TAMS 0x000000009dc00000, 0x000000009dc00000| Untracked 
| 477|0x000000009dd00000, 0x000000009dd00000, 0x000000009de00000|  0%| F|  |TAMS 0x000000009dd00000, 0x000000009dd00000| Untracked 
| 478|0x000000009de00000, 0x000000009de00000, 0x000000009df00000|  0%| F|  |TAMS 0x000000009de00000, 0x000000009de00000| Untracked 
| 479|0x000000009df00000, 0x000000009df00000, 0x000000009e000000|  0%| F|  |TAMS 0x000000009df00000, 0x000000009df00000| Untracked 
| 480|0x000000009e000000, 0x000000009e000000, 0x000000009e100000|  0%| F|  |TAMS 0x000000009e000000, 0x000000009e000000| Untracked 
| 481|0x000000009e100000, 0x000000009e100000, 0x000000009e200000|  0%| F|  |TAMS 0x000000009e100000, 0x000000009e100000| Untracked 
| 482|0x000000009e200000, 0x000000009e200000, 0x000000009e300000|  0%| F|  |TAMS 0x000000009e200000, 0x000000009e200000| Untracked 
| 483|0x000000009e300000, 0x000000009e300000, 0x000000009e400000|  0%| F|  |TAMS 0x000000009e300000, 0x000000009e300000| Untracked 
| 484|0x000000009e400000, 0x000000009e400000, 0x000000009e500000|  0%| F|  |TAMS 0x000000009e400000, 0x000000009e400000| Untracked 
| 485|0x000000009e500000, 0x000000009e500000, 0x000000009e600000|  0%| F|  |TAMS 0x000000009e500000, 0x000000009e500000| Untracked 
| 486|0x000000009e600000, 0x000000009e600000, 0x000000009e700000|  0%| F|  |TAMS 0x000000009e600000, 0x000000009e600000| Untracked 
| 487|0x000000009e700000, 0x000000009e700000, 0x000000009e800000|  0%| F|  |TAMS 0x000000009e700000, 0x000000009e700000| Untracked 
| 488|0x000000009e800000, 0x000000009e800000, 0x000000009e900000|  0%| F|  |TAMS 0x000000009e800000, 0x000000009e800000| Untracked 
| 489|0x000000009e900000, 0x000000009e900000, 0x000000009ea00000|  0%| F|  |TAMS 0x000000009e900000, 0x000000009e900000| Untracked 
| 490|0x000000009ea00000, 0x000000009ea00000, 0x000000009eb00000|  0%| F|  |TAMS 0x000000009ea00000, 0x000000009ea00000| Untracked 
| 491|0x000000009eb00000, 0x000000009eb00000, 0x000000009ec00000|  0%| F|  |TAMS 0x000000009eb00000, 0x000000009eb00000| Untracked 
| 492|0x000000009ec00000, 0x000000009ec00000, 0x000000009ed00000|  0%| F|  |TAMS 0x000000009ec00000, 0x000000009ec00000| Untracked 
| 493|0x000000009ed00000, 0x000000009ed00000, 0x000000009ee00000|  0%| F|  |TAMS 0x000000009ed00000, 0x000000009ed00000| Untracked 
| 494|0x000000009ee00000, 0x000000009ee00000, 0x000000009ef00000|  0%| F|  |TAMS 0x000000009ee00000, 0x000000009ee00000| Untracked 
| 495|0x000000009ef00000, 0x000000009ef00000, 0x000000009f000000|  0%| F|  |TAMS 0x000000009ef00000, 0x000000009ef00000| Untracked 
| 496|0x000000009f000000, 0x000000009f000000, 0x000000009f100000|  0%| F|  |TAMS 0x000000009f000000, 0x000000009f000000| Untracked 
| 497|0x000000009f100000, 0x000000009f100000, 0x000000009f200000|  0%| F|  |TAMS 0x000000009f100000, 0x000000009f100000| Untracked 
| 498|0x000000009f200000, 0x000000009f200000, 0x000000009f300000|  0%| F|  |TAMS 0x000000009f200000, 0x000000009f200000| Untracked 
| 499|0x000000009f300000, 0x000000009f300000, 0x000000009f400000|  0%| F|  |TAMS 0x000000009f300000, 0x000000009f300000| Untracked 
| 500|0x000000009f400000, 0x000000009f400000, 0x000000009f500000|  0%| F|  |TAMS 0x000000009f400000, 0x000000009f400000| Untracked 
| 501|0x000000009f500000, 0x000000009f500000, 0x000000009f600000|  0%| F|  |TAMS 0x000000009f500000, 0x000000009f500000| Untracked 
| 502|0x000000009f600000, 0x000000009f600000, 0x000000009f700000|  0%| F|  |TAMS 0x000000009f600000, 0x000000009f600000| Untracked 
| 503|0x000000009f700000, 0x000000009f700000, 0x000000009f800000|  0%| F|  |TAMS 0x000000009f700000, 0x000000009f700000| Untracked 
| 504|0x000000009f800000, 0x000000009f800000, 0x000000009f900000|  0%| F|  |TAMS 0x000000009f800000, 0x000000009f800000| Untracked 
| 505|0x000000009f900000, 0x000000009f900000, 0x000000009fa00000|  0%| F|  |TAMS 0x000000009f900000, 0x000000009f900000| Untracked 
| 506|0x000000009fa00000, 0x000000009fa00000, 0x000000009fb00000|  0%| F|  |TAMS 0x000000009fa00000, 0x000000009fa00000| Untracked 
| 507|0x000000009fb00000, 0x000000009fb00000, 0x000000009fc00000|  0%| F|  |TAMS 0x000000009fb00000, 0x000000009fb00000| Untracked 
| 508|0x000000009fc00000, 0x000000009fc00000, 0x000000009fd00000|  0%| F|  |TAMS 0x000000009fc00000, 0x000000009fc00000| Untracked 
| 509|0x000000009fd00000, 0x000000009fd00000, 0x000000009fe00000|  0%| F|  |TAMS 0x000000009fd00000, 0x000000009fd00000| Untracked 
| 510|0x000000009fe00000, 0x000000009fe00000, 0x000000009ff00000|  0%| F|  |TAMS 0x000000009fe00000, 0x000000009fe00000| Untracked 
| 511|0x000000009ff00000, 0x000000009ff00000, 0x00000000a0000000|  0%| F|  |TAMS 0x000000009ff00000, 0x000000009ff00000| Untracked 
| 512|0x00000000a0000000, 0x00000000a0000000, 0x00000000a0100000|  0%| F|  |TAMS 0x00000000a0000000, 0x00000000a0000000| Untracked 
| 513|0x00000000a0100000, 0x00000000a0100000, 0x00000000a0200000|  0%| F|  |TAMS 0x00000000a0100000, 0x00000000a0100000| Untracked 
| 514|0x00000000a0200000, 0x00000000a0200000, 0x00000000a0300000|  0%| F|  |TAMS 0x00000000a0200000, 0x00000000a0200000| Untracked 
| 515|0x00000000a0300000, 0x00000000a0300000, 0x00000000a0400000|  0%| F|  |TAMS 0x00000000a0300000, 0x00000000a0300000| Untracked 
| 516|0x00000000a0400000, 0x00000000a0400000, 0x00000000a0500000|  0%| F|  |TAMS 0x00000000a0400000, 0x00000000a0400000| Untracked 
| 517|0x00000000a0500000, 0x00000000a0500000, 0x00000000a0600000|  0%| F|  |TAMS 0x00000000a0500000, 0x00000000a0500000| Untracked 
| 518|0x00000000a0600000, 0x00000000a0600000, 0x00000000a0700000|  0%| F|  |TAMS 0x00000000a0600000, 0x00000000a0600000| Untracked 
| 519|0x00000000a0700000, 0x00000000a0700000, 0x00000000a0800000|  0%| F|  |TAMS 0x00000000a0700000, 0x00000000a0700000| Untracked 
| 520|0x00000000a0800000, 0x00000000a0800000, 0x00000000a0900000|  0%| F|  |TAMS 0x00000000a0800000, 0x00000000a0800000| Untracked 
| 521|0x00000000a0900000, 0x00000000a0900000, 0x00000000a0a00000|  0%| F|  |TAMS 0x00000000a0900000, 0x00000000a0900000| Untracked 
| 522|0x00000000a0a00000, 0x00000000a0a00000, 0x00000000a0b00000|  0%| F|  |TAMS 0x00000000a0a00000, 0x00000000a0a00000| Untracked 
| 523|0x00000000a0b00000, 0x00000000a0b00000, 0x00000000a0c00000|  0%| F|  |TAMS 0x00000000a0b00000, 0x00000000a0b00000| Untracked 
| 524|0x00000000a0c00000, 0x00000000a0c00000, 0x00000000a0d00000|  0%| F|  |TAMS 0x00000000a0c00000, 0x00000000a0c00000| Untracked 
| 525|0x00000000a0d00000, 0x00000000a0d00000, 0x00000000a0e00000|  0%| F|  |TAMS 0x00000000a0d00000, 0x00000000a0d00000| Untracked 
| 526|0x00000000a0e00000, 0x00000000a0e00000, 0x00000000a0f00000|  0%| F|  |TAMS 0x00000000a0e00000, 0x00000000a0e00000| Untracked 
| 527|0x00000000a0f00000, 0x00000000a0f00000, 0x00000000a1000000|  0%| F|  |TAMS 0x00000000a0f00000, 0x00000000a0f00000| Untracked 
| 528|0x00000000a1000000, 0x00000000a1000000, 0x00000000a1100000|  0%| F|  |TAMS 0x00000000a1000000, 0x00000000a1000000| Untracked 
| 529|0x00000000a1100000, 0x00000000a1100000, 0x00000000a1200000|  0%| F|  |TAMS 0x00000000a1100000, 0x00000000a1100000| Untracked 
| 530|0x00000000a1200000, 0x00000000a1200000, 0x00000000a1300000|  0%| F|  |TAMS 0x00000000a1200000, 0x00000000a1200000| Untracked 
| 531|0x00000000a1300000, 0x00000000a1300000, 0x00000000a1400000|  0%| F|  |TAMS 0x00000000a1300000, 0x00000000a1300000| Untracked 
| 532|0x00000000a1400000, 0x00000000a1400000, 0x00000000a1500000|  0%| F|  |TAMS 0x00000000a1400000, 0x00000000a1400000| Untracked 
| 533|0x00000000a1500000, 0x00000000a1500000, 0x00000000a1600000|  0%| F|  |TAMS 0x00000000a1500000, 0x00000000a1500000| Untracked 
| 534|0x00000000a1600000, 0x00000000a1600000, 0x00000000a1700000|  0%| F|  |TAMS 0x00000000a1600000, 0x00000000a1600000| Untracked 
| 535|0x00000000a1700000, 0x00000000a1700000, 0x00000000a1800000|  0%| F|  |TAMS 0x00000000a1700000, 0x00000000a1700000| Untracked 
| 536|0x00000000a1800000, 0x00000000a1800000, 0x00000000a1900000|  0%| F|  |TAMS 0x00000000a1800000, 0x00000000a1800000| Untracked 
| 537|0x00000000a1900000, 0x00000000a1900000, 0x00000000a1a00000|  0%| F|  |TAMS 0x00000000a1900000, 0x00000000a1900000| Untracked 
| 538|0x00000000a1a00000, 0x00000000a1a00000, 0x00000000a1b00000|  0%| F|  |TAMS 0x00000000a1a00000, 0x00000000a1a00000| Untracked 
| 539|0x00000000a1b00000, 0x00000000a1b00000, 0x00000000a1c00000|  0%| F|  |TAMS 0x00000000a1b00000, 0x00000000a1b00000| Untracked 
| 540|0x00000000a1c00000, 0x00000000a1c00000, 0x00000000a1d00000|  0%| F|  |TAMS 0x00000000a1c00000, 0x00000000a1c00000| Untracked 
| 541|0x00000000a1d00000, 0x00000000a1d00000, 0x00000000a1e00000|  0%| F|  |TAMS 0x00000000a1d00000, 0x00000000a1d00000| Untracked 
| 542|0x00000000a1e00000, 0x00000000a1e00000, 0x00000000a1f00000|  0%| F|  |TAMS 0x00000000a1e00000, 0x00000000a1e00000| Untracked 
| 543|0x00000000a1f00000, 0x00000000a1f00000, 0x00000000a2000000|  0%| F|  |TAMS 0x00000000a1f00000, 0x00000000a1f00000| Untracked 
| 544|0x00000000a2000000, 0x00000000a2000000, 0x00000000a2100000|  0%| F|  |TAMS 0x00000000a2000000, 0x00000000a2000000| Untracked 
| 545|0x00000000a2100000, 0x00000000a2100000, 0x00000000a2200000|  0%| F|  |TAMS 0x00000000a2100000, 0x00000000a2100000| Untracked 
| 546|0x00000000a2200000, 0x00000000a2200000, 0x00000000a2300000|  0%| F|  |TAMS 0x00000000a2200000, 0x00000000a2200000| Untracked 
| 547|0x00000000a2300000, 0x00000000a2300000, 0x00000000a2400000|  0%| F|  |TAMS 0x00000000a2300000, 0x00000000a2300000| Untracked 
| 548|0x00000000a2400000, 0x00000000a2400000, 0x00000000a2500000|  0%| F|  |TAMS 0x00000000a2400000, 0x00000000a2400000| Untracked 
| 549|0x00000000a2500000, 0x00000000a2500000, 0x00000000a2600000|  0%| F|  |TAMS 0x00000000a2500000, 0x00000000a2500000| Untracked 
| 550|0x00000000a2600000, 0x00000000a2600000, 0x00000000a2700000|  0%| F|  |TAMS 0x00000000a2600000, 0x00000000a2600000| Untracked 
| 551|0x00000000a2700000, 0x00000000a2700000, 0x00000000a2800000|  0%| F|  |TAMS 0x00000000a2700000, 0x00000000a2700000| Untracked 
| 552|0x00000000a2800000, 0x00000000a2800000, 0x00000000a2900000|  0%| F|  |TAMS 0x00000000a2800000, 0x00000000a2800000| Untracked 
| 553|0x00000000a2900000, 0x00000000a2900000, 0x00000000a2a00000|  0%| F|  |TAMS 0x00000000a2900000, 0x00000000a2900000| Untracked 
| 554|0x00000000a2a00000, 0x00000000a2a00000, 0x00000000a2b00000|  0%| F|  |TAMS 0x00000000a2a00000, 0x00000000a2a00000| Untracked 
| 555|0x00000000a2b00000, 0x00000000a2b00000, 0x00000000a2c00000|  0%| F|  |TAMS 0x00000000a2b00000, 0x00000000a2b00000| Untracked 
| 556|0x00000000a2c00000, 0x00000000a2c00000, 0x00000000a2d00000|  0%| F|  |TAMS 0x00000000a2c00000, 0x00000000a2c00000| Untracked 
| 557|0x00000000a2d00000, 0x00000000a2d00000, 0x00000000a2e00000|  0%| F|  |TAMS 0x00000000a2d00000, 0x00000000a2d00000| Untracked 
| 558|0x00000000a2e00000, 0x00000000a2e00000, 0x00000000a2f00000|  0%| F|  |TAMS 0x00000000a2e00000, 0x00000000a2e00000| Untracked 
| 559|0x00000000a2f00000, 0x00000000a2f00000, 0x00000000a3000000|  0%| F|  |TAMS 0x00000000a2f00000, 0x00000000a2f00000| Untracked 
| 560|0x00000000a3000000, 0x00000000a3000000, 0x00000000a3100000|  0%| F|  |TAMS 0x00000000a3000000, 0x00000000a3000000| Untracked 
| 561|0x00000000a3100000, 0x00000000a3100000, 0x00000000a3200000|  0%| F|  |TAMS 0x00000000a3100000, 0x00000000a3100000| Untracked 
| 562|0x00000000a3200000, 0x00000000a3200000, 0x00000000a3300000|  0%| F|  |TAMS 0x00000000a3200000, 0x00000000a3200000| Untracked 
| 563|0x00000000a3300000, 0x00000000a3300000, 0x00000000a3400000|  0%| F|  |TAMS 0x00000000a3300000, 0x00000000a3300000| Untracked 
| 564|0x00000000a3400000, 0x00000000a3400000, 0x00000000a3500000|  0%| F|  |TAMS 0x00000000a3400000, 0x00000000a3400000| Untracked 
| 565|0x00000000a3500000, 0x00000000a3500000, 0x00000000a3600000|  0%| F|  |TAMS 0x00000000a3500000, 0x00000000a3500000| Untracked 
| 566|0x00000000a3600000, 0x00000000a3600000, 0x00000000a3700000|  0%| F|  |TAMS 0x00000000a3600000, 0x00000000a3600000| Untracked 
| 567|0x00000000a3700000, 0x00000000a3700000, 0x00000000a3800000|  0%| F|  |TAMS 0x00000000a3700000, 0x00000000a3700000| Untracked 
| 568|0x00000000a3800000, 0x00000000a3800000, 0x00000000a3900000|  0%| F|  |TAMS 0x00000000a3800000, 0x00000000a3800000| Untracked 
| 569|0x00000000a3900000, 0x00000000a3900000, 0x00000000a3a00000|  0%| F|  |TAMS 0x00000000a3900000, 0x00000000a3900000| Untracked 
| 570|0x00000000a3a00000, 0x00000000a3a00000, 0x00000000a3b00000|  0%| F|  |TAMS 0x00000000a3a00000, 0x00000000a3a00000| Untracked 
| 571|0x00000000a3b00000, 0x00000000a3b00000, 0x00000000a3c00000|  0%| F|  |TAMS 0x00000000a3b00000, 0x00000000a3b00000| Untracked 
| 572|0x00000000a3c00000, 0x00000000a3c00000, 0x00000000a3d00000|  0%| F|  |TAMS 0x00000000a3c00000, 0x00000000a3c00000| Untracked 
| 573|0x00000000a3d00000, 0x00000000a3d00000, 0x00000000a3e00000|  0%| F|  |TAMS 0x00000000a3d00000, 0x00000000a3d00000| Untracked 
| 574|0x00000000a3e00000, 0x00000000a3e00000, 0x00000000a3f00000|  0%| F|  |TAMS 0x00000000a3e00000, 0x00000000a3e00000| Untracked 
| 575|0x00000000a3f00000, 0x00000000a3f00000, 0x00000000a4000000|  0%| F|  |TAMS 0x00000000a3f00000, 0x00000000a3f00000| Untracked 
| 576|0x00000000a4000000, 0x00000000a4000000, 0x00000000a4100000|  0%| F|  |TAMS 0x00000000a4000000, 0x00000000a4000000| Untracked 
| 577|0x00000000a4100000, 0x00000000a4100000, 0x00000000a4200000|  0%| F|  |TAMS 0x00000000a4100000, 0x00000000a4100000| Untracked 
| 578|0x00000000a4200000, 0x00000000a4200000, 0x00000000a4300000|  0%| F|  |TAMS 0x00000000a4200000, 0x00000000a4200000| Untracked 
| 579|0x00000000a4300000, 0x00000000a4300000, 0x00000000a4400000|  0%| F|  |TAMS 0x00000000a4300000, 0x00000000a4300000| Untracked 
| 580|0x00000000a4400000, 0x00000000a4400000, 0x00000000a4500000|  0%| F|  |TAMS 0x00000000a4400000, 0x00000000a4400000| Untracked 
| 581|0x00000000a4500000, 0x00000000a4500000, 0x00000000a4600000|  0%| F|  |TAMS 0x00000000a4500000, 0x00000000a4500000| Untracked 
| 582|0x00000000a4600000, 0x00000000a4600000, 0x00000000a4700000|  0%| F|  |TAMS 0x00000000a4600000, 0x00000000a4600000| Untracked 
| 583|0x00000000a4700000, 0x00000000a4700000, 0x00000000a4800000|  0%| F|  |TAMS 0x00000000a4700000, 0x00000000a4700000| Untracked 
| 584|0x00000000a4800000, 0x00000000a4800000, 0x00000000a4900000|  0%| F|  |TAMS 0x00000000a4800000, 0x00000000a4800000| Untracked 
| 585|0x00000000a4900000, 0x00000000a4900000, 0x00000000a4a00000|  0%| F|  |TAMS 0x00000000a4900000, 0x00000000a4900000| Untracked 
| 586|0x00000000a4a00000, 0x00000000a4a00000, 0x00000000a4b00000|  0%| F|  |TAMS 0x00000000a4a00000, 0x00000000a4a00000| Untracked 
| 587|0x00000000a4b00000, 0x00000000a4b00000, 0x00000000a4c00000|  0%| F|  |TAMS 0x00000000a4b00000, 0x00000000a4b00000| Untracked 
| 588|0x00000000a4c00000, 0x00000000a4c00000, 0x00000000a4d00000|  0%| F|  |TAMS 0x00000000a4c00000, 0x00000000a4c00000| Untracked 
| 589|0x00000000a4d00000, 0x00000000a4d00000, 0x00000000a4e00000|  0%| F|  |TAMS 0x00000000a4d00000, 0x00000000a4d00000| Untracked 
| 590|0x00000000a4e00000, 0x00000000a4e00000, 0x00000000a4f00000|  0%| F|  |TAMS 0x00000000a4e00000, 0x00000000a4e00000| Untracked 
| 591|0x00000000a4f00000, 0x00000000a4f00000, 0x00000000a5000000|  0%| F|  |TAMS 0x00000000a4f00000, 0x00000000a4f00000| Untracked 
| 592|0x00000000a5000000, 0x00000000a5000000, 0x00000000a5100000|  0%| F|  |TAMS 0x00000000a5000000, 0x00000000a5000000| Untracked 
| 593|0x00000000a5100000, 0x00000000a5200000, 0x00000000a5200000|100%| O|  |TAMS 0x00000000a5200000, 0x00000000a5100000| Untracked 
| 594|0x00000000a5200000, 0x00000000a5200000, 0x00000000a5300000|  0%| F|  |TAMS 0x00000000a5200000, 0x00000000a5200000| Untracked 
| 595|0x00000000a5300000, 0x00000000a5300000, 0x00000000a5400000|  0%| F|  |TAMS 0x00000000a5300000, 0x00000000a5300000| Untracked 
| 596|0x00000000a5400000, 0x00000000a5400000, 0x00000000a5500000|  0%| F|  |TAMS 0x00000000a5400000, 0x00000000a5400000| Untracked 
| 597|0x00000000a5500000, 0x00000000a5500000, 0x00000000a5600000|  0%| F|  |TAMS 0x00000000a5500000, 0x00000000a5500000| Untracked 
| 598|0x00000000a5600000, 0x00000000a5600000, 0x00000000a5700000|  0%| F|  |TAMS 0x00000000a5600000, 0x00000000a5600000| Untracked 
| 599|0x00000000a5700000, 0x00000000a5700000, 0x00000000a5800000|  0%| F|  |TAMS 0x00000000a5700000, 0x00000000a5700000| Untracked 
| 600|0x00000000a5800000, 0x00000000a5900000, 0x00000000a5900000|100%| O|  |TAMS 0x00000000a5900000, 0x00000000a5800000| Untracked 
| 601|0x00000000a5900000, 0x00000000a5900000, 0x00000000a5a00000|  0%| F|  |TAMS 0x00000000a5900000, 0x00000000a5900000| Untracked 
| 602|0x00000000a5a00000, 0x00000000a5a00000, 0x00000000a5b00000|  0%| F|  |TAMS 0x00000000a5a00000, 0x00000000a5a00000| Untracked 
| 603|0x00000000a5b00000, 0x00000000a5b00000, 0x00000000a5c00000|  0%| F|  |TAMS 0x00000000a5b00000, 0x00000000a5b00000| Untracked 
| 604|0x00000000a5c00000, 0x00000000a5c00000, 0x00000000a5d00000|  0%| F|  |TAMS 0x00000000a5c00000, 0x00000000a5c00000| Untracked 
| 605|0x00000000a5d00000, 0x00000000a5e00000, 0x00000000a5e00000|100%| O|  |TAMS 0x00000000a5e00000, 0x00000000a5d00000| Untracked 
| 606|0x00000000a5e00000, 0x00000000a5f00000, 0x00000000a5f00000|100%| O|  |TAMS 0x00000000a5f00000, 0x00000000a5e00000| Untracked 
| 607|0x00000000a5f00000, 0x00000000a6000000, 0x00000000a6000000|100%| O|  |TAMS 0x00000000a6000000, 0x00000000a5f00000| Untracked 
| 608|0x00000000a6000000, 0x00000000a6100000, 0x00000000a6100000|100%| O|  |TAMS 0x00000000a6100000, 0x00000000a6000000| Untracked 
| 609|0x00000000a6100000, 0x00000000a6200000, 0x00000000a6200000|100%| O|  |TAMS 0x00000000a6200000, 0x00000000a6100000| Untracked 
| 610|0x00000000a6200000, 0x00000000a6300000, 0x00000000a6300000|100%| O|  |TAMS 0x00000000a6300000, 0x00000000a6200000| Untracked 
| 611|0x00000000a6300000, 0x00000000a6400000, 0x00000000a6400000|100%| O|  |TAMS 0x00000000a6400000, 0x00000000a6300000| Untracked 
| 612|0x00000000a6400000, 0x00000000a6500000, 0x00000000a6500000|100%| O|  |TAMS 0x00000000a6500000, 0x00000000a6400000| Untracked 
| 613|0x00000000a6500000, 0x00000000a6600000, 0x00000000a6600000|100%| O|  |TAMS 0x00000000a6600000, 0x00000000a6500000| Untracked 
| 614|0x00000000a6600000, 0x00000000a6700000, 0x00000000a6700000|100%| O|  |TAMS 0x00000000a6700000, 0x00000000a6600000| Untracked 
| 615|0x00000000a6700000, 0x00000000a6800000, 0x00000000a6800000|100%| O|  |TAMS 0x00000000a6800000, 0x00000000a6700000| Untracked 
| 616|0x00000000a6800000, 0x00000000a6900000, 0x00000000a6900000|100%| O|  |TAMS 0x00000000a6900000, 0x00000000a6800000| Untracked 
| 617|0x00000000a6900000, 0x00000000a6a00000, 0x00000000a6a00000|100%| O|  |TAMS 0x00000000a6a00000, 0x00000000a6900000| Untracked 
| 618|0x00000000a6a00000, 0x00000000a6b00000, 0x00000000a6b00000|100%| O|  |TAMS 0x00000000a6b00000, 0x00000000a6a00000| Untracked 
| 619|0x00000000a6b00000, 0x00000000a6c00000, 0x00000000a6c00000|100%| O|  |TAMS 0x00000000a6c00000, 0x00000000a6b00000| Untracked 
| 620|0x00000000a6c00000, 0x00000000a6d00000, 0x00000000a6d00000|100%| O|  |TAMS 0x00000000a6d00000, 0x00000000a6c00000| Untracked 
| 621|0x00000000a6d00000, 0x00000000a6e00000, 0x00000000a6e00000|100%| O|  |TAMS 0x00000000a6e00000, 0x00000000a6d00000| Untracked 
| 622|0x00000000a6e00000, 0x00000000a6f00000, 0x00000000a6f00000|100%| O|  |TAMS 0x00000000a6f00000, 0x00000000a6e00000| Untracked 
| 623|0x00000000a6f00000, 0x00000000a7000000, 0x00000000a7000000|100%| O|  |TAMS 0x00000000a7000000, 0x00000000a6f00000| Untracked 
| 624|0x00000000a7000000, 0x00000000a7100000, 0x00000000a7100000|100%| O|  |TAMS 0x00000000a7100000, 0x00000000a7000000| Untracked 
| 625|0x00000000a7100000, 0x00000000a7100000, 0x00000000a7200000|  0%| F|  |TAMS 0x00000000a7100000, 0x00000000a7100000| Untracked 
| 626|0x00000000a7200000, 0x00000000a7300000, 0x00000000a7300000|100%| O|  |TAMS 0x00000000a7300000, 0x00000000a7200000| Untracked 
| 627|0x00000000a7300000, 0x00000000a7400000, 0x00000000a7400000|100%| O|  |TAMS 0x00000000a7400000, 0x00000000a7300000| Untracked 
| 628|0x00000000a7400000, 0x00000000a7500000, 0x00000000a7500000|100%| O|  |TAMS 0x00000000a7500000, 0x00000000a7400000| Untracked 
| 629|0x00000000a7500000, 0x00000000a7600000, 0x00000000a7600000|100%| O|  |TAMS 0x00000000a7600000, 0x00000000a7500000| Untracked 
| 630|0x00000000a7600000, 0x00000000a7700000, 0x00000000a7700000|100%| O|  |TAMS 0x00000000a7700000, 0x00000000a7600000| Untracked 
| 631|0x00000000a7700000, 0x00000000a7800000, 0x00000000a7800000|100%| O|  |TAMS 0x00000000a7800000, 0x00000000a7700000| Untracked 
| 632|0x00000000a7800000, 0x00000000a7900000, 0x00000000a7900000|100%| O|  |TAMS 0x00000000a7900000, 0x00000000a7800000| Untracked 
| 633|0x00000000a7900000, 0x00000000a7a00000, 0x00000000a7a00000|100%| O|  |TAMS 0x00000000a7a00000, 0x00000000a7900000| Untracked 
| 634|0x00000000a7a00000, 0x00000000a7b00000, 0x00000000a7b00000|100%| O|  |TAMS 0x00000000a7a77400, 0x00000000a7a00000| Untracked 
| 635|0x00000000a7b00000, 0x00000000a7c00000, 0x00000000a7c00000|100%| O|  |TAMS 0x00000000a7b00000, 0x00000000a7b00000| Untracked 
| 636|0x00000000a7c00000, 0x00000000a7d00000, 0x00000000a7d00000|100%| O|  |TAMS 0x00000000a7c00000, 0x00000000a7c00000| Untracked 
| 637|0x00000000a7d00000, 0x00000000a7e00000, 0x00000000a7e00000|100%| O|  |TAMS 0x00000000a7d00000, 0x00000000a7d00000| Untracked 
| 638|0x00000000a7e00000, 0x00000000a7f00000, 0x00000000a7f00000|100%| O|  |TAMS 0x00000000a7e00000, 0x00000000a7e00000| Untracked 
| 639|0x00000000a7f00000, 0x00000000a8000000, 0x00000000a8000000|100%| O|  |TAMS 0x00000000a7f00000, 0x00000000a7f00000| Untracked 
| 640|0x00000000a8000000, 0x00000000a8100000, 0x00000000a8100000|100%| O|  |TAMS 0x00000000a8000000, 0x00000000a8000000| Untracked 
| 641|0x00000000a8100000, 0x00000000a8200000, 0x00000000a8200000|100%| O|  |TAMS 0x00000000a8100000, 0x00000000a8100000| Untracked 
| 642|0x00000000a8200000, 0x00000000a8300000, 0x00000000a8300000|100%| O|  |TAMS 0x00000000a8200000, 0x00000000a8200000| Untracked 
| 643|0x00000000a8300000, 0x00000000a8400000, 0x00000000a8400000|100%| O|  |TAMS 0x00000000a8300000, 0x00000000a8300000| Untracked 
| 644|0x00000000a8400000, 0x00000000a8500000, 0x00000000a8500000|100%| O|  |TAMS 0x00000000a8400000, 0x00000000a8400000| Untracked 
| 645|0x00000000a8500000, 0x00000000a8600000, 0x00000000a8600000|100%| O|  |TAMS 0x00000000a8500000, 0x00000000a8500000| Untracked 
| 646|0x00000000a8600000, 0x00000000a8700000, 0x00000000a8700000|100%| O|  |TAMS 0x00000000a8600000, 0x00000000a8600000| Untracked 
| 647|0x00000000a8700000, 0x00000000a8700000, 0x00000000a8800000|  0%| F|  |TAMS 0x00000000a8700000, 0x00000000a8700000| Untracked 
| 648|0x00000000a8800000, 0x00000000a8800000, 0x00000000a8900000|  0%| F|  |TAMS 0x00000000a8800000, 0x00000000a8800000| Untracked 
| 649|0x00000000a8900000, 0x00000000a8900000, 0x00000000a8a00000|  0%| F|  |TAMS 0x00000000a8900000, 0x00000000a8900000| Untracked 
| 650|0x00000000a8a00000, 0x00000000a8a00000, 0x00000000a8b00000|  0%| F|  |TAMS 0x00000000a8a00000, 0x00000000a8a00000| Untracked 
| 651|0x00000000a8b00000, 0x00000000a8b00000, 0x00000000a8c00000|  0%| F|  |TAMS 0x00000000a8b00000, 0x00000000a8b00000| Untracked 
| 652|0x00000000a8c00000, 0x00000000a8c00000, 0x00000000a8d00000|  0%| F|  |TAMS 0x00000000a8c00000, 0x00000000a8c00000| Untracked 
| 653|0x00000000a8d00000, 0x00000000a8d00000, 0x00000000a8e00000|  0%| F|  |TAMS 0x00000000a8d00000, 0x00000000a8d00000| Untracked 
| 654|0x00000000a8e00000, 0x00000000a8e00000, 0x00000000a8f00000|  0%| F|  |TAMS 0x00000000a8e00000, 0x00000000a8e00000| Untracked 
| 655|0x00000000a8f00000, 0x00000000a8f00000, 0x00000000a9000000|  0%| F|  |TAMS 0x00000000a8f00000, 0x00000000a8f00000| Untracked 
| 656|0x00000000a9000000, 0x00000000a9000000, 0x00000000a9100000|  0%| F|  |TAMS 0x00000000a9000000, 0x00000000a9000000| Untracked 
| 657|0x00000000a9100000, 0x00000000a9100000, 0x00000000a9200000|  0%| F|  |TAMS 0x00000000a9100000, 0x00000000a9100000| Untracked 
| 658|0x00000000a9200000, 0x00000000a9200000, 0x00000000a9300000|  0%| F|  |TAMS 0x00000000a9200000, 0x00000000a9200000| Untracked 
| 659|0x00000000a9300000, 0x00000000a9300000, 0x00000000a9400000|  0%| F|  |TAMS 0x00000000a9300000, 0x00000000a9300000| Untracked 
| 660|0x00000000a9400000, 0x00000000a9400000, 0x00000000a9500000|  0%| F|  |TAMS 0x00000000a9400000, 0x00000000a9400000| Untracked 
| 661|0x00000000a9500000, 0x00000000a9500000, 0x00000000a9600000|  0%| F|  |TAMS 0x00000000a9500000, 0x00000000a9500000| Untracked 
| 662|0x00000000a9600000, 0x00000000a9600000, 0x00000000a9700000|  0%| F|  |TAMS 0x00000000a9600000, 0x00000000a9600000| Untracked 
| 663|0x00000000a9700000, 0x00000000a9700000, 0x00000000a9800000|  0%| F|  |TAMS 0x00000000a9700000, 0x00000000a9700000| Untracked 
| 664|0x00000000a9800000, 0x00000000a9800000, 0x00000000a9900000|  0%| F|  |TAMS 0x00000000a9800000, 0x00000000a9800000| Untracked 
| 665|0x00000000a9900000, 0x00000000a9900000, 0x00000000a9a00000|  0%| F|  |TAMS 0x00000000a9900000, 0x00000000a9900000| Untracked 
| 666|0x00000000a9a00000, 0x00000000a9a00000, 0x00000000a9b00000|  0%| F|  |TAMS 0x00000000a9a00000, 0x00000000a9a00000| Untracked 
| 667|0x00000000a9b00000, 0x00000000a9b00000, 0x00000000a9c00000|  0%| F|  |TAMS 0x00000000a9b00000, 0x00000000a9b00000| Untracked 
| 668|0x00000000a9c00000, 0x00000000a9c00000, 0x00000000a9d00000|  0%| F|  |TAMS 0x00000000a9c00000, 0x00000000a9c00000| Untracked 
| 669|0x00000000a9d00000, 0x00000000a9d00000, 0x00000000a9e00000|  0%| F|  |TAMS 0x00000000a9d00000, 0x00000000a9d00000| Untracked 
| 670|0x00000000a9e00000, 0x00000000a9e00000, 0x00000000a9f00000|  0%| F|  |TAMS 0x00000000a9e00000, 0x00000000a9e00000| Untracked 
| 671|0x00000000a9f00000, 0x00000000a9f00000, 0x00000000aa000000|  0%| F|  |TAMS 0x00000000a9f00000, 0x00000000a9f00000| Untracked 
| 672|0x00000000aa000000, 0x00000000aa000000, 0x00000000aa100000|  0%| F|  |TAMS 0x00000000aa000000, 0x00000000aa000000| Untracked 
| 673|0x00000000aa100000, 0x00000000aa100000, 0x00000000aa200000|  0%| F|  |TAMS 0x00000000aa100000, 0x00000000aa100000| Untracked 
| 674|0x00000000aa200000, 0x00000000aa200000, 0x00000000aa300000|  0%| F|  |TAMS 0x00000000aa200000, 0x00000000aa200000| Untracked 
| 675|0x00000000aa300000, 0x00000000aa300000, 0x00000000aa400000|  0%| F|  |TAMS 0x00000000aa300000, 0x00000000aa300000| Untracked 
| 676|0x00000000aa400000, 0x00000000aa400000, 0x00000000aa500000|  0%| F|  |TAMS 0x00000000aa400000, 0x00000000aa400000| Untracked 
| 677|0x00000000aa500000, 0x00000000aa500000, 0x00000000aa600000|  0%| F|  |TAMS 0x00000000aa500000, 0x00000000aa500000| Untracked 
| 678|0x00000000aa600000, 0x00000000aa600000, 0x00000000aa700000|  0%| F|  |TAMS 0x00000000aa600000, 0x00000000aa600000| Untracked 
| 679|0x00000000aa700000, 0x00000000aa700000, 0x00000000aa800000|  0%| F|  |TAMS 0x00000000aa700000, 0x00000000aa700000| Untracked 
| 680|0x00000000aa800000, 0x00000000aa800000, 0x00000000aa900000|  0%| F|  |TAMS 0x00000000aa800000, 0x00000000aa800000| Untracked 
| 681|0x00000000aa900000, 0x00000000aa900000, 0x00000000aaa00000|  0%| F|  |TAMS 0x00000000aa900000, 0x00000000aa900000| Untracked 
| 682|0x00000000aaa00000, 0x00000000aaa00000, 0x00000000aab00000|  0%| F|  |TAMS 0x00000000aaa00000, 0x00000000aaa00000| Untracked 
| 683|0x00000000aab00000, 0x00000000aab00000, 0x00000000aac00000|  0%| F|  |TAMS 0x00000000aab00000, 0x00000000aab00000| Untracked 
| 684|0x00000000aac00000, 0x00000000aac00000, 0x00000000aad00000|  0%| F|  |TAMS 0x00000000aac00000, 0x00000000aac00000| Untracked 
| 685|0x00000000aad00000, 0x00000000aad00000, 0x00000000aae00000|  0%| F|  |TAMS 0x00000000aad00000, 0x00000000aad00000| Untracked 
| 686|0x00000000aae00000, 0x00000000aae00000, 0x00000000aaf00000|  0%| F|  |TAMS 0x00000000aae00000, 0x00000000aae00000| Untracked 
| 687|0x00000000aaf00000, 0x00000000aaf00000, 0x00000000ab000000|  0%| F|  |TAMS 0x00000000aaf00000, 0x00000000aaf00000| Untracked 
| 688|0x00000000ab000000, 0x00000000ab000000, 0x00000000ab100000|  0%| F|  |TAMS 0x00000000ab000000, 0x00000000ab000000| Untracked 
| 689|0x00000000ab100000, 0x00000000ab100000, 0x00000000ab200000|  0%| F|  |TAMS 0x00000000ab100000, 0x00000000ab100000| Untracked 
| 690|0x00000000ab200000, 0x00000000ab200000, 0x00000000ab300000|  0%| F|  |TAMS 0x00000000ab200000, 0x00000000ab200000| Untracked 
| 691|0x00000000ab300000, 0x00000000ab300000, 0x00000000ab400000|  0%| F|  |TAMS 0x00000000ab300000, 0x00000000ab300000| Untracked 
| 692|0x00000000ab400000, 0x00000000ab400000, 0x00000000ab500000|  0%| F|  |TAMS 0x00000000ab400000, 0x00000000ab400000| Untracked 
| 693|0x00000000ab500000, 0x00000000ab500000, 0x00000000ab600000|  0%| F|  |TAMS 0x00000000ab500000, 0x00000000ab500000| Untracked 
| 694|0x00000000ab600000, 0x00000000ab600000, 0x00000000ab700000|  0%| F|  |TAMS 0x00000000ab600000, 0x00000000ab600000| Untracked 
| 695|0x00000000ab700000, 0x00000000ab700000, 0x00000000ab800000|  0%| F|  |TAMS 0x00000000ab700000, 0x00000000ab700000| Untracked 
| 696|0x00000000ab800000, 0x00000000ab800000, 0x00000000ab900000|  0%| F|  |TAMS 0x00000000ab800000, 0x00000000ab800000| Untracked 
| 697|0x00000000ab900000, 0x00000000ab900000, 0x00000000aba00000|  0%| F|  |TAMS 0x00000000ab900000, 0x00000000ab900000| Untracked 
| 698|0x00000000aba00000, 0x00000000aba00000, 0x00000000abb00000|  0%| F|  |TAMS 0x00000000aba00000, 0x00000000aba00000| Untracked 
| 699|0x00000000abb00000, 0x00000000abb00000, 0x00000000abc00000|  0%| F|  |TAMS 0x00000000abb00000, 0x00000000abb00000| Untracked 
| 700|0x00000000abc00000, 0x00000000abc00000, 0x00000000abd00000|  0%| F|  |TAMS 0x00000000abc00000, 0x00000000abc00000| Untracked 
| 701|0x00000000abd00000, 0x00000000abd00000, 0x00000000abe00000|  0%| F|  |TAMS 0x00000000abd00000, 0x00000000abd00000| Untracked 
| 702|0x00000000abe00000, 0x00000000abe00000, 0x00000000abf00000|  0%| F|  |TAMS 0x00000000abe00000, 0x00000000abe00000| Untracked 
| 703|0x00000000abf00000, 0x00000000abf00000, 0x00000000ac000000|  0%| F|  |TAMS 0x00000000abf00000, 0x00000000abf00000| Untracked 
| 704|0x00000000ac000000, 0x00000000ac000000, 0x00000000ac100000|  0%| F|  |TAMS 0x00000000ac000000, 0x00000000ac000000| Untracked 
| 705|0x00000000ac100000, 0x00000000ac100000, 0x00000000ac200000|  0%| F|  |TAMS 0x00000000ac100000, 0x00000000ac100000| Untracked 
| 706|0x00000000ac200000, 0x00000000ac200000, 0x00000000ac300000|  0%| F|  |TAMS 0x00000000ac200000, 0x00000000ac200000| Untracked 
| 707|0x00000000ac300000, 0x00000000ac300000, 0x00000000ac400000|  0%| F|  |TAMS 0x00000000ac300000, 0x00000000ac300000| Untracked 
| 708|0x00000000ac400000, 0x00000000ac400000, 0x00000000ac500000|  0%| F|  |TAMS 0x00000000ac400000, 0x00000000ac400000| Untracked 
| 709|0x00000000ac500000, 0x00000000ac500000, 0x00000000ac600000|  0%| F|  |TAMS 0x00000000ac500000, 0x00000000ac500000| Untracked 
| 710|0x00000000ac600000, 0x00000000ac600000, 0x00000000ac700000|  0%| F|  |TAMS 0x00000000ac600000, 0x00000000ac600000| Untracked 
| 711|0x00000000ac700000, 0x00000000ac700000, 0x00000000ac800000|  0%| F|  |TAMS 0x00000000ac700000, 0x00000000ac700000| Untracked 
| 712|0x00000000ac800000, 0x00000000ac800000, 0x00000000ac900000|  0%| F|  |TAMS 0x00000000ac800000, 0x00000000ac800000| Untracked 
| 713|0x00000000ac900000, 0x00000000ac900000, 0x00000000aca00000|  0%| F|  |TAMS 0x00000000ac900000, 0x00000000ac900000| Untracked 
| 714|0x00000000aca00000, 0x00000000aca00000, 0x00000000acb00000|  0%| F|  |TAMS 0x00000000aca00000, 0x00000000aca00000| Untracked 
| 715|0x00000000acb00000, 0x00000000acb00000, 0x00000000acc00000|  0%| F|  |TAMS 0x00000000acb00000, 0x00000000acb00000| Untracked 
| 716|0x00000000acc00000, 0x00000000acc00000, 0x00000000acd00000|  0%| F|  |TAMS 0x00000000acc00000, 0x00000000acc00000| Untracked 
| 717|0x00000000acd00000, 0x00000000acd00000, 0x00000000ace00000|  0%| F|  |TAMS 0x00000000acd00000, 0x00000000acd00000| Untracked 
| 718|0x00000000ace00000, 0x00000000ace00000, 0x00000000acf00000|  0%| F|  |TAMS 0x00000000ace00000, 0x00000000ace00000| Untracked 
| 719|0x00000000acf00000, 0x00000000acf00000, 0x00000000ad000000|  0%| F|  |TAMS 0x00000000acf00000, 0x00000000acf00000| Untracked 
| 720|0x00000000ad000000, 0x00000000ad000000, 0x00000000ad100000|  0%| F|  |TAMS 0x00000000ad000000, 0x00000000ad000000| Untracked 
| 721|0x00000000ad100000, 0x00000000ad100000, 0x00000000ad200000|  0%| F|  |TAMS 0x00000000ad100000, 0x00000000ad100000| Untracked 
| 722|0x00000000ad200000, 0x00000000ad200000, 0x00000000ad300000|  0%| F|  |TAMS 0x00000000ad200000, 0x00000000ad200000| Untracked 
| 723|0x00000000ad300000, 0x00000000ad300000, 0x00000000ad400000|  0%| F|  |TAMS 0x00000000ad300000, 0x00000000ad300000| Untracked 
| 724|0x00000000ad400000, 0x00000000ad400000, 0x00000000ad500000|  0%| F|  |TAMS 0x00000000ad400000, 0x00000000ad400000| Untracked 
| 725|0x00000000ad500000, 0x00000000ad500000, 0x00000000ad600000|  0%| F|  |TAMS 0x00000000ad500000, 0x00000000ad500000| Untracked 
| 726|0x00000000ad600000, 0x00000000ad600000, 0x00000000ad700000|  0%| F|  |TAMS 0x00000000ad600000, 0x00000000ad600000| Untracked 
| 727|0x00000000ad700000, 0x00000000ad700000, 0x00000000ad800000|  0%| F|  |TAMS 0x00000000ad700000, 0x00000000ad700000| Untracked 
| 728|0x00000000ad800000, 0x00000000ad800000, 0x00000000ad900000|  0%| F|  |TAMS 0x00000000ad800000, 0x00000000ad800000| Untracked 
| 729|0x00000000ad900000, 0x00000000ad900000, 0x00000000ada00000|  0%| F|  |TAMS 0x00000000ad900000, 0x00000000ad900000| Untracked 
| 730|0x00000000ada00000, 0x00000000ada00000, 0x00000000adb00000|  0%| F|  |TAMS 0x00000000ada00000, 0x00000000ada00000| Untracked 
| 731|0x00000000adb00000, 0x00000000adb00000, 0x00000000adc00000|  0%| F|  |TAMS 0x00000000adb00000, 0x00000000adb00000| Untracked 
| 732|0x00000000adc00000, 0x00000000adc00000, 0x00000000add00000|  0%| F|  |TAMS 0x00000000adc00000, 0x00000000adc00000| Untracked 
| 733|0x00000000add00000, 0x00000000add00000, 0x00000000ade00000|  0%| F|  |TAMS 0x00000000add00000, 0x00000000add00000| Untracked 
| 734|0x00000000ade00000, 0x00000000ade00000, 0x00000000adf00000|  0%| F|  |TAMS 0x00000000ade00000, 0x00000000ade00000| Untracked 
| 735|0x00000000adf00000, 0x00000000adf00000, 0x00000000ae000000|  0%| F|  |TAMS 0x00000000adf00000, 0x00000000adf00000| Untracked 
| 736|0x00000000ae000000, 0x00000000ae000000, 0x00000000ae100000|  0%| F|  |TAMS 0x00000000ae000000, 0x00000000ae000000| Untracked 
| 737|0x00000000ae100000, 0x00000000ae100000, 0x00000000ae200000|  0%| F|  |TAMS 0x00000000ae100000, 0x00000000ae100000| Untracked 
| 738|0x00000000ae200000, 0x00000000ae200000, 0x00000000ae300000|  0%| F|  |TAMS 0x00000000ae200000, 0x00000000ae200000| Untracked 
| 739|0x00000000ae300000, 0x00000000ae300000, 0x00000000ae400000|  0%| F|  |TAMS 0x00000000ae300000, 0x00000000ae300000| Untracked 
| 740|0x00000000ae400000, 0x00000000ae400000, 0x00000000ae500000|  0%| F|  |TAMS 0x00000000ae400000, 0x00000000ae400000| Untracked 
| 741|0x00000000ae500000, 0x00000000ae500000, 0x00000000ae600000|  0%| F|  |TAMS 0x00000000ae500000, 0x00000000ae500000| Untracked 
| 742|0x00000000ae600000, 0x00000000ae600000, 0x00000000ae700000|  0%| F|  |TAMS 0x00000000ae600000, 0x00000000ae600000| Untracked 
| 743|0x00000000ae700000, 0x00000000ae700000, 0x00000000ae800000|  0%| F|  |TAMS 0x00000000ae700000, 0x00000000ae700000| Untracked 
| 744|0x00000000ae800000, 0x00000000ae800000, 0x00000000ae900000|  0%| F|  |TAMS 0x00000000ae800000, 0x00000000ae800000| Untracked 
| 745|0x00000000ae900000, 0x00000000ae900000, 0x00000000aea00000|  0%| F|  |TAMS 0x00000000ae900000, 0x00000000ae900000| Untracked 
| 746|0x00000000aea00000, 0x00000000aea00000, 0x00000000aeb00000|  0%| F|  |TAMS 0x00000000aea00000, 0x00000000aea00000| Untracked 
| 747|0x00000000aeb00000, 0x00000000aeb00000, 0x00000000aec00000|  0%| F|  |TAMS 0x00000000aeb00000, 0x00000000aeb00000| Untracked 
| 748|0x00000000aec00000, 0x00000000aec00000, 0x00000000aed00000|  0%| F|  |TAMS 0x00000000aec00000, 0x00000000aec00000| Untracked 
| 749|0x00000000aed00000, 0x00000000aed00000, 0x00000000aee00000|  0%| F|  |TAMS 0x00000000aed00000, 0x00000000aed00000| Untracked 
| 750|0x00000000aee00000, 0x00000000aee00000, 0x00000000aef00000|  0%| F|  |TAMS 0x00000000aee00000, 0x00000000aee00000| Untracked 
| 751|0x00000000aef00000, 0x00000000aef00000, 0x00000000af000000|  0%| F|  |TAMS 0x00000000aef00000, 0x00000000aef00000| Untracked 
| 752|0x00000000af000000, 0x00000000af000000, 0x00000000af100000|  0%| F|  |TAMS 0x00000000af000000, 0x00000000af000000| Untracked 
| 753|0x00000000af100000, 0x00000000af100000, 0x00000000af200000|  0%| F|  |TAMS 0x00000000af100000, 0x00000000af100000| Untracked 
| 754|0x00000000af200000, 0x00000000af200000, 0x00000000af300000|  0%| F|  |TAMS 0x00000000af200000, 0x00000000af200000| Untracked 
| 755|0x00000000af300000, 0x00000000af300000, 0x00000000af400000|  0%| F|  |TAMS 0x00000000af300000, 0x00000000af300000| Untracked 
| 756|0x00000000af400000, 0x00000000af400000, 0x00000000af500000|  0%| F|  |TAMS 0x00000000af400000, 0x00000000af400000| Untracked 
| 757|0x00000000af500000, 0x00000000af500000, 0x00000000af600000|  0%| F|  |TAMS 0x00000000af500000, 0x00000000af500000| Untracked 
| 758|0x00000000af600000, 0x00000000af600000, 0x00000000af700000|  0%| F|  |TAMS 0x00000000af600000, 0x00000000af600000| Untracked 
| 759|0x00000000af700000, 0x00000000af700000, 0x00000000af800000|  0%| F|  |TAMS 0x00000000af700000, 0x00000000af700000| Untracked 
| 760|0x00000000af800000, 0x00000000af800000, 0x00000000af900000|  0%| F|  |TAMS 0x00000000af800000, 0x00000000af800000| Untracked 
| 761|0x00000000af900000, 0x00000000af900000, 0x00000000afa00000|  0%| F|  |TAMS 0x00000000af900000, 0x00000000af900000| Untracked 
| 762|0x00000000afa00000, 0x00000000afa00000, 0x00000000afb00000|  0%| F|  |TAMS 0x00000000afa00000, 0x00000000afa00000| Untracked 
| 763|0x00000000afb00000, 0x00000000afb00000, 0x00000000afc00000|  0%| F|  |TAMS 0x00000000afb00000, 0x00000000afb00000| Untracked 
| 764|0x00000000afc00000, 0x00000000afc00000, 0x00000000afd00000|  0%| F|  |TAMS 0x00000000afc00000, 0x00000000afc00000| Untracked 
| 765|0x00000000afd00000, 0x00000000afd00000, 0x00000000afe00000|  0%| F|  |TAMS 0x00000000afd00000, 0x00000000afd00000| Untracked 
| 766|0x00000000afe00000, 0x00000000afe00000, 0x00000000aff00000|  0%| F|  |TAMS 0x00000000afe00000, 0x00000000afe00000| Untracked 
| 767|0x00000000aff00000, 0x00000000aff00000, 0x00000000b0000000|  0%| F|  |TAMS 0x00000000aff00000, 0x00000000aff00000| Untracked 
| 768|0x00000000b0000000, 0x00000000b0000000, 0x00000000b0100000|  0%| F|  |TAMS 0x00000000b0000000, 0x00000000b0000000| Untracked 
| 769|0x00000000b0100000, 0x00000000b0100000, 0x00000000b0200000|  0%| F|  |TAMS 0x00000000b0100000, 0x00000000b0100000| Untracked 
| 770|0x00000000b0200000, 0x00000000b0200000, 0x00000000b0300000|  0%| F|  |TAMS 0x00000000b0200000, 0x00000000b0200000| Untracked 
| 771|0x00000000b0300000, 0x00000000b0300000, 0x00000000b0400000|  0%| F|  |TAMS 0x00000000b0300000, 0x00000000b0300000| Untracked 
| 772|0x00000000b0400000, 0x00000000b0400000, 0x00000000b0500000|  0%| F|  |TAMS 0x00000000b0400000, 0x00000000b0400000| Untracked 
| 773|0x00000000b0500000, 0x00000000b0500000, 0x00000000b0600000|  0%| F|  |TAMS 0x00000000b0500000, 0x00000000b0500000| Untracked 
| 774|0x00000000b0600000, 0x00000000b0600000, 0x00000000b0700000|  0%| F|  |TAMS 0x00000000b0600000, 0x00000000b0600000| Untracked 
| 775|0x00000000b0700000, 0x00000000b0700000, 0x00000000b0800000|  0%| F|  |TAMS 0x00000000b0700000, 0x00000000b0700000| Untracked 
| 776|0x00000000b0800000, 0x00000000b0800000, 0x00000000b0900000|  0%| F|  |TAMS 0x00000000b0800000, 0x00000000b0800000| Untracked 
| 777|0x00000000b0900000, 0x00000000b0900000, 0x00000000b0a00000|  0%| F|  |TAMS 0x00000000b0900000, 0x00000000b0900000| Untracked 
| 778|0x00000000b0a00000, 0x00000000b0a00000, 0x00000000b0b00000|  0%| F|  |TAMS 0x00000000b0a00000, 0x00000000b0a00000| Untracked 
| 779|0x00000000b0b00000, 0x00000000b0b00000, 0x00000000b0c00000|  0%| F|  |TAMS 0x00000000b0b00000, 0x00000000b0b00000| Untracked 
| 780|0x00000000b0c00000, 0x00000000b0c00000, 0x00000000b0d00000|  0%| F|  |TAMS 0x00000000b0c00000, 0x00000000b0c00000| Untracked 
| 781|0x00000000b0d00000, 0x00000000b0d00000, 0x00000000b0e00000|  0%| F|  |TAMS 0x00000000b0d00000, 0x00000000b0d00000| Untracked 
| 782|0x00000000b0e00000, 0x00000000b0e00000, 0x00000000b0f00000|  0%| F|  |TAMS 0x00000000b0e00000, 0x00000000b0e00000| Untracked 
| 783|0x00000000b0f00000, 0x00000000b0f00000, 0x00000000b1000000|  0%| F|  |TAMS 0x00000000b0f00000, 0x00000000b0f00000| Untracked 
| 784|0x00000000b1000000, 0x00000000b1000000, 0x00000000b1100000|  0%| F|  |TAMS 0x00000000b1000000, 0x00000000b1000000| Untracked 
| 785|0x00000000b1100000, 0x00000000b1100000, 0x00000000b1200000|  0%| F|  |TAMS 0x00000000b1100000, 0x00000000b1100000| Untracked 
| 786|0x00000000b1200000, 0x00000000b1200000, 0x00000000b1300000|  0%| F|  |TAMS 0x00000000b1200000, 0x00000000b1200000| Untracked 
| 787|0x00000000b1300000, 0x00000000b1300000, 0x00000000b1400000|  0%| F|  |TAMS 0x00000000b1300000, 0x00000000b1300000| Untracked 
| 788|0x00000000b1400000, 0x00000000b1400000, 0x00000000b1500000|  0%| F|  |TAMS 0x00000000b1400000, 0x00000000b1400000| Untracked 
| 789|0x00000000b1500000, 0x00000000b1500000, 0x00000000b1600000|  0%| F|  |TAMS 0x00000000b1500000, 0x00000000b1500000| Untracked 
| 790|0x00000000b1600000, 0x00000000b1600000, 0x00000000b1700000|  0%| F|  |TAMS 0x00000000b1600000, 0x00000000b1600000| Untracked 
| 791|0x00000000b1700000, 0x00000000b1700000, 0x00000000b1800000|  0%| F|  |TAMS 0x00000000b1700000, 0x00000000b1700000| Untracked 
| 792|0x00000000b1800000, 0x00000000b1800000, 0x00000000b1900000|  0%| F|  |TAMS 0x00000000b1800000, 0x00000000b1800000| Untracked 
| 793|0x00000000b1900000, 0x00000000b1900000, 0x00000000b1a00000|  0%| F|  |TAMS 0x00000000b1900000, 0x00000000b1900000| Untracked 
| 794|0x00000000b1a00000, 0x00000000b1a00000, 0x00000000b1b00000|  0%| F|  |TAMS 0x00000000b1a00000, 0x00000000b1a00000| Untracked 
| 795|0x00000000b1b00000, 0x00000000b1b00000, 0x00000000b1c00000|  0%| F|  |TAMS 0x00000000b1b00000, 0x00000000b1b00000| Untracked 
| 796|0x00000000b1c00000, 0x00000000b1c00000, 0x00000000b1d00000|  0%| F|  |TAMS 0x00000000b1c00000, 0x00000000b1c00000| Untracked 
| 797|0x00000000b1d00000, 0x00000000b1d00000, 0x00000000b1e00000|  0%| F|  |TAMS 0x00000000b1d00000, 0x00000000b1d00000| Untracked 
| 798|0x00000000b1e00000, 0x00000000b1e00000, 0x00000000b1f00000|  0%| F|  |TAMS 0x00000000b1e00000, 0x00000000b1e00000| Untracked 
| 799|0x00000000b1f00000, 0x00000000b1f00000, 0x00000000b2000000|  0%| F|  |TAMS 0x00000000b1f00000, 0x00000000b1f00000| Untracked 
| 800|0x00000000b2000000, 0x00000000b2000000, 0x00000000b2100000|  0%| F|  |TAMS 0x00000000b2000000, 0x00000000b2000000| Untracked 
| 801|0x00000000b2100000, 0x00000000b2100000, 0x00000000b2200000|  0%| F|  |TAMS 0x00000000b2100000, 0x00000000b2100000| Untracked 
| 802|0x00000000b2200000, 0x00000000b2200000, 0x00000000b2300000|  0%| F|  |TAMS 0x00000000b2200000, 0x00000000b2200000| Untracked 
| 803|0x00000000b2300000, 0x00000000b2300000, 0x00000000b2400000|  0%| F|  |TAMS 0x00000000b2300000, 0x00000000b2300000| Untracked 
| 804|0x00000000b2400000, 0x00000000b2400000, 0x00000000b2500000|  0%| F|  |TAMS 0x00000000b2400000, 0x00000000b2400000| Untracked 
| 805|0x00000000b2500000, 0x00000000b2500000, 0x00000000b2600000|  0%| F|  |TAMS 0x00000000b2500000, 0x00000000b2500000| Untracked 
| 806|0x00000000b2600000, 0x00000000b2600000, 0x00000000b2700000|  0%| F|  |TAMS 0x00000000b2600000, 0x00000000b2600000| Untracked 
| 807|0x00000000b2700000, 0x00000000b2700000, 0x00000000b2800000|  0%| F|  |TAMS 0x00000000b2700000, 0x00000000b2700000| Untracked 
| 808|0x00000000b2800000, 0x00000000b2800000, 0x00000000b2900000|  0%| F|  |TAMS 0x00000000b2800000, 0x00000000b2800000| Untracked 
| 809|0x00000000b2900000, 0x00000000b2900000, 0x00000000b2a00000|  0%| F|  |TAMS 0x00000000b2900000, 0x00000000b2900000| Untracked 
| 810|0x00000000b2a00000, 0x00000000b2a00000, 0x00000000b2b00000|  0%| F|  |TAMS 0x00000000b2a00000, 0x00000000b2a00000| Untracked 
| 811|0x00000000b2b00000, 0x00000000b2b00000, 0x00000000b2c00000|  0%| F|  |TAMS 0x00000000b2b00000, 0x00000000b2b00000| Untracked 
| 812|0x00000000b2c00000, 0x00000000b2c00000, 0x00000000b2d00000|  0%| F|  |TAMS 0x00000000b2c00000, 0x00000000b2c00000| Untracked 
| 813|0x00000000b2d00000, 0x00000000b2d00000, 0x00000000b2e00000|  0%| F|  |TAMS 0x00000000b2d00000, 0x00000000b2d00000| Untracked 
| 814|0x00000000b2e00000, 0x00000000b2e00000, 0x00000000b2f00000|  0%| F|  |TAMS 0x00000000b2e00000, 0x00000000b2e00000| Untracked 
| 815|0x00000000b2f00000, 0x00000000b2f00000, 0x00000000b3000000|  0%| F|  |TAMS 0x00000000b2f00000, 0x00000000b2f00000| Untracked 
| 816|0x00000000b3000000, 0x00000000b3000000, 0x00000000b3100000|  0%| F|  |TAMS 0x00000000b3000000, 0x00000000b3000000| Untracked 
| 817|0x00000000b3100000, 0x00000000b3100000, 0x00000000b3200000|  0%| F|  |TAMS 0x00000000b3100000, 0x00000000b3100000| Untracked 
| 818|0x00000000b3200000, 0x00000000b3200000, 0x00000000b3300000|  0%| F|  |TAMS 0x00000000b3200000, 0x00000000b3200000| Untracked 
| 819|0x00000000b3300000, 0x00000000b3300000, 0x00000000b3400000|  0%| F|  |TAMS 0x00000000b3300000, 0x00000000b3300000| Untracked 
| 820|0x00000000b3400000, 0x00000000b3400000, 0x00000000b3500000|  0%| F|  |TAMS 0x00000000b3400000, 0x00000000b3400000| Untracked 
| 821|0x00000000b3500000, 0x00000000b3500000, 0x00000000b3600000|  0%| F|  |TAMS 0x00000000b3500000, 0x00000000b3500000| Untracked 
| 822|0x00000000b3600000, 0x00000000b3600000, 0x00000000b3700000|  0%| F|  |TAMS 0x00000000b3600000, 0x00000000b3600000| Untracked 
| 823|0x00000000b3700000, 0x00000000b3700000, 0x00000000b3800000|  0%| F|  |TAMS 0x00000000b3700000, 0x00000000b3700000| Untracked 
| 824|0x00000000b3800000, 0x00000000b3800000, 0x00000000b3900000|  0%| F|  |TAMS 0x00000000b3800000, 0x00000000b3800000| Untracked 
| 825|0x00000000b3900000, 0x00000000b3900000, 0x00000000b3a00000|  0%| F|  |TAMS 0x00000000b3900000, 0x00000000b3900000| Untracked 
| 826|0x00000000b3a00000, 0x00000000b3a00000, 0x00000000b3b00000|  0%| F|  |TAMS 0x00000000b3a00000, 0x00000000b3a00000| Untracked 
| 827|0x00000000b3b00000, 0x00000000b3b00000, 0x00000000b3c00000|  0%| F|  |TAMS 0x00000000b3b00000, 0x00000000b3b00000| Untracked 
| 828|0x00000000b3c00000, 0x00000000b3c00000, 0x00000000b3d00000|  0%| F|  |TAMS 0x00000000b3c00000, 0x00000000b3c00000| Untracked 
| 829|0x00000000b3d00000, 0x00000000b3d00000, 0x00000000b3e00000|  0%| F|  |TAMS 0x00000000b3d00000, 0x00000000b3d00000| Untracked 
| 830|0x00000000b3e00000, 0x00000000b3e00000, 0x00000000b3f00000|  0%| F|  |TAMS 0x00000000b3e00000, 0x00000000b3e00000| Untracked 
| 831|0x00000000b3f00000, 0x00000000b3f00000, 0x00000000b4000000|  0%| F|  |TAMS 0x00000000b3f00000, 0x00000000b3f00000| Untracked 
| 832|0x00000000b4000000, 0x00000000b4000000, 0x00000000b4100000|  0%| F|  |TAMS 0x00000000b4000000, 0x00000000b4000000| Untracked 
| 833|0x00000000b4100000, 0x00000000b4100000, 0x00000000b4200000|  0%| F|  |TAMS 0x00000000b4100000, 0x00000000b4100000| Untracked 
| 834|0x00000000b4200000, 0x00000000b4200000, 0x00000000b4300000|  0%| F|  |TAMS 0x00000000b4200000, 0x00000000b4200000| Untracked 
| 835|0x00000000b4300000, 0x00000000b4300000, 0x00000000b4400000|  0%| F|  |TAMS 0x00000000b4300000, 0x00000000b4300000| Untracked 
| 836|0x00000000b4400000, 0x00000000b4400000, 0x00000000b4500000|  0%| F|  |TAMS 0x00000000b4400000, 0x00000000b4400000| Untracked 
| 837|0x00000000b4500000, 0x00000000b4500000, 0x00000000b4600000|  0%| F|  |TAMS 0x00000000b4500000, 0x00000000b4500000| Untracked 
| 838|0x00000000b4600000, 0x00000000b4600000, 0x00000000b4700000|  0%| F|  |TAMS 0x00000000b4600000, 0x00000000b4600000| Untracked 
| 839|0x00000000b4700000, 0x00000000b4700000, 0x00000000b4800000|  0%| F|  |TAMS 0x00000000b4700000, 0x00000000b4700000| Untracked 
| 840|0x00000000b4800000, 0x00000000b4800000, 0x00000000b4900000|  0%| F|  |TAMS 0x00000000b4800000, 0x00000000b4800000| Untracked 
| 841|0x00000000b4900000, 0x00000000b4900000, 0x00000000b4a00000|  0%| F|  |TAMS 0x00000000b4900000, 0x00000000b4900000| Untracked 
| 842|0x00000000b4a00000, 0x00000000b4a00000, 0x00000000b4b00000|  0%| F|  |TAMS 0x00000000b4a00000, 0x00000000b4a00000| Untracked 
| 843|0x00000000b4b00000, 0x00000000b4b00000, 0x00000000b4c00000|  0%| F|  |TAMS 0x00000000b4b00000, 0x00000000b4b00000| Untracked 
| 844|0x00000000b4c00000, 0x00000000b4c00000, 0x00000000b4d00000|  0%| F|  |TAMS 0x00000000b4c00000, 0x00000000b4c00000| Untracked 
| 845|0x00000000b4d00000, 0x00000000b4d00000, 0x00000000b4e00000|  0%| F|  |TAMS 0x00000000b4d00000, 0x00000000b4d00000| Untracked 
| 846|0x00000000b4e00000, 0x00000000b4e00000, 0x00000000b4f00000|  0%| F|  |TAMS 0x00000000b4e00000, 0x00000000b4e00000| Untracked 
| 847|0x00000000b4f00000, 0x00000000b4f00000, 0x00000000b5000000|  0%| F|  |TAMS 0x00000000b4f00000, 0x00000000b4f00000| Untracked 
| 848|0x00000000b5000000, 0x00000000b5000000, 0x00000000b5100000|  0%| F|  |TAMS 0x00000000b5000000, 0x00000000b5000000| Untracked 
| 849|0x00000000b5100000, 0x00000000b5100000, 0x00000000b5200000|  0%| F|  |TAMS 0x00000000b5100000, 0x00000000b5100000| Untracked 
| 850|0x00000000b5200000, 0x00000000b5200000, 0x00000000b5300000|  0%| F|  |TAMS 0x00000000b5200000, 0x00000000b5200000| Untracked 
| 851|0x00000000b5300000, 0x00000000b5300000, 0x00000000b5400000|  0%| F|  |TAMS 0x00000000b5300000, 0x00000000b5300000| Untracked 
| 852|0x00000000b5400000, 0x00000000b5400000, 0x00000000b5500000|  0%| F|  |TAMS 0x00000000b5400000, 0x00000000b5400000| Untracked 
| 853|0x00000000b5500000, 0x00000000b5500000, 0x00000000b5600000|  0%| F|  |TAMS 0x00000000b5500000, 0x00000000b5500000| Untracked 
| 854|0x00000000b5600000, 0x00000000b5600000, 0x00000000b5700000|  0%| F|  |TAMS 0x00000000b5600000, 0x00000000b5600000| Untracked 
| 855|0x00000000b5700000, 0x00000000b5700000, 0x00000000b5800000|  0%| F|  |TAMS 0x00000000b5700000, 0x00000000b5700000| Untracked 
| 856|0x00000000b5800000, 0x00000000b5800000, 0x00000000b5900000|  0%| F|  |TAMS 0x00000000b5800000, 0x00000000b5800000| Untracked 
| 857|0x00000000b5900000, 0x00000000b5900000, 0x00000000b5a00000|  0%| F|  |TAMS 0x00000000b5900000, 0x00000000b5900000| Untracked 
| 858|0x00000000b5a00000, 0x00000000b5a00000, 0x00000000b5b00000|  0%| F|  |TAMS 0x00000000b5a00000, 0x00000000b5a00000| Untracked 
| 859|0x00000000b5b00000, 0x00000000b5b00000, 0x00000000b5c00000|  0%| F|  |TAMS 0x00000000b5b00000, 0x00000000b5b00000| Untracked 
| 860|0x00000000b5c00000, 0x00000000b5c00000, 0x00000000b5d00000|  0%| F|  |TAMS 0x00000000b5c00000, 0x00000000b5c00000| Untracked 
| 861|0x00000000b5d00000, 0x00000000b5d00000, 0x00000000b5e00000|  0%| F|  |TAMS 0x00000000b5d00000, 0x00000000b5d00000| Untracked 
| 862|0x00000000b5e00000, 0x00000000b5e00000, 0x00000000b5f00000|  0%| F|  |TAMS 0x00000000b5e00000, 0x00000000b5e00000| Untracked 
| 863|0x00000000b5f00000, 0x00000000b5f00000, 0x00000000b6000000|  0%| F|  |TAMS 0x00000000b5f00000, 0x00000000b5f00000| Untracked 
| 864|0x00000000b6000000, 0x00000000b6000000, 0x00000000b6100000|  0%| F|  |TAMS 0x00000000b6000000, 0x00000000b6000000| Untracked 
| 865|0x00000000b6100000, 0x00000000b6100000, 0x00000000b6200000|  0%| F|  |TAMS 0x00000000b6100000, 0x00000000b6100000| Untracked 
| 866|0x00000000b6200000, 0x00000000b6200000, 0x00000000b6300000|  0%| F|  |TAMS 0x00000000b6200000, 0x00000000b6200000| Untracked 
| 867|0x00000000b6300000, 0x00000000b6300000, 0x00000000b6400000|  0%| F|  |TAMS 0x00000000b6300000, 0x00000000b6300000| Untracked 
| 868|0x00000000b6400000, 0x00000000b6400000, 0x00000000b6500000|  0%| F|  |TAMS 0x00000000b6400000, 0x00000000b6400000| Untracked 
| 869|0x00000000b6500000, 0x00000000b6500000, 0x00000000b6600000|  0%| F|  |TAMS 0x00000000b6500000, 0x00000000b6500000| Untracked 
| 870|0x00000000b6600000, 0x00000000b6600000, 0x00000000b6700000|  0%| F|  |TAMS 0x00000000b6600000, 0x00000000b6600000| Untracked 
| 871|0x00000000b6700000, 0x00000000b6700000, 0x00000000b6800000|  0%| F|  |TAMS 0x00000000b6700000, 0x00000000b6700000| Untracked 
| 872|0x00000000b6800000, 0x00000000b6800000, 0x00000000b6900000|  0%| F|  |TAMS 0x00000000b6800000, 0x00000000b6800000| Untracked 
| 873|0x00000000b6900000, 0x00000000b6900000, 0x00000000b6a00000|  0%| F|  |TAMS 0x00000000b6900000, 0x00000000b6900000| Untracked 
| 874|0x00000000b6a00000, 0x00000000b6a00000, 0x00000000b6b00000|  0%| F|  |TAMS 0x00000000b6a00000, 0x00000000b6a00000| Untracked 
| 875|0x00000000b6b00000, 0x00000000b6b00000, 0x00000000b6c00000|  0%| F|  |TAMS 0x00000000b6b00000, 0x00000000b6b00000| Untracked 
| 876|0x00000000b6c00000, 0x00000000b6c00000, 0x00000000b6d00000|  0%| F|  |TAMS 0x00000000b6c00000, 0x00000000b6c00000| Untracked 
| 877|0x00000000b6d00000, 0x00000000b6d00000, 0x00000000b6e00000|  0%| F|  |TAMS 0x00000000b6d00000, 0x00000000b6d00000| Untracked 
| 878|0x00000000b6e00000, 0x00000000b6e00000, 0x00000000b6f00000|  0%| F|  |TAMS 0x00000000b6e00000, 0x00000000b6e00000| Untracked 
| 879|0x00000000b6f00000, 0x00000000b6f00000, 0x00000000b7000000|  0%| F|  |TAMS 0x00000000b6f00000, 0x00000000b6f00000| Untracked 
| 880|0x00000000b7000000, 0x00000000b7000000, 0x00000000b7100000|  0%| F|  |TAMS 0x00000000b7000000, 0x00000000b7000000| Untracked 
| 881|0x00000000b7100000, 0x00000000b7100000, 0x00000000b7200000|  0%| F|  |TAMS 0x00000000b7100000, 0x00000000b7100000| Untracked 
| 882|0x00000000b7200000, 0x00000000b7200000, 0x00000000b7300000|  0%| F|  |TAMS 0x00000000b7200000, 0x00000000b7200000| Untracked 
| 883|0x00000000b7300000, 0x00000000b7300000, 0x00000000b7400000|  0%| F|  |TAMS 0x00000000b7300000, 0x00000000b7300000| Untracked 
| 884|0x00000000b7400000, 0x00000000b7400000, 0x00000000b7500000|  0%| F|  |TAMS 0x00000000b7400000, 0x00000000b7400000| Untracked 
| 885|0x00000000b7500000, 0x00000000b7500000, 0x00000000b7600000|  0%| F|  |TAMS 0x00000000b7500000, 0x00000000b7500000| Untracked 
| 886|0x00000000b7600000, 0x00000000b7600000, 0x00000000b7700000|  0%| F|  |TAMS 0x00000000b7600000, 0x00000000b7600000| Untracked 
| 887|0x00000000b7700000, 0x00000000b7700000, 0x00000000b7800000|  0%| F|  |TAMS 0x00000000b7700000, 0x00000000b7700000| Untracked 
| 888|0x00000000b7800000, 0x00000000b7800000, 0x00000000b7900000|  0%| F|  |TAMS 0x00000000b7800000, 0x00000000b7800000| Untracked 
| 889|0x00000000b7900000, 0x00000000b7900000, 0x00000000b7a00000|  0%| F|  |TAMS 0x00000000b7900000, 0x00000000b7900000| Untracked 
| 890|0x00000000b7a00000, 0x00000000b7a00000, 0x00000000b7b00000|  0%| F|  |TAMS 0x00000000b7a00000, 0x00000000b7a00000| Untracked 
| 891|0x00000000b7b00000, 0x00000000b7b00000, 0x00000000b7c00000|  0%| F|  |TAMS 0x00000000b7b00000, 0x00000000b7b00000| Untracked 
| 892|0x00000000b7c00000, 0x00000000b7c00000, 0x00000000b7d00000|  0%| F|  |TAMS 0x00000000b7c00000, 0x00000000b7c00000| Untracked 
| 893|0x00000000b7d00000, 0x00000000b7d00000, 0x00000000b7e00000|  0%| F|  |TAMS 0x00000000b7d00000, 0x00000000b7d00000| Untracked 
| 894|0x00000000b7e00000, 0x00000000b7e00000, 0x00000000b7f00000|  0%| F|  |TAMS 0x00000000b7e00000, 0x00000000b7e00000| Untracked 
| 895|0x00000000b7f00000, 0x00000000b7f00000, 0x00000000b8000000|  0%| F|  |TAMS 0x00000000b7f00000, 0x00000000b7f00000| Untracked 
| 896|0x00000000b8000000, 0x00000000b8000000, 0x00000000b8100000|  0%| F|  |TAMS 0x00000000b8000000, 0x00000000b8000000| Untracked 
| 897|0x00000000b8100000, 0x00000000b8100000, 0x00000000b8200000|  0%| F|  |TAMS 0x00000000b8100000, 0x00000000b8100000| Untracked 
| 898|0x00000000b8200000, 0x00000000b8200000, 0x00000000b8300000|  0%| F|  |TAMS 0x00000000b8200000, 0x00000000b8200000| Untracked 
| 899|0x00000000b8300000, 0x00000000b8300000, 0x00000000b8400000|  0%| F|  |TAMS 0x00000000b8300000, 0x00000000b8300000| Untracked 
| 900|0x00000000b8400000, 0x00000000b8400000, 0x00000000b8500000|  0%| F|  |TAMS 0x00000000b8400000, 0x00000000b8400000| Untracked 
| 901|0x00000000b8500000, 0x00000000b8500000, 0x00000000b8600000|  0%| F|  |TAMS 0x00000000b8500000, 0x00000000b8500000| Untracked 
| 902|0x00000000b8600000, 0x00000000b8600000, 0x00000000b8700000|  0%| F|  |TAMS 0x00000000b8600000, 0x00000000b8600000| Untracked 
| 903|0x00000000b8700000, 0x00000000b8700000, 0x00000000b8800000|  0%| F|  |TAMS 0x00000000b8700000, 0x00000000b8700000| Untracked 
| 904|0x00000000b8800000, 0x00000000b8800000, 0x00000000b8900000|  0%| F|  |TAMS 0x00000000b8800000, 0x00000000b8800000| Untracked 
| 905|0x00000000b8900000, 0x00000000b8900000, 0x00000000b8a00000|  0%| F|  |TAMS 0x00000000b8900000, 0x00000000b8900000| Untracked 
| 906|0x00000000b8a00000, 0x00000000b8a00000, 0x00000000b8b00000|  0%| F|  |TAMS 0x00000000b8a00000, 0x00000000b8a00000| Untracked 
| 907|0x00000000b8b00000, 0x00000000b8b00000, 0x00000000b8c00000|  0%| F|  |TAMS 0x00000000b8b00000, 0x00000000b8b00000| Untracked 
| 908|0x00000000b8c00000, 0x00000000b8c00000, 0x00000000b8d00000|  0%| F|  |TAMS 0x00000000b8c00000, 0x00000000b8c00000| Untracked 
| 909|0x00000000b8d00000, 0x00000000b8d00000, 0x00000000b8e00000|  0%| F|  |TAMS 0x00000000b8d00000, 0x00000000b8d00000| Untracked 
| 910|0x00000000b8e00000, 0x00000000b8e00000, 0x00000000b8f00000|  0%| F|  |TAMS 0x00000000b8e00000, 0x00000000b8e00000| Untracked 
| 911|0x00000000b8f00000, 0x00000000b8f00000, 0x00000000b9000000|  0%| F|  |TAMS 0x00000000b8f00000, 0x00000000b8f00000| Untracked 
| 912|0x00000000b9000000, 0x00000000b9000000, 0x00000000b9100000|  0%| F|  |TAMS 0x00000000b9000000, 0x00000000b9000000| Untracked 
| 913|0x00000000b9100000, 0x00000000b9100000, 0x00000000b9200000|  0%| F|  |TAMS 0x00000000b9100000, 0x00000000b9100000| Untracked 
| 914|0x00000000b9200000, 0x00000000b9200000, 0x00000000b9300000|  0%| F|  |TAMS 0x00000000b9200000, 0x00000000b9200000| Untracked 
| 915|0x00000000b9300000, 0x00000000b9300000, 0x00000000b9400000|  0%| F|  |TAMS 0x00000000b9300000, 0x00000000b9300000| Untracked 
| 916|0x00000000b9400000, 0x00000000b9400000, 0x00000000b9500000|  0%| F|  |TAMS 0x00000000b9400000, 0x00000000b9400000| Untracked 
| 917|0x00000000b9500000, 0x00000000b9500000, 0x00000000b9600000|  0%| F|  |TAMS 0x00000000b9500000, 0x00000000b9500000| Untracked 
| 918|0x00000000b9600000, 0x00000000b9600000, 0x00000000b9700000|  0%| F|  |TAMS 0x00000000b9600000, 0x00000000b9600000| Untracked 
| 919|0x00000000b9700000, 0x00000000b9700000, 0x00000000b9800000|  0%| F|  |TAMS 0x00000000b9700000, 0x00000000b9700000| Untracked 
| 920|0x00000000b9800000, 0x00000000b9800000, 0x00000000b9900000|  0%| F|  |TAMS 0x00000000b9800000, 0x00000000b9800000| Untracked 
| 921|0x00000000b9900000, 0x00000000b9900000, 0x00000000b9a00000|  0%| F|  |TAMS 0x00000000b9900000, 0x00000000b9900000| Untracked 
| 922|0x00000000b9a00000, 0x00000000b9a00000, 0x00000000b9b00000|  0%| F|  |TAMS 0x00000000b9a00000, 0x00000000b9a00000| Untracked 
| 923|0x00000000b9b00000, 0x00000000b9b00000, 0x00000000b9c00000|  0%| F|  |TAMS 0x00000000b9b00000, 0x00000000b9b00000| Untracked 
| 924|0x00000000b9c00000, 0x00000000b9d00000, 0x00000000b9d00000|100%| S|CS|TAMS 0x00000000b9c00000, 0x00000000b9c00000| Complete 
| 925|0x00000000b9d00000, 0x00000000b9e00000, 0x00000000b9e00000|100%| S|CS|TAMS 0x00000000b9d00000, 0x00000000b9d00000| Complete 
| 926|0x00000000b9e00000, 0x00000000b9f00000, 0x00000000b9f00000|100%| S|CS|TAMS 0x00000000b9e00000, 0x00000000b9e00000| Complete 
| 927|0x00000000b9f00000, 0x00000000ba000000, 0x00000000ba000000|100%| S|CS|TAMS 0x00000000b9f00000, 0x00000000b9f00000| Complete 
| 928|0x00000000ba000000, 0x00000000ba100000, 0x00000000ba100000|100%| S|CS|TAMS 0x00000000ba000000, 0x00000000ba000000| Complete 
| 929|0x00000000ba100000, 0x00000000ba200000, 0x00000000ba200000|100%| S|CS|TAMS 0x00000000ba100000, 0x00000000ba100000| Complete 
| 930|0x00000000ba200000, 0x00000000ba300000, 0x00000000ba300000|100%| S|CS|TAMS 0x00000000ba200000, 0x00000000ba200000| Complete 
| 931|0x00000000ba300000, 0x00000000ba400000, 0x00000000ba400000|100%| S|CS|TAMS 0x00000000ba300000, 0x00000000ba300000| Complete 
| 932|0x00000000ba400000, 0x00000000ba500000, 0x00000000ba500000|100%| S|CS|TAMS 0x00000000ba400000, 0x00000000ba400000| Complete 
| 933|0x00000000ba500000, 0x00000000ba600000, 0x00000000ba600000|100%| S|CS|TAMS 0x00000000ba500000, 0x00000000ba500000| Complete 
| 934|0x00000000ba600000, 0x00000000ba700000, 0x00000000ba700000|100%| S|CS|TAMS 0x00000000ba600000, 0x00000000ba600000| Complete 
| 935|0x00000000ba700000, 0x00000000ba800000, 0x00000000ba800000|100%| S|CS|TAMS 0x00000000ba700000, 0x00000000ba700000| Complete 
| 936|0x00000000ba800000, 0x00000000ba900000, 0x00000000ba900000|100%| S|CS|TAMS 0x00000000ba800000, 0x00000000ba800000| Complete 
| 937|0x00000000ba900000, 0x00000000baa00000, 0x00000000baa00000|100%| S|CS|TAMS 0x00000000ba900000, 0x00000000ba900000| Complete 
| 938|0x00000000baa00000, 0x00000000bab00000, 0x00000000bab00000|100%| S|CS|TAMS 0x00000000baa00000, 0x00000000baa00000| Complete 
| 939|0x00000000bab00000, 0x00000000bac00000, 0x00000000bac00000|100%| S|CS|TAMS 0x00000000bab00000, 0x00000000bab00000| Complete 
| 940|0x00000000bac00000, 0x00000000bad00000, 0x00000000bad00000|100%| S|CS|TAMS 0x00000000bac00000, 0x00000000bac00000| Complete 
| 941|0x00000000bad00000, 0x00000000bad00000, 0x00000000bae00000|  0%| F|  |TAMS 0x00000000bad00000, 0x00000000bad00000| Untracked 
| 942|0x00000000bae00000, 0x00000000bae00000, 0x00000000baf00000|  0%| F|  |TAMS 0x00000000bae00000, 0x00000000bae00000| Untracked 
| 943|0x00000000baf00000, 0x00000000baf00000, 0x00000000bb000000|  0%| F|  |TAMS 0x00000000baf00000, 0x00000000baf00000| Untracked 
| 944|0x00000000bb000000, 0x00000000bb000000, 0x00000000bb100000|  0%| F|  |TAMS 0x00000000bb000000, 0x00000000bb000000| Untracked 
| 945|0x00000000bb100000, 0x00000000bb100000, 0x00000000bb200000|  0%| F|  |TAMS 0x00000000bb100000, 0x00000000bb100000| Untracked 
| 946|0x00000000bb200000, 0x00000000bb200000, 0x00000000bb300000|  0%| F|  |TAMS 0x00000000bb200000, 0x00000000bb200000| Untracked 
| 947|0x00000000bb300000, 0x00000000bb300000, 0x00000000bb400000|  0%| F|  |TAMS 0x00000000bb300000, 0x00000000bb300000| Untracked 
| 948|0x00000000bb400000, 0x00000000bb400000, 0x00000000bb500000|  0%| F|  |TAMS 0x00000000bb400000, 0x00000000bb400000| Untracked 
| 949|0x00000000bb500000, 0x00000000bb500000, 0x00000000bb600000|  0%| F|  |TAMS 0x00000000bb500000, 0x00000000bb500000| Untracked 
| 950|0x00000000bb600000, 0x00000000bb600000, 0x00000000bb700000|  0%| F|  |TAMS 0x00000000bb600000, 0x00000000bb600000| Untracked 
| 951|0x00000000bb700000, 0x00000000bb700000, 0x00000000bb800000|  0%| F|  |TAMS 0x00000000bb700000, 0x00000000bb700000| Untracked 
| 952|0x00000000bb800000, 0x00000000bb800000, 0x00000000bb900000|  0%| F|  |TAMS 0x00000000bb800000, 0x00000000bb800000| Untracked 
| 953|0x00000000bb900000, 0x00000000bb900000, 0x00000000bba00000|  0%| F|  |TAMS 0x00000000bb900000, 0x00000000bb900000| Untracked 
| 954|0x00000000bba00000, 0x00000000bba00000, 0x00000000bbb00000|  0%| F|  |TAMS 0x00000000bba00000, 0x00000000bba00000| Untracked 
| 955|0x00000000bbb00000, 0x00000000bbb00000, 0x00000000bbc00000|  0%| F|  |TAMS 0x00000000bbb00000, 0x00000000bbb00000| Untracked 
| 956|0x00000000bbc00000, 0x00000000bbc00000, 0x00000000bbd00000|  0%| F|  |TAMS 0x00000000bbc00000, 0x00000000bbc00000| Untracked 
| 957|0x00000000bbd00000, 0x00000000bbd00000, 0x00000000bbe00000|  0%| F|  |TAMS 0x00000000bbd00000, 0x00000000bbd00000| Untracked 
| 958|0x00000000bbe00000, 0x00000000bbe00000, 0x00000000bbf00000|  0%| F|  |TAMS 0x00000000bbe00000, 0x00000000bbe00000| Untracked 
| 959|0x00000000bbf00000, 0x00000000bbf00000, 0x00000000bc000000|  0%| F|  |TAMS 0x00000000bbf00000, 0x00000000bbf00000| Untracked 
| 960|0x00000000bc000000, 0x00000000bc000000, 0x00000000bc100000|  0%| F|  |TAMS 0x00000000bc000000, 0x00000000bc000000| Untracked 
| 961|0x00000000bc100000, 0x00000000bc100000, 0x00000000bc200000|  0%| F|  |TAMS 0x00000000bc100000, 0x00000000bc100000| Untracked 
| 962|0x00000000bc200000, 0x00000000bc200000, 0x00000000bc300000|  0%| F|  |TAMS 0x00000000bc200000, 0x00000000bc200000| Untracked 
| 963|0x00000000bc300000, 0x00000000bc300000, 0x00000000bc400000|  0%| F|  |TAMS 0x00000000bc300000, 0x00000000bc300000| Untracked 
| 964|0x00000000bc400000, 0x00000000bc400000, 0x00000000bc500000|  0%| F|  |TAMS 0x00000000bc400000, 0x00000000bc400000| Untracked 
| 965|0x00000000bc500000, 0x00000000bc500000, 0x00000000bc600000|  0%| F|  |TAMS 0x00000000bc500000, 0x00000000bc500000| Untracked 
| 966|0x00000000bc600000, 0x00000000bc600000, 0x00000000bc700000|  0%| F|  |TAMS 0x00000000bc600000, 0x00000000bc600000| Untracked 
| 967|0x00000000bc700000, 0x00000000bc700000, 0x00000000bc800000|  0%| F|  |TAMS 0x00000000bc700000, 0x00000000bc700000| Untracked 
| 968|0x00000000bc800000, 0x00000000bc800000, 0x00000000bc900000|  0%| F|  |TAMS 0x00000000bc800000, 0x00000000bc800000| Untracked 
| 969|0x00000000bc900000, 0x00000000bc900000, 0x00000000bca00000|  0%| F|  |TAMS 0x00000000bc900000, 0x00000000bc900000| Untracked 
| 970|0x00000000bca00000, 0x00000000bca00000, 0x00000000bcb00000|  0%| F|  |TAMS 0x00000000bca00000, 0x00000000bca00000| Untracked 
| 971|0x00000000bcb00000, 0x00000000bcb00000, 0x00000000bcc00000|  0%| F|  |TAMS 0x00000000bcb00000, 0x00000000bcb00000| Untracked 
| 972|0x00000000bcc00000, 0x00000000bcc00000, 0x00000000bcd00000|  0%| F|  |TAMS 0x00000000bcc00000, 0x00000000bcc00000| Untracked 
| 973|0x00000000bcd00000, 0x00000000bcd00000, 0x00000000bce00000|  0%| F|  |TAMS 0x00000000bcd00000, 0x00000000bcd00000| Untracked 
| 974|0x00000000bce00000, 0x00000000bce00000, 0x00000000bcf00000|  0%| F|  |TAMS 0x00000000bce00000, 0x00000000bce00000| Untracked 
| 975|0x00000000bcf00000, 0x00000000bcf00000, 0x00000000bd000000|  0%| F|  |TAMS 0x00000000bcf00000, 0x00000000bcf00000| Untracked 
| 976|0x00000000bd000000, 0x00000000bd000000, 0x00000000bd100000|  0%| F|  |TAMS 0x00000000bd000000, 0x00000000bd000000| Untracked 
| 977|0x00000000bd100000, 0x00000000bd100000, 0x00000000bd200000|  0%| F|  |TAMS 0x00000000bd100000, 0x00000000bd100000| Untracked 
| 978|0x00000000bd200000, 0x00000000bd200000, 0x00000000bd300000|  0%| F|  |TAMS 0x00000000bd200000, 0x00000000bd200000| Untracked 
| 979|0x00000000bd300000, 0x00000000bd300000, 0x00000000bd400000|  0%| F|  |TAMS 0x00000000bd300000, 0x00000000bd300000| Untracked 
| 980|0x00000000bd400000, 0x00000000bd400000, 0x00000000bd500000|  0%| F|  |TAMS 0x00000000bd400000, 0x00000000bd400000| Untracked 
| 981|0x00000000bd500000, 0x00000000bd500000, 0x00000000bd600000|  0%| F|  |TAMS 0x00000000bd500000, 0x00000000bd500000| Untracked 
| 982|0x00000000bd600000, 0x00000000bd600000, 0x00000000bd700000|  0%| F|  |TAMS 0x00000000bd600000, 0x00000000bd600000| Untracked 
| 983|0x00000000bd700000, 0x00000000bd700000, 0x00000000bd800000|  0%| F|  |TAMS 0x00000000bd700000, 0x00000000bd700000| Untracked 
| 984|0x00000000bd800000, 0x00000000bd800000, 0x00000000bd900000|  0%| F|  |TAMS 0x00000000bd800000, 0x00000000bd800000| Untracked 
| 985|0x00000000bd900000, 0x00000000bd900000, 0x00000000bda00000|  0%| F|  |TAMS 0x00000000bd900000, 0x00000000bd900000| Untracked 
| 986|0x00000000bda00000, 0x00000000bda00000, 0x00000000bdb00000|  0%| F|  |TAMS 0x00000000bda00000, 0x00000000bda00000| Untracked 
| 987|0x00000000bdb00000, 0x00000000bdb00000, 0x00000000bdc00000|  0%| F|  |TAMS 0x00000000bdb00000, 0x00000000bdb00000| Untracked 
| 988|0x00000000bdc00000, 0x00000000bdc00000, 0x00000000bdd00000|  0%| F|  |TAMS 0x00000000bdc00000, 0x00000000bdc00000| Untracked 
| 989|0x00000000bdd00000, 0x00000000bdd00000, 0x00000000bde00000|  0%| F|  |TAMS 0x00000000bdd00000, 0x00000000bdd00000| Untracked 
| 990|0x00000000bde00000, 0x00000000bde00000, 0x00000000bdf00000|  0%| F|  |TAMS 0x00000000bde00000, 0x00000000bde00000| Untracked 
| 991|0x00000000bdf00000, 0x00000000bdf00000, 0x00000000be000000|  0%| F|  |TAMS 0x00000000bdf00000, 0x00000000bdf00000| Untracked 
| 992|0x00000000be000000, 0x00000000be000000, 0x00000000be100000|  0%| F|  |TAMS 0x00000000be000000, 0x00000000be000000| Untracked 
| 993|0x00000000be100000, 0x00000000be100000, 0x00000000be200000|  0%| F|  |TAMS 0x00000000be100000, 0x00000000be100000| Untracked 
| 994|0x00000000be200000, 0x00000000be200000, 0x00000000be300000|  0%| F|  |TAMS 0x00000000be200000, 0x00000000be200000| Untracked 
| 995|0x00000000be300000, 0x00000000be300000, 0x00000000be400000|  0%| F|  |TAMS 0x00000000be300000, 0x00000000be300000| Untracked 
| 996|0x00000000be400000, 0x00000000be400000, 0x00000000be500000|  0%| F|  |TAMS 0x00000000be400000, 0x00000000be400000| Untracked 
| 997|0x00000000be500000, 0x00000000be500000, 0x00000000be600000|  0%| F|  |TAMS 0x00000000be500000, 0x00000000be500000| Untracked 
| 998|0x00000000be600000, 0x00000000be600000, 0x00000000be700000|  0%| F|  |TAMS 0x00000000be600000, 0x00000000be600000| Untracked 
| 999|0x00000000be700000, 0x00000000be700000, 0x00000000be800000|  0%| F|  |TAMS 0x00000000be700000, 0x00000000be700000| Untracked 
|1000|0x00000000be800000, 0x00000000be800000, 0x00000000be900000|  0%| F|  |TAMS 0x00000000be800000, 0x00000000be800000| Untracked 
|1001|0x00000000be900000, 0x00000000be900000, 0x00000000bea00000|  0%| F|  |TAMS 0x00000000be900000, 0x00000000be900000| Untracked 
|1002|0x00000000bea00000, 0x00000000bea00000, 0x00000000beb00000|  0%| F|  |TAMS 0x00000000bea00000, 0x00000000bea00000| Untracked 
|1003|0x00000000beb00000, 0x00000000beb00000, 0x00000000bec00000|  0%| F|  |TAMS 0x00000000beb00000, 0x00000000beb00000| Untracked 
|1004|0x00000000bec00000, 0x00000000bec00000, 0x00000000bed00000|  0%| F|  |TAMS 0x00000000bec00000, 0x00000000bec00000| Untracked 
|1005|0x00000000bed00000, 0x00000000bed00000, 0x00000000bee00000|  0%| F|  |TAMS 0x00000000bed00000, 0x00000000bed00000| Untracked 
|1006|0x00000000bee00000, 0x00000000bee00000, 0x00000000bef00000|  0%| F|  |TAMS 0x00000000bee00000, 0x00000000bee00000| Untracked 
|1007|0x00000000bef00000, 0x00000000bef00000, 0x00000000bf000000|  0%| F|  |TAMS 0x00000000bef00000, 0x00000000bef00000| Untracked 
|1008|0x00000000bf000000, 0x00000000bf000000, 0x00000000bf100000|  0%| F|  |TAMS 0x00000000bf000000, 0x00000000bf000000| Untracked 
|1009|0x00000000bf100000, 0x00000000bf100000, 0x00000000bf200000|  0%| F|  |TAMS 0x00000000bf100000, 0x00000000bf100000| Untracked 
|1010|0x00000000bf200000, 0x00000000bf200000, 0x00000000bf300000|  0%| F|  |TAMS 0x00000000bf200000, 0x00000000bf200000| Untracked 
|1011|0x00000000bf300000, 0x00000000bf300000, 0x00000000bf400000|  0%| F|  |TAMS 0x00000000bf300000, 0x00000000bf300000| Untracked 
|1012|0x00000000bf400000, 0x00000000bf400000, 0x00000000bf500000|  0%| F|  |TAMS 0x00000000bf400000, 0x00000000bf400000| Untracked 
|1013|0x00000000bf500000, 0x00000000bf500000, 0x00000000bf600000|  0%| F|  |TAMS 0x00000000bf500000, 0x00000000bf500000| Untracked 
|1014|0x00000000bf600000, 0x00000000bf600000, 0x00000000bf700000|  0%| F|  |TAMS 0x00000000bf600000, 0x00000000bf600000| Untracked 
|1015|0x00000000bf700000, 0x00000000bf700000, 0x00000000bf800000|  0%| F|  |TAMS 0x00000000bf700000, 0x00000000bf700000| Untracked 
|1016|0x00000000bf800000, 0x00000000bf800000, 0x00000000bf900000|  0%| F|  |TAMS 0x00000000bf800000, 0x00000000bf800000| Untracked 
|1017|0x00000000bf900000, 0x00000000bf900000, 0x00000000bfa00000|  0%| F|  |TAMS 0x00000000bf900000, 0x00000000bf900000| Untracked 
|1018|0x00000000bfa00000, 0x00000000bfa00000, 0x00000000bfb00000|  0%| F|  |TAMS 0x00000000bfa00000, 0x00000000bfa00000| Untracked 
|1019|0x00000000bfb00000, 0x00000000bfb00000, 0x00000000bfc00000|  0%| F|  |TAMS 0x00000000bfb00000, 0x00000000bfb00000| Untracked 
|1020|0x00000000bfc00000, 0x00000000bfc00000, 0x00000000bfd00000|  0%| F|  |TAMS 0x00000000bfc00000, 0x00000000bfc00000| Untracked 
|1021|0x00000000bfd00000, 0x00000000bfd00000, 0x00000000bfe00000|  0%| F|  |TAMS 0x00000000bfd00000, 0x00000000bfd00000| Untracked 
|1022|0x00000000bfe00000, 0x00000000bfe00000, 0x00000000bff00000|  0%| F|  |TAMS 0x00000000bfe00000, 0x00000000bfe00000| Untracked 
|1023|0x00000000bff00000, 0x00000000bff00000, 0x00000000c0000000|  0%| F|  |TAMS 0x00000000bff00000, 0x00000000bff00000| Untracked 
|1024|0x00000000c0000000, 0x00000000c0000000, 0x00000000c0100000|  0%| F|  |TAMS 0x00000000c0000000, 0x00000000c0000000| Untracked 
|1025|0x00000000c0100000, 0x00000000c0100000, 0x00000000c0200000|  0%| F|  |TAMS 0x00000000c0100000, 0x00000000c0100000| Untracked 
|1026|0x00000000c0200000, 0x00000000c0200000, 0x00000000c0300000|  0%| F|  |TAMS 0x00000000c0200000, 0x00000000c0200000| Untracked 
|1027|0x00000000c0300000, 0x00000000c0300000, 0x00000000c0400000|  0%| F|  |TAMS 0x00000000c0300000, 0x00000000c0300000| Untracked 
|1028|0x00000000c0400000, 0x00000000c0400000, 0x00000000c0500000|  0%| F|  |TAMS 0x00000000c0400000, 0x00000000c0400000| Untracked 
|1029|0x00000000c0500000, 0x00000000c0500000, 0x00000000c0600000|  0%| F|  |TAMS 0x00000000c0500000, 0x00000000c0500000| Untracked 
|1030|0x00000000c0600000, 0x00000000c0600000, 0x00000000c0700000|  0%| F|  |TAMS 0x00000000c0600000, 0x00000000c0600000| Untracked 
|1031|0x00000000c0700000, 0x00000000c0700000, 0x00000000c0800000|  0%| F|  |TAMS 0x00000000c0700000, 0x00000000c0700000| Untracked 
|1032|0x00000000c0800000, 0x00000000c0800000, 0x00000000c0900000|  0%| F|  |TAMS 0x00000000c0800000, 0x00000000c0800000| Untracked 
|1033|0x00000000c0900000, 0x00000000c0900000, 0x00000000c0a00000|  0%| F|  |TAMS 0x00000000c0900000, 0x00000000c0900000| Untracked 
|1034|0x00000000c0a00000, 0x00000000c0a00000, 0x00000000c0b00000|  0%| F|  |TAMS 0x00000000c0a00000, 0x00000000c0a00000| Untracked 
|1035|0x00000000c0b00000, 0x00000000c0b00000, 0x00000000c0c00000|  0%| F|  |TAMS 0x00000000c0b00000, 0x00000000c0b00000| Untracked 
|1036|0x00000000c0c00000, 0x00000000c0c00000, 0x00000000c0d00000|  0%| F|  |TAMS 0x00000000c0c00000, 0x00000000c0c00000| Untracked 
|1037|0x00000000c0d00000, 0x00000000c0d00000, 0x00000000c0e00000|  0%| F|  |TAMS 0x00000000c0d00000, 0x00000000c0d00000| Untracked 
|1038|0x00000000c0e00000, 0x00000000c0e00000, 0x00000000c0f00000|  0%| F|  |TAMS 0x00000000c0e00000, 0x00000000c0e00000| Untracked 
|1039|0x00000000c0f00000, 0x00000000c0f00000, 0x00000000c1000000|  0%| F|  |TAMS 0x00000000c0f00000, 0x00000000c0f00000| Untracked 
|1040|0x00000000c1000000, 0x00000000c1000000, 0x00000000c1100000|  0%| F|  |TAMS 0x00000000c1000000, 0x00000000c1000000| Untracked 
|1041|0x00000000c1100000, 0x00000000c1100000, 0x00000000c1200000|  0%| F|  |TAMS 0x00000000c1100000, 0x00000000c1100000| Untracked 
|1042|0x00000000c1200000, 0x00000000c1200000, 0x00000000c1300000|  0%| F|  |TAMS 0x00000000c1200000, 0x00000000c1200000| Untracked 
|1043|0x00000000c1300000, 0x00000000c1300000, 0x00000000c1400000|  0%| F|  |TAMS 0x00000000c1300000, 0x00000000c1300000| Untracked 
|1044|0x00000000c1400000, 0x00000000c1400000, 0x00000000c1500000|  0%| F|  |TAMS 0x00000000c1400000, 0x00000000c1400000| Untracked 
|1045|0x00000000c1500000, 0x00000000c1500000, 0x00000000c1600000|  0%| F|  |TAMS 0x00000000c1500000, 0x00000000c1500000| Untracked 
|1046|0x00000000c1600000, 0x00000000c1600000, 0x00000000c1700000|  0%| F|  |TAMS 0x00000000c1600000, 0x00000000c1600000| Untracked 
|1047|0x00000000c1700000, 0x00000000c1700000, 0x00000000c1800000|  0%| F|  |TAMS 0x00000000c1700000, 0x00000000c1700000| Untracked 
|1048|0x00000000c1800000, 0x00000000c1800000, 0x00000000c1900000|  0%| F|  |TAMS 0x00000000c1800000, 0x00000000c1800000| Untracked 
|1049|0x00000000c1900000, 0x00000000c1900000, 0x00000000c1a00000|  0%| F|  |TAMS 0x00000000c1900000, 0x00000000c1900000| Untracked 
|1050|0x00000000c1a00000, 0x00000000c1a00000, 0x00000000c1b00000|  0%| F|  |TAMS 0x00000000c1a00000, 0x00000000c1a00000| Untracked 
|1051|0x00000000c1b00000, 0x00000000c1b00000, 0x00000000c1c00000|  0%| F|  |TAMS 0x00000000c1b00000, 0x00000000c1b00000| Untracked 
|1052|0x00000000c1c00000, 0x00000000c1c00000, 0x00000000c1d00000|  0%| F|  |TAMS 0x00000000c1c00000, 0x00000000c1c00000| Untracked 
|1053|0x00000000c1d00000, 0x00000000c1d00000, 0x00000000c1e00000|  0%| F|  |TAMS 0x00000000c1d00000, 0x00000000c1d00000| Untracked 
|1054|0x00000000c1e00000, 0x00000000c1e4c8f0, 0x00000000c1f00000| 29%| E|  |TAMS 0x00000000c1e00000, 0x00000000c1e00000| Complete 
|1055|0x00000000c1f00000, 0x00000000c2000000, 0x00000000c2000000|100%| E|CS|TAMS 0x00000000c1f00000, 0x00000000c1f00000| Complete 
|1056|0x00000000c2000000, 0x00000000c2100000, 0x00000000c2100000|100%| E|CS|TAMS 0x00000000c2000000, 0x00000000c2000000| Complete 
|1057|0x00000000c2100000, 0x00000000c2200000, 0x00000000c2200000|100%| E|CS|TAMS 0x00000000c2100000, 0x00000000c2100000| Complete 
|1058|0x00000000c2200000, 0x00000000c2300000, 0x00000000c2300000|100%| E|CS|TAMS 0x00000000c2200000, 0x00000000c2200000| Complete 
|1059|0x00000000c2300000, 0x00000000c2400000, 0x00000000c2400000|100%| E|CS|TAMS 0x00000000c2300000, 0x00000000c2300000| Complete 
|1060|0x00000000c2400000, 0x00000000c2500000, 0x00000000c2500000|100%| E|CS|TAMS 0x00000000c2400000, 0x00000000c2400000| Complete 
|1061|0x00000000c2500000, 0x00000000c2600000, 0x00000000c2600000|100%| E|CS|TAMS 0x00000000c2500000, 0x00000000c2500000| Complete 
|1062|0x00000000c2600000, 0x00000000c2700000, 0x00000000c2700000|100%| E|CS|TAMS 0x00000000c2600000, 0x00000000c2600000| Complete 
|1063|0x00000000c2700000, 0x00000000c2800000, 0x00000000c2800000|100%| E|CS|TAMS 0x00000000c2700000, 0x00000000c2700000| Complete 
|1064|0x00000000c2800000, 0x00000000c2900000, 0x00000000c2900000|100%| E|CS|TAMS 0x00000000c2800000, 0x00000000c2800000| Complete 
|1065|0x00000000c2900000, 0x00000000c2a00000, 0x00000000c2a00000|100%| E|CS|TAMS 0x00000000c2900000, 0x00000000c2900000| Complete 
|1066|0x00000000c2a00000, 0x00000000c2b00000, 0x00000000c2b00000|100%| E|CS|TAMS 0x00000000c2a00000, 0x00000000c2a00000| Complete 
|1067|0x00000000c2b00000, 0x00000000c2c00000, 0x00000000c2c00000|100%| E|CS|TAMS 0x00000000c2b00000, 0x00000000c2b00000| Complete 
|1068|0x00000000c2c00000, 0x00000000c2d00000, 0x00000000c2d00000|100%| E|CS|TAMS 0x00000000c2c00000, 0x00000000c2c00000| Complete 
|1069|0x00000000c2d00000, 0x00000000c2e00000, 0x00000000c2e00000|100%| E|CS|TAMS 0x00000000c2d00000, 0x00000000c2d00000| Complete 
|1070|0x00000000c2e00000, 0x00000000c2f00000, 0x00000000c2f00000|100%| E|CS|TAMS 0x00000000c2e00000, 0x00000000c2e00000| Complete 
|1071|0x00000000c2f00000, 0x00000000c3000000, 0x00000000c3000000|100%| E|CS|TAMS 0x00000000c2f00000, 0x00000000c2f00000| Complete 
|1072|0x00000000c3000000, 0x00000000c3100000, 0x00000000c3100000|100%| E|CS|TAMS 0x00000000c3000000, 0x00000000c3000000| Complete 
|1073|0x00000000c3100000, 0x00000000c3200000, 0x00000000c3200000|100%| E|CS|TAMS 0x00000000c3100000, 0x00000000c3100000| Complete 
|1074|0x00000000c3200000, 0x00000000c3300000, 0x00000000c3300000|100%| E|CS|TAMS 0x00000000c3200000, 0x00000000c3200000| Complete 
|1075|0x00000000c3300000, 0x00000000c3400000, 0x00000000c3400000|100%| E|  |TAMS 0x00000000c3300000, 0x00000000c3300000| Complete 
|1076|0x00000000c3400000, 0x00000000c3500000, 0x00000000c3500000|100%| E|CS|TAMS 0x00000000c3400000, 0x00000000c3400000| Complete 
|1077|0x00000000c3500000, 0x00000000c3600000, 0x00000000c3600000|100%| E|CS|TAMS 0x00000000c3500000, 0x00000000c3500000| Complete 
|1078|0x00000000c3600000, 0x00000000c3700000, 0x00000000c3700000|100%| E|CS|TAMS 0x00000000c3600000, 0x00000000c3600000| Complete 
|1079|0x00000000c3700000, 0x00000000c3800000, 0x00000000c3800000|100%| E|CS|TAMS 0x00000000c3700000, 0x00000000c3700000| Complete 
|1080|0x00000000c3800000, 0x00000000c3900000, 0x00000000c3900000|100%| E|CS|TAMS 0x00000000c3800000, 0x00000000c3800000| Complete 
|1081|0x00000000c3900000, 0x00000000c3a00000, 0x00000000c3a00000|100%| E|CS|TAMS 0x00000000c3900000, 0x00000000c3900000| Complete 
|1082|0x00000000c3a00000, 0x00000000c3b00000, 0x00000000c3b00000|100%| E|CS|TAMS 0x00000000c3a00000, 0x00000000c3a00000| Complete 
|1083|0x00000000c3b00000, 0x00000000c3c00000, 0x00000000c3c00000|100%| E|CS|TAMS 0x00000000c3b00000, 0x00000000c3b00000| Complete 
|1084|0x00000000c3c00000, 0x00000000c3d00000, 0x00000000c3d00000|100%| E|CS|TAMS 0x00000000c3c00000, 0x00000000c3c00000| Complete 
|1085|0x00000000c3d00000, 0x00000000c3e00000, 0x00000000c3e00000|100%| E|CS|TAMS 0x00000000c3d00000, 0x00000000c3d00000| Complete 
|1086|0x00000000c3e00000, 0x00000000c3f00000, 0x00000000c3f00000|100%| E|CS|TAMS 0x00000000c3e00000, 0x00000000c3e00000| Complete 
|1087|0x00000000c3f00000, 0x00000000c4000000, 0x00000000c4000000|100%| E|CS|TAMS 0x00000000c3f00000, 0x00000000c3f00000| Complete 
|1088|0x00000000c4000000, 0x00000000c4100000, 0x00000000c4100000|100%| E|CS|TAMS 0x00000000c4000000, 0x00000000c4000000| Complete 
|1089|0x00000000c4100000, 0x00000000c4200000, 0x00000000c4200000|100%| E|CS|TAMS 0x00000000c4100000, 0x00000000c4100000| Complete 
|1090|0x00000000c4200000, 0x00000000c4300000, 0x00000000c4300000|100%| E|CS|TAMS 0x00000000c4200000, 0x00000000c4200000| Complete 
|1091|0x00000000c4300000, 0x00000000c4400000, 0x00000000c4400000|100%| E|CS|TAMS 0x00000000c4300000, 0x00000000c4300000| Complete 
|1092|0x00000000c4400000, 0x00000000c4500000, 0x00000000c4500000|100%| E|CS|TAMS 0x00000000c4400000, 0x00000000c4400000| Complete 
|1093|0x00000000c4500000, 0x00000000c4600000, 0x00000000c4600000|100%| E|CS|TAMS 0x00000000c4500000, 0x00000000c4500000| Complete 
|1094|0x00000000c4600000, 0x00000000c4700000, 0x00000000c4700000|100%| E|CS|TAMS 0x00000000c4600000, 0x00000000c4600000| Complete 
|1095|0x00000000c4700000, 0x00000000c4800000, 0x00000000c4800000|100%| E|CS|TAMS 0x00000000c4700000, 0x00000000c4700000| Complete 
|1096|0x00000000c4800000, 0x00000000c4900000, 0x00000000c4900000|100%| E|CS|TAMS 0x00000000c4800000, 0x00000000c4800000| Complete 
|1097|0x00000000c4900000, 0x00000000c4a00000, 0x00000000c4a00000|100%| E|CS|TAMS 0x00000000c4900000, 0x00000000c4900000| Complete 
|1098|0x00000000c4a00000, 0x00000000c4b00000, 0x00000000c4b00000|100%| E|CS|TAMS 0x00000000c4a00000, 0x00000000c4a00000| Complete 
|1099|0x00000000c4b00000, 0x00000000c4c00000, 0x00000000c4c00000|100%| E|CS|TAMS 0x00000000c4b00000, 0x00000000c4b00000| Complete 
|1100|0x00000000c4c00000, 0x00000000c4d00000, 0x00000000c4d00000|100%| E|CS|TAMS 0x00000000c4c00000, 0x00000000c4c00000| Complete 
|1101|0x00000000c4d00000, 0x00000000c4e00000, 0x00000000c4e00000|100%| E|CS|TAMS 0x00000000c4d00000, 0x00000000c4d00000| Complete 
|1102|0x00000000c4e00000, 0x00000000c4f00000, 0x00000000c4f00000|100%| E|CS|TAMS 0x00000000c4e00000, 0x00000000c4e00000| Complete 
|1103|0x00000000c4f00000, 0x00000000c5000000, 0x00000000c5000000|100%| E|CS|TAMS 0x00000000c4f00000, 0x00000000c4f00000| Complete 
|1104|0x00000000c5000000, 0x00000000c5100000, 0x00000000c5100000|100%| E|CS|TAMS 0x00000000c5000000, 0x00000000c5000000| Complete 
|1105|0x00000000c5100000, 0x00000000c5200000, 0x00000000c5200000|100%| E|CS|TAMS 0x00000000c5100000, 0x00000000c5100000| Complete 
|1106|0x00000000c5200000, 0x00000000c5300000, 0x00000000c5300000|100%| E|CS|TAMS 0x00000000c5200000, 0x00000000c5200000| Complete 
|1107|0x00000000c5300000, 0x00000000c5400000, 0x00000000c5400000|100%| E|CS|TAMS 0x00000000c5300000, 0x00000000c5300000| Complete 
|1108|0x00000000c5400000, 0x00000000c5500000, 0x00000000c5500000|100%| E|CS|TAMS 0x00000000c5400000, 0x00000000c5400000| Complete 
|1109|0x00000000c5500000, 0x00000000c5600000, 0x00000000c5600000|100%| E|CS|TAMS 0x00000000c5500000, 0x00000000c5500000| Complete 
|1110|0x00000000c5600000, 0x00000000c5700000, 0x00000000c5700000|100%| E|CS|TAMS 0x00000000c5600000, 0x00000000c5600000| Complete 
|1111|0x00000000c5700000, 0x00000000c5800000, 0x00000000c5800000|100%| E|CS|TAMS 0x00000000c5700000, 0x00000000c5700000| Complete 
|1112|0x00000000c5800000, 0x00000000c5900000, 0x00000000c5900000|100%| E|CS|TAMS 0x00000000c5800000, 0x00000000c5800000| Complete 
|1113|0x00000000c5900000, 0x00000000c5a00000, 0x00000000c5a00000|100%| E|CS|TAMS 0x00000000c5900000, 0x00000000c5900000| Complete 
|1114|0x00000000c5a00000, 0x00000000c5b00000, 0x00000000c5b00000|100%| E|CS|TAMS 0x00000000c5a00000, 0x00000000c5a00000| Complete 
|1115|0x00000000c5b00000, 0x00000000c5c00000, 0x00000000c5c00000|100%| E|CS|TAMS 0x00000000c5b00000, 0x00000000c5b00000| Complete 
|1116|0x00000000c5c00000, 0x00000000c5d00000, 0x00000000c5d00000|100%| E|CS|TAMS 0x00000000c5c00000, 0x00000000c5c00000| Complete 
|1117|0x00000000c5d00000, 0x00000000c5e00000, 0x00000000c5e00000|100%| E|CS|TAMS 0x00000000c5d00000, 0x00000000c5d00000| Complete 
|1118|0x00000000c5e00000, 0x00000000c5f00000, 0x00000000c5f00000|100%| E|CS|TAMS 0x00000000c5e00000, 0x00000000c5e00000| Complete 
|1119|0x00000000c5f00000, 0x00000000c6000000, 0x00000000c6000000|100%| E|CS|TAMS 0x00000000c5f00000, 0x00000000c5f00000| Complete 
|1120|0x00000000c6000000, 0x00000000c6100000, 0x00000000c6100000|100%| E|CS|TAMS 0x00000000c6000000, 0x00000000c6000000| Complete 
|1121|0x00000000c6100000, 0x00000000c6200000, 0x00000000c6200000|100%| E|CS|TAMS 0x00000000c6100000, 0x00000000c6100000| Complete 
|1122|0x00000000c6200000, 0x00000000c6300000, 0x00000000c6300000|100%| E|CS|TAMS 0x00000000c6200000, 0x00000000c6200000| Complete 
|1123|0x00000000c6300000, 0x00000000c6400000, 0x00000000c6400000|100%| E|CS|TAMS 0x00000000c6300000, 0x00000000c6300000| Complete 
|1124|0x00000000c6400000, 0x00000000c6500000, 0x00000000c6500000|100%| E|CS|TAMS 0x00000000c6400000, 0x00000000c6400000| Complete 
|1125|0x00000000c6500000, 0x00000000c6600000, 0x00000000c6600000|100%| E|CS|TAMS 0x00000000c6500000, 0x00000000c6500000| Complete 

Card table byte_map: [0x000002e9b3300000,0x000002e9b3700000] _byte_map_base: 0x000002e9b2f00000

Marking Bits (Prev, Next): (CMBitMap*) 0x000002e99c10b000, (CMBitMap*) 0x000002e99c10b040
 Prev Bits: [0x000002e9b3b00000, 0x000002e9b5b00000)
 Next Bits: [0x000002e9b5b00000, 0x000002e9b7b00000)

Polling page: 0x000002e99a010000

Metaspace:

Usage:
  Non-class:    129.71 MB used.
      Class:     19.68 MB used.
       Both:    149.39 MB used.

Virtual space:
  Non-class space:      192.00 MB reserved,     130.88 MB ( 68%) committed,  3 nodes.
      Class space:      416.00 MB reserved,      20.75 MB (  5%) committed,  1 nodes.
             Both:      608.00 MB reserved,     151.62 MB ( 25%) committed. 

Chunk freelists:
   Non-Class:  13.11 MB
       Class:  11.34 MB
        Both:  24.45 MB

MaxMetaspaceSize: 512.00 MB
CompressedClassSpaceSize: 416.00 MB
Initial GC threshold: 21.00 MB
Current GC threshold: 250.88 MB
CDS: on
MetaspaceReclaimPolicy: balanced
 - commit_granule_bytes: 65536.
 - commit_granule_words: 8192.
 - virtual_space_node_default_size: 8388608.
 - enlarge_chunks_in_place: 1.
 - new_chunks_are_fully_committed: 0.
 - uncommit_free_chunks: 1.
 - use_allocation_guard: 0.
 - handle_deallocations: 1.


Internal statistics:

num_allocs_failed_limit: 9.
num_arena_births: 3628.
num_arena_deaths: 172.
num_vsnodes_births: 4.
num_vsnodes_deaths: 0.
num_space_committed: 2426.
num_space_uncommitted: 2.
num_chunks_returned_to_freelist: 228.
num_chunks_taken_from_freelist: 11007.
num_chunk_merges: 79.
num_chunk_splits: 6608.
num_chunks_enlarged: 3591.
num_inconsistent_stats: 0.

CodeHeap 'non-profiled nmethods': size=120000Kb used=26344Kb max_used=26344Kb free=93655Kb
 bounds [0x000002e9ab6a0000, 0x000002e9ad060000, 0x000002e9b2bd0000]
CodeHeap 'profiled nmethods': size=120000Kb used=53645Kb max_used=53645Kb free=66354Kb
 bounds [0x000002e9a3bd0000, 0x000002e9a7040000, 0x000002e9ab100000]
CodeHeap 'non-nmethods': size=5760Kb used=2530Kb max_used=2628Kb free=3230Kb
 bounds [0x000002e9ab100000, 0x000002e9ab3a0000, 0x000002e9ab6a0000]
 total_blobs=29057 nmethods=27977 adapters=988
 compilation: enabled
              stopped_count=0, restarted_count=0
 full_count=0

Compilation events (20 events):
Event: 3380.388 Thread 0x000002e9ba557600 nmethod 35998 0x000002e9a5b40190 code [0x000002e9a5b40360, 0x000002e9a5b40698]
Event: 3380.388 Thread 0x000002e9ba557600 35999       3       org.gradle.api.internal.artifacts.transform.MutableTransformExecution::visitRegularInputs (6 bytes)
Event: 3380.388 Thread 0x000002e9ba557600 nmethod 35999 0x000002e9a5b4bc10 code [0x000002e9a5b4bda0, 0x000002e9a5b4bf68]
Event: 3380.389 Thread 0x000002e9ba557600 36000       3       org.gradle.api.internal.artifacts.transform.TransformStepSubject$Transformed::getDisplayName (8 bytes)
Event: 3380.389 Thread 0x000002e9ba557600 nmethod 36000 0x000002e9a49c8390 code [0x000002e9a49c8540, 0x000002e9a49c8708]
Event: 3380.394 Thread 0x000002e9ba557600 36001       3       org.gradle.internal.collect.PersistentList$Cons::plus (10 bytes)
Event: 3380.394 Thread 0x000002e9ba557600 nmethod 36001 0x000002e9a4b07c10 code [0x000002e9a4b07dc0, 0x000002e9a4b08158]
Event: 3380.404 Thread 0x000002e9ba557600 36002       3       org.gradle.api.internal.file.collections.DefaultConfigurableFileCollection::calculateFinalizedValue (36 bytes)
Event: 3380.405 Thread 0x000002e9ba557600 nmethod 36002 0x000002e9a7027110 code [0x000002e9a7027380, 0x000002e9a7028008]
Event: 3380.405 Thread 0x000002e9ba557600 36003       3       com.android.build.gradle.internal.dependency.VariantDependencies$Companion$getComponentFilter$4::isSatisfiedBy (9 bytes)
Event: 3380.406 Thread 0x000002e9ba557600 nmethod 36003 0x000002e9a5928a10 code [0x000002e9a5928bc0, 0x000002e9a5929118]
Event: 3380.407 Thread 0x000002e9ba557600 36004   !   3       org.gradle.initialization.DefaultBuildCancellationToken::addCallback (54 bytes)
Event: 3380.407 Thread 0x000002e9ba557600 nmethod 36004 0x000002e9a52f8490 code [0x000002e9a52f8660, 0x000002e9a52f8a78]
Event: 3380.440 Thread 0x000002e9ba557600 36006       3       org.gradle.api.internal.file.copy.DefaultCopySpec$DefaultCopySpecResolver::getDestPath (79 bytes)
Event: 3380.441 Thread 0x000002e9ba557600 nmethod 36006 0x000002e9a5d62c90 code [0x000002e9a5d62f00, 0x000002e9a5d63888]
Event: 3380.441 Thread 0x000002e9ba557600 36007       3       org.gradle.api.internal.file.copy.DefaultCopySpec::getDestPath (27 bytes)
Event: 3380.441 Thread 0x000002e9ba557600 nmethod 36007 0x000002e9a5aaaf90 code [0x000002e9a5aab140, 0x000002e9a5aab3e8]
Event: 3380.441 Thread 0x000002e9ba557600 36008       3       org.gradle.api.internal.file.copy.DefaultCopySpec$DefaultCopySpecResolver::getDuplicatesStrategy (42 bytes)
Event: 3380.441 Thread 0x000002e9ba557600 nmethod 36008 0x000002e9a5ab0090 code [0x000002e9a5ab0260, 0x000002e9a5ab0508]
Event: 3380.462 Thread 0x000002e9ba557600 36009       3       sun.invoke.util.VerifyAccess::isMemberAccessible (338 bytes)

GC Heap History (20 events):
Event: 3009.554 GC heap before
{Heap before GC invocations=144 (full 0):
 garbage-first heap   total 947200K, used 592896K [0x0000000080000000, 0x0000000100000000)
  region size 1024K, 46 young (47104K), 5 survivors (5120K)
 Metaspace       used 151342K, committed 154112K, reserved 622592K
  class space    used 20047K, committed 21248K, reserved 425984K
}
Event: 3009.629 GC heap after
{Heap after GC invocations=145 (full 0):
 garbage-first heap   total 947200K, used 560706K [0x0000000080000000, 0x0000000100000000)
  region size 1024K, 6 young (6144K), 6 survivors (6144K)
 Metaspace       used 151342K, committed 154112K, reserved 622592K
  class space    used 20047K, committed 21248K, reserved 425984K
}
Event: 3011.435 GC heap before
{Heap before GC invocations=146 (full 0):
 garbage-first heap   total 947200K, used 756290K [0x0000000080000000, 0x0000000100000000)
  region size 1024K, 197 young (201728K), 6 survivors (6144K)
 Metaspace       used 151554K, committed 154176K, reserved 622592K
  class space    used 20051K, committed 21248K, reserved 425984K
}
Event: 3011.515 GC heap after
{Heap after GC invocations=147 (full 0):
 garbage-first heap   total 947200K, used 594264K [0x0000000080000000, 0x0000000100000000)
  region size 1024K, 25 young (25600K), 25 survivors (25600K)
 Metaspace       used 151554K, committed 154176K, reserved 622592K
  class space    used 20051K, committed 21248K, reserved 425984K
}
Event: 3011.631 GC heap before
{Heap before GC invocations=147 (full 0):
 garbage-first heap   total 947200K, used 615768K [0x0000000080000000, 0x0000000100000000)
  region size 1024K, 46 young (47104K), 25 survivors (25600K)
 Metaspace       used 151566K, committed 154176K, reserved 622592K
  class space    used 20051K, committed 21248K, reserved 425984K
}
Event: 3011.714 GC heap after
{Heap after GC invocations=148 (full 0):
 garbage-first heap   total 947200K, used 504320K [0x0000000080000000, 0x0000000100000000)
  region size 1024K, 5 young (5120K), 5 survivors (5120K)
 Metaspace       used 151566K, committed 154176K, reserved 622592K
  class space    used 20051K, committed 21248K, reserved 425984K
}
Event: 3011.934 GC heap before
{Heap before GC invocations=148 (full 0):
 garbage-first heap   total 947200K, used 546304K [0x0000000080000000, 0x0000000100000000)
  region size 1024K, 46 young (47104K), 5 survivors (5120K)
 Metaspace       used 151575K, committed 154176K, reserved 622592K
  class space    used 20051K, committed 21248K, reserved 425984K
}
Event: 3011.968 GC heap after
{Heap after GC invocations=149 (full 0):
 garbage-first heap   total 993280K, used 414720K [0x0000000080000000, 0x0000000100000000)
  region size 1024K, 6 young (6144K), 6 survivors (6144K)
 Metaspace       used 151575K, committed 154176K, reserved 622592K
  class space    used 20051K, committed 21248K, reserved 425984K
}
Event: 3012.410 GC heap before
{Heap before GC invocations=149 (full 0):
 garbage-first heap   total 993280K, used 456704K [0x0000000080000000, 0x0000000100000000)
  region size 1024K, 48 young (49152K), 6 survivors (6144K)
 Metaspace       used 151633K, committed 154176K, reserved 622592K
  class space    used 20055K, committed 21248K, reserved 425984K
}
Event: 3012.518 GC heap after
{Heap after GC invocations=150 (full 0):
 garbage-first heap   total 993280K, used 336040K [0x0000000080000000, 0x0000000100000000)
  region size 1024K, 6 young (6144K), 6 survivors (6144K)
 Metaspace       used 151633K, committed 154176K, reserved 622592K
  class space    used 20055K, committed 21248K, reserved 425984K
}
Event: 3013.025 GC heap before
{Heap before GC invocations=150 (full 0):
 garbage-first heap   total 993280K, used 379048K [0x0000000080000000, 0x0000000100000000)
  region size 1024K, 48 young (49152K), 6 survivors (6144K)
 Metaspace       used 151660K, committed 154176K, reserved 622592K
  class space    used 20060K, committed 21248K, reserved 425984K
}
Event: 3013.080 GC heap after
{Heap after GC invocations=151 (full 0):
 garbage-first heap   total 993280K, used 326647K [0x0000000080000000, 0x0000000100000000)
  region size 1024K, 3 young (3072K), 3 survivors (3072K)
 Metaspace       used 151660K, committed 154176K, reserved 622592K
  class space    used 20060K, committed 21248K, reserved 425984K
}
Event: 3371.936 GC heap before
{Heap before GC invocations=151 (full 0):
 garbage-first heap   total 993280K, used 584695K [0x0000000080000000, 0x0000000100000000)
  region size 1024K, 256 young (262144K), 3 survivors (3072K)
 Metaspace       used 151951K, committed 154368K, reserved 622592K
  class space    used 20067K, committed 21248K, reserved 425984K
}
Event: 3372.203 GC heap after
{Heap after GC invocations=152 (full 0):
 garbage-first heap   total 993280K, used 363176K [0x0000000080000000, 0x0000000100000000)
  region size 1024K, 32 young (32768K), 32 survivors (32768K)
 Metaspace       used 151951K, committed 154368K, reserved 622592K
  class space    used 20067K, committed 21248K, reserved 425984K
}
Event: 3373.705 GC heap before
{Heap before GC invocations=152 (full 0):
 garbage-first heap   total 993280K, used 471720K [0x0000000080000000, 0x0000000100000000)
  region size 1024K, 139 young (142336K), 32 survivors (32768K)
 Metaspace       used 152042K, committed 154432K, reserved 622592K
  class space    used 20068K, committed 21248K, reserved 425984K
}
Event: 3373.850 GC heap after
{Heap after GC invocations=153 (full 0):
 garbage-first heap   total 993280K, used 384897K [0x0000000080000000, 0x0000000100000000)
  region size 1024K, 18 young (18432K), 18 survivors (18432K)
 Metaspace       used 152042K, committed 154432K, reserved 622592K
  class space    used 20068K, committed 21248K, reserved 425984K
}
Event: 3376.290 GC heap before
{Heap before GC invocations=153 (full 0):
 garbage-first heap   total 993280K, used 540545K [0x0000000080000000, 0x0000000100000000)
  region size 1024K, 170 young (174080K), 18 survivors (18432K)
 Metaspace       used 152284K, committed 154624K, reserved 622592K
  class space    used 20068K, committed 21248K, reserved 425984K
}
Event: 3376.361 GC heap after
{Heap after GC invocations=154 (full 0):
 garbage-first heap   total 1153024K, used 412160K [0x0000000080000000, 0x0000000100000000)
  region size 1024K, 22 young (22528K), 22 survivors (22528K)
 Metaspace       used 152284K, committed 154624K, reserved 622592K
  class space    used 20068K, committed 21248K, reserved 425984K
}
Event: 3379.290 GC heap before
{Heap before GC invocations=154 (full 0):
 garbage-first heap   total 1153024K, used 600576K [0x0000000080000000, 0x0000000100000000)
  region size 1024K, 207 young (211968K), 22 survivors (22528K)
 Metaspace       used 152407K, committed 154752K, reserved 622592K
  class space    used 20073K, committed 21248K, reserved 425984K
}
Event: 3379.466 GC heap after
{Heap after GC invocations=155 (full 0):
 garbage-first heap   total 1153024K, used 431104K [0x0000000080000000, 0x0000000100000000)
  region size 1024K, 17 young (17408K), 17 survivors (17408K)
 Metaspace       used 152407K, committed 154752K, reserved 622592K
  class space    used 20073K, committed 21248K, reserved 425984K
}

Dll operation events (15 events):
Event: 0.007 Loaded shared library C:\Program Files\Microsoft\jdk-17.0.11.9-hotspot\bin\java.dll
Event: 0.020 Loaded shared library C:\Program Files\Microsoft\jdk-17.0.11.9-hotspot\bin\jsvml.dll
Event: 0.050 Loaded shared library C:\Program Files\Microsoft\jdk-17.0.11.9-hotspot\bin\zip.dll
Event: 0.057 Loaded shared library C:\Program Files\Microsoft\jdk-17.0.11.9-hotspot\bin\instrument.dll
Event: 0.060 Loaded shared library C:\Program Files\Microsoft\jdk-17.0.11.9-hotspot\bin\net.dll
Event: 0.061 Loaded shared library C:\Program Files\Microsoft\jdk-17.0.11.9-hotspot\bin\nio.dll
Event: 0.064 Loaded shared library C:\Program Files\Microsoft\jdk-17.0.11.9-hotspot\bin\zip.dll
Event: 0.204 Loaded shared library C:\Program Files\Microsoft\jdk-17.0.11.9-hotspot\bin\jimage.dll
Event: 0.251 Loaded shared library C:\Program Files\Microsoft\jdk-17.0.11.9-hotspot\bin\verify.dll
Event: 0.359 Loaded shared library C:\Users\anand\.gradle\native\c067742578af261105cb4f569cf0c3c89f3d7b1fecec35dd04571415982c5e48\windows-amd64\native-platform.dll
Event: 0.368 Loaded shared library C:\Users\anand\.gradle\native\38dada09dfb8b06ba9b0570ebf7e218e3eb74d4ef43ca46872605cf95ebc2f47\windows-amd64\native-platform-file-events.dll
Event: 1.174 Loaded shared library C:\Program Files\Microsoft\jdk-17.0.11.9-hotspot\bin\management.dll
Event: 1.177 Loaded shared library C:\Program Files\Microsoft\jdk-17.0.11.9-hotspot\bin\management_ext.dll
Event: 1.526 Loaded shared library C:\Program Files\Microsoft\jdk-17.0.11.9-hotspot\bin\extnet.dll
Event: 1.702 Loaded shared library C:\Program Files\Microsoft\jdk-17.0.11.9-hotspot\bin\sunmscapi.dll

Deoptimization events (20 events):
Event: 3380.362 Thread 0x000002e9df91aa90 Uncommon trap: trap_request=0xffffff45 fr.pc=0x000002e9ab8e52b0 relative=0x0000000000000750
Event: 3380.362 Thread 0x000002e9df91aa90 Uncommon trap: reason=unstable_if action=reinterpret pc=0x000002e9ab8e52b0 method=java.lang.ref.SoftReference.get()Ljava/lang/Object; @ 6 c2
Event: 3380.362 Thread 0x000002e9df91aa90 DEOPT PACKING pc=0x000002e9ab8e52b0 sp=0x000000f0828fce20
Event: 3380.362 Thread 0x000002e9df91aa90 DEOPT UNPACKING pc=0x000002e9ab1569a3 sp=0x000000f0828fcd10 mode 2
Event: 3380.366 Thread 0x000002e9df914040 Uncommon trap: trap_request=0xfffffff4 fr.pc=0x000002e9acc6df3c relative=0x000000000000095c
Event: 3380.366 Thread 0x000002e9df914040 Uncommon trap: reason=null_check action=make_not_entrant pc=0x000002e9acc6df3c method=java.lang.Class.reflectionData()Ljava/lang/Class$ReflectionData; @ 18 c2
Event: 3380.366 Thread 0x000002e9df914040 DEOPT PACKING pc=0x000002e9acc6df3c sp=0x000000f0829fe580
Event: 3380.366 Thread 0x000002e9df914040 DEOPT UNPACKING pc=0x000002e9ab1569a3 sp=0x000000f0829fe4d0 mode 2
Event: 3380.419 Thread 0x000002e9df914040 Uncommon trap: trap_request=0xffffff45 fr.pc=0x000002e9abd189a4 relative=0x00000000000000e4
Event: 3380.419 Thread 0x000002e9df914040 Uncommon trap: reason=unstable_if action=reinterpret pc=0x000002e9abd189a4 method=org.gradle.internal.execution.DefaultWorkExecutionTracker$OperationListener.started(Lorg/gradle/internal/operations/BuildOperationDescriptor;Lorg/gradle/internal/operations/
Event: 3380.419 Thread 0x000002e9df914040 DEOPT PACKING pc=0x000002e9abd189a4 sp=0x000000f0829fbf40
Event: 3380.419 Thread 0x000002e9df914040 DEOPT UNPACKING pc=0x000002e9ab1569a3 sp=0x000000f0829fbec0 mode 2
Event: 3380.446 Thread 0x000002e9df914040 Uncommon trap: trap_request=0xffffff45 fr.pc=0x000002e9ac252228 relative=0x0000000000000108
Event: 3380.446 Thread 0x000002e9df914040 Uncommon trap: reason=unstable_if action=reinterpret pc=0x000002e9ac252228 method=org.gradle.internal.execution.DefaultWorkExecutionTracker$OperationListener.finished(Lorg/gradle/internal/operations/BuildOperationDescriptor;Lorg/gradle/internal/operations
Event: 3380.446 Thread 0x000002e9df914040 DEOPT PACKING pc=0x000002e9ac252228 sp=0x000000f0829fc000
Event: 3380.446 Thread 0x000002e9df914040 DEOPT UNPACKING pc=0x000002e9ab1569a3 sp=0x000000f0829fbf78 mode 2
Event: 3380.456 Thread 0x000002e9df914040 Uncommon trap: trap_request=0xffffff45 fr.pc=0x000002e9ac2d9c80 relative=0x0000000000000a60
Event: 3380.456 Thread 0x000002e9df914040 Uncommon trap: reason=unstable_if action=reinterpret pc=0x000002e9ac2d9c80 method=org.gradle.internal.snapshot.VfsRelativePath.lengthOfCommonPrefix(Ljava/lang/String;Lorg/gradle/internal/snapshot/CaseSensitivity;)I @ 146 c2
Event: 3380.456 Thread 0x000002e9df914040 DEOPT PACKING pc=0x000002e9ac2d9c80 sp=0x000000f0829fce60
Event: 3380.456 Thread 0x000002e9df914040 DEOPT UNPACKING pc=0x000002e9ab1569a3 sp=0x000000f0829fcde8 mode 2

Classes unloaded (20 events):
Event: 3009.208 Thread 0x000002e9ba52b500 Unloading class 0x000002e9bc1cf000 'java/lang/invoke/LambdaForm$MH+0x000002e9bc1cf000'
Event: 3009.208 Thread 0x000002e9ba52b500 Unloading class 0x000002e9bc1cec00 'java/lang/invoke/LambdaForm$MH+0x000002e9bc1cec00'
Event: 3009.208 Thread 0x000002e9ba52b500 Unloading class 0x000002e9bc1ce800 'java/lang/invoke/LambdaForm$MH+0x000002e9bc1ce800'
Event: 3009.208 Thread 0x000002e9ba52b500 Unloading class 0x000002e9bc1ce400 'java/lang/invoke/LambdaForm$MH+0x000002e9bc1ce400'
Event: 3009.208 Thread 0x000002e9ba52b500 Unloading class 0x000002e9bc1ce000 'java/lang/invoke/LambdaForm$MH+0x000002e9bc1ce000'
Event: 3009.208 Thread 0x000002e9ba52b500 Unloading class 0x000002e9bc1cdc00 'java/lang/invoke/LambdaForm$MH+0x000002e9bc1cdc00'
Event: 3009.208 Thread 0x000002e9ba52b500 Unloading class 0x000002e9bc1cd800 'java/lang/invoke/LambdaForm$MH+0x000002e9bc1cd800'
Event: 3009.208 Thread 0x000002e9ba52b500 Unloading class 0x000002e9bc1cd400 'java/lang/invoke/LambdaForm$MH+0x000002e9bc1cd400'
Event: 3009.208 Thread 0x000002e9ba52b500 Unloading class 0x000002e9bc1cc400 'java/lang/invoke/LambdaForm$MH+0x000002e9bc1cc400'
Event: 3009.208 Thread 0x000002e9ba52b500 Unloading class 0x000002e9bc1cc000 'java/lang/invoke/LambdaForm$BMH+0x000002e9bc1cc000'
Event: 3009.208 Thread 0x000002e9ba52b500 Unloading class 0x000002e9bc100400 'java/lang/invoke/LambdaForm$DMH+0x000002e9bc100400'
Event: 3009.209 Thread 0x000002e9ba52b500 Unloading class 0x000002e9bc0f5c00 'java/lang/invoke/LambdaForm$DMH+0x000002e9bc0f5c00'
Event: 3009.209 Thread 0x000002e9ba52b500 Unloading class 0x000002e9bc0f5800 'java/lang/invoke/LambdaForm$MH+0x000002e9bc0f5800'
Event: 3009.209 Thread 0x000002e9ba52b500 Unloading class 0x000002e9bc0f5400 'java/lang/invoke/LambdaForm$MH+0x000002e9bc0f5400'
Event: 3009.209 Thread 0x000002e9ba52b500 Unloading class 0x000002e9bc0f5000 'java/lang/invoke/LambdaForm$MH+0x000002e9bc0f5000'
Event: 3009.209 Thread 0x000002e9ba52b500 Unloading class 0x000002e9bc0f4c00 'java/lang/invoke/LambdaForm$MH+0x000002e9bc0f4c00'
Event: 3009.209 Thread 0x000002e9ba52b500 Unloading class 0x000002e9bc0f4800 'java/lang/invoke/LambdaForm$MH+0x000002e9bc0f4800'
Event: 3009.209 Thread 0x000002e9ba52b500 Unloading class 0x000002e9bc02ac00 'java/lang/invoke/LambdaForm$MH+0x000002e9bc02ac00'
Event: 3009.209 Thread 0x000002e9ba52b500 Unloading class 0x000002e9bc02a800 'java/lang/invoke/LambdaForm$MH+0x000002e9bc02a800'
Event: 3009.209 Thread 0x000002e9ba52b500 Unloading class 0x000002e9bc028400 'java/lang/invoke/LambdaForm$MH+0x000002e9bc028400'

Classes redefined (0 events):
No events

Internal exceptions (20 events):
Event: 3380.241 Thread 0x000002e9df919b60 Exception <a 'sun/nio/fs/WindowsException'{0x00000000c46f1c00}> (0x00000000c46f1c00) 
thrown [s\src\hotspot\share\prims\jni.cpp, line 516]
Event: 3380.245 Thread 0x000002e9df914f70 Exception <a 'sun/nio/fs/WindowsException'{0x00000000c456c198}> (0x00000000c456c198) 
thrown [s\src\hotspot\share\prims\jni.cpp, line 516]
Event: 3380.250 Thread 0x000002e9df914f70 Exception <a 'sun/nio/fs/WindowsException'{0x00000000c45bb448}> (0x00000000c45bb448) 
thrown [s\src\hotspot\share\prims\jni.cpp, line 516]
Event: 3380.252 Thread 0x000002e9df917d00 Exception <a 'sun/nio/fs/WindowsException'{0x00000000c45f8df8}> (0x00000000c45f8df8) 
thrown [s\src\hotspot\share\prims\jni.cpp, line 516]
Event: 3380.289 Thread 0x000002e9df917d00 Exception <a 'java/lang/NoSuchMethodError'{0x00000000c4300390}: static Lcom/android/ide/common/resources/MergedAssetWriter$AssetWorkAction;.<clinit>()V> (0x00000000c4300390) 
thrown [s\src\hotspot\share\prims\jni.cpp, line 1112]
Event: 3380.298 Thread 0x000002e9df917d00 Exception <a 'sun/nio/fs/WindowsException'{0x00000000c43198d8}> (0x00000000c43198d8) 
thrown [s\src\hotspot\share\prims\jni.cpp, line 516]
Event: 3380.300 Thread 0x000002e9df91aa90 Exception <a 'sun/nio/fs/WindowsException'{0x00000000c438f250}> (0x00000000c438f250) 
thrown [s\src\hotspot\share\prims\jni.cpp, line 516]
Event: 3380.315 Thread 0x000002e9df91aa90 Exception <a 'sun/nio/fs/WindowsException'{0x00000000c4221898}> (0x00000000c4221898) 
thrown [s\src\hotspot\share\prims\jni.cpp, line 516]
Event: 3380.322 Thread 0x000002e9df9163b0 Exception <a 'sun/nio/fs/WindowsException'{0x00000000c425f3e8}> (0x00000000c425f3e8) 
thrown [s\src\hotspot\share\prims\jni.cpp, line 516]
Event: 3380.362 Thread 0x000002e9df91aa90 Implicit null exception at 0x000002e9ab8e4bc0 to 0x000002e9ab8e5290
Event: 3380.365 Thread 0x000002e9df914040 Implicit null exception at 0x000002e9acc6d636 to 0x000002e9acc6df24
Event: 3380.377 Thread 0x000002e9df9163b0 Exception <a 'sun/nio/fs/WindowsException'{0x00000000c37783f0}> (0x00000000c37783f0) 
thrown [s\src\hotspot\share\prims\jni.cpp, line 516]
Event: 3380.381 Thread 0x000002e9df9163b0 Exception <a 'sun/nio/fs/WindowsException'{0x00000000c37d1798}> (0x00000000c37d1798) 
thrown [s\src\hotspot\share\prims\jni.cpp, line 516]
Event: 3380.381 Thread 0x000002e9df9163b0 Exception <a 'sun/nio/fs/WindowsException'{0x00000000c37d2668}> (0x00000000c37d2668) 
thrown [s\src\hotspot\share\prims\jni.cpp, line 516]
Event: 3380.381 Thread 0x000002e9df9163b0 Exception <a 'sun/nio/fs/WindowsException'{0x00000000c37d26f8}> (0x00000000c37d26f8) 
thrown [s\src\hotspot\share\prims\jni.cpp, line 516]
Event: 3380.381 Thread 0x000002e9df9163b0 Exception <a 'sun/nio/fs/WindowsException'{0x00000000c37d2b68}> (0x00000000c37d2b68) 
thrown [s\src\hotspot\share\prims\jni.cpp, line 516]
Event: 3380.384 Thread 0x000002e9dde055f0 Exception <a 'sun/nio/fs/WindowsException'{0x00000000c45ecac0}> (0x00000000c45ecac0) 
thrown [s\src\hotspot\share\prims\jni.cpp, line 516]
Event: 3380.384 Thread 0x000002e9dde055f0 Exception <a 'sun/nio/fs/WindowsException'{0x00000000c45eccf8}> (0x00000000c45eccf8) 
thrown [s\src\hotspot\share\prims\jni.cpp, line 516]
Event: 3380.384 Thread 0x000002e9dde055f0 Exception <a 'sun/nio/fs/WindowsException'{0x00000000c45ecdb8}> (0x00000000c45ecdb8) 
thrown [s\src\hotspot\share\prims\jni.cpp, line 516]
Event: 3380.384 Thread 0x000002e9dde055f0 Exception <a 'sun/nio/fs/WindowsException'{0x00000000c45ed228}> (0x00000000c45ed228) 
thrown [s\src\hotspot\share\prims\jni.cpp, line 516]

VM Operations (20 events):
Event: 3377.750 Executing VM operation: ICBufferFull
Event: 3377.751 Executing VM operation: ICBufferFull done
Event: 3378.758 Executing VM operation: Cleanup
Event: 3378.774 Executing VM operation: Cleanup done
Event: 3379.290 Executing VM operation: G1CollectForAllocation
Event: 3379.468 Executing VM operation: G1CollectForAllocation done
Event: 3380.181 Executing VM operation: HandshakeAllThreads
Event: 3380.181 Executing VM operation: HandshakeAllThreads done
Event: 3380.197 Executing VM operation: HandshakeAllThreads
Event: 3380.198 Executing VM operation: HandshakeAllThreads done
Event: 3380.211 Executing VM operation: HandshakeAllThreads
Event: 3380.212 Executing VM operation: HandshakeAllThreads done
Event: 3380.228 Executing VM operation: HandshakeAllThreads
Event: 3380.228 Executing VM operation: HandshakeAllThreads done
Event: 3380.266 Executing VM operation: HandshakeAllThreads
Event: 3380.267 Executing VM operation: HandshakeAllThreads done
Event: 3380.271 Executing VM operation: HandshakeAllThreads
Event: 3380.271 Executing VM operation: HandshakeAllThreads done
Event: 3380.278 Executing VM operation: HandshakeAllThreads
Event: 3380.279 Executing VM operation: HandshakeAllThreads done

Events (20 events):
Event: 3377.194 Thread 0x000002e9ba562e70 flushing nmethod 0x000002e9a6039610
Event: 3377.196 Thread 0x000002e9ba562e70 flushing nmethod 0x000002e9a61c8190
Event: 3377.196 Thread 0x000002e9ba562e70 flushing nmethod 0x000002e9a61da210
Event: 3377.196 Thread 0x000002e9ba562e70 flushing nmethod 0x000002e9a61db410
Event: 3377.199 Thread 0x000002e9ba562e70 flushing nmethod 0x000002e9a665fd10
Event: 3377.199 Thread 0x000002e9ba562e70 flushing nmethod 0x000002e9a6660a10
Event: 3377.199 Thread 0x000002e9ba562e70 flushing nmethod 0x000002e9a6724890
Event: 3377.200 Thread 0x000002e9ba562e70 flushing nmethod 0x000002e9a6904710
Event: 3377.204 Thread 0x000002e9ba562e70 flushing nmethod 0x000002e9a6bac490
Event: 3377.835 Thread 0x000002e9dde055f0 Thread added: 0x000002e9dde055f0
Event: 3377.868 Thread 0x000002e9e089f140 Thread added: 0x000002e9e089f140
Event: 3378.004 Thread 0x000002e9e089cdd0 Thread added: 0x000002e9e089cdd0
Event: 3378.043 Thread 0x000002e9e08a0070 Thread added: 0x000002e9e08a0070
Event: 3378.308 Thread 0x000002e9e066c470 Thread exited: 0x000002e9e066c470
Event: 3378.381 Thread 0x000002e9e089dd00 Thread added: 0x000002e9e089dd00
Event: 3378.381 Thread 0x000002e9e089f650 Thread added: 0x000002e9e089f650
Event: 3380.060 Thread 0x000002e9e7822630 Thread added: 0x000002e9e7822630
Event: 3380.289 Thread 0x000002e9e7823050 Thread added: 0x000002e9e7823050
Event: 3380.309 Thread 0x000002e9e7823560 Thread added: 0x000002e9e7823560
Event: 3380.382 Thread 0x000002e9e7822b40 Thread added: 0x000002e9e7822b40


Dynamic libraries:
0x00007ff66d5a0000 - 0x00007ff66d5ae000 	C:\Program Files\Microsoft\jdk-17.0.11.9-hotspot\bin\java.exe
0x00007ffe6b450000 - 0x00007ffe6b667000 	C:\WINDOWS\SYSTEM32\ntdll.dll
0x00007ffe6a370000 - 0x00007ffe6a434000 	C:\WINDOWS\System32\KERNEL32.DLL
0x00007ffe68790000 - 0x00007ffe68b36000 	C:\WINDOWS\System32\KERNELBASE.dll
0x00007ffe68ea0000 - 0x00007ffe68fb1000 	C:\WINDOWS\System32\ucrtbase.dll
0x00007ffe61990000 - 0x00007ffe619a7000 	C:\Program Files\Microsoft\jdk-17.0.11.9-hotspot\bin\jli.dll
0x00007ffe5e240000 - 0x00007ffe5e25b000 	C:\Program Files\Microsoft\jdk-17.0.11.9-hotspot\bin\VCRUNTIME140.dll
0x00007ffe69be0000 - 0x00007ffe69d8e000 	C:\WINDOWS\System32\USER32.dll
0x00007ffe68d20000 - 0x00007ffe68d46000 	C:\WINDOWS\System32\win32u.dll
0x00007ffe50180000 - 0x00007ffe50413000 	C:\WINDOWS\WinSxS\amd64_microsoft.windows.common-controls_6595b64144ccf1df_6.0.22621.2506_none_270c5ae97388e100\COMCTL32.dll
0x00007ffe6b3e0000 - 0x00007ffe6b409000 	C:\WINDOWS\System32\GDI32.dll
0x00007ffe69a10000 - 0x00007ffe69ab7000 	C:\WINDOWS\System32\msvcrt.dll
0x00007ffe68b40000 - 0x00007ffe68c58000 	C:\WINDOWS\System32\gdi32full.dll
0x00007ffe68d50000 - 0x00007ffe68dea000 	C:\WINDOWS\System32\msvcp_win.dll
0x00007ffe69300000 - 0x00007ffe69331000 	C:\WINDOWS\System32\IMM32.DLL
0x00007ffe65710000 - 0x00007ffe6571c000 	C:\Program Files\Microsoft\jdk-17.0.11.9-hotspot\bin\vcruntime140_1.dll
0x00007ffe46810000 - 0x00007ffe4689d000 	C:\Program Files\Microsoft\jdk-17.0.11.9-hotspot\bin\msvcp140.dll
0x00007ffe05bc0000 - 0x00007ffe06826000 	C:\Program Files\Microsoft\jdk-17.0.11.9-hotspot\bin\server\jvm.dll
0x00007ffe6aa10000 - 0x00007ffe6aac3000 	C:\WINDOWS\System32\ADVAPI32.dll
0x00007ffe6aad0000 - 0x00007ffe6ab78000 	C:\WINDOWS\System32\sechost.dll
0x00007ffe68df0000 - 0x00007ffe68e18000 	C:\WINDOWS\System32\bcrypt.dll
0x00007ffe6a440000 - 0x00007ffe6a557000 	C:\WINDOWS\System32\RPCRT4.dll
0x00007ffe63860000 - 0x00007ffe63869000 	C:\WINDOWS\SYSTEM32\WSOCK32.dll
0x00007ffe62260000 - 0x00007ffe62294000 	C:\WINDOWS\SYSTEM32\WINMM.dll
0x00007ffe68400000 - 0x00007ffe6844d000 	C:\WINDOWS\SYSTEM32\POWRPROF.dll
0x00007ffe69990000 - 0x00007ffe69a01000 	C:\WINDOWS\System32\WS2_32.dll
0x00007ffe62a10000 - 0x00007ffe62a1a000 	C:\WINDOWS\SYSTEM32\VERSION.dll
0x00007ffe68200000 - 0x00007ffe68213000 	C:\WINDOWS\SYSTEM32\UMPDC.dll
0x00007ffe677d0000 - 0x00007ffe677e8000 	C:\WINDOWS\SYSTEM32\kernel.appcore.dll
0x00007ffe61a60000 - 0x00007ffe61a6a000 	C:\Program Files\Microsoft\jdk-17.0.11.9-hotspot\bin\jimage.dll
0x00007ffe66390000 - 0x00007ffe665c3000 	C:\WINDOWS\SYSTEM32\DBGHELP.DLL
0x00007ffe69600000 - 0x00007ffe69989000 	C:\WINDOWS\System32\combase.dll
0x00007ffe69340000 - 0x00007ffe69417000 	C:\WINDOWS\System32\OLEAUT32.dll
0x00007ffe5ae60000 - 0x00007ffe5ae92000 	C:\WINDOWS\SYSTEM32\dbgcore.DLL
0x00007ffe68e20000 - 0x00007ffe68e9a000 	C:\WINDOWS\System32\bcryptPrimitives.dll
0x00007ffe520e0000 - 0x00007ffe520ee000 	C:\Program Files\Microsoft\jdk-17.0.11.9-hotspot\bin\instrument.dll
0x00007ffe495a0000 - 0x00007ffe495c5000 	C:\Program Files\Microsoft\jdk-17.0.11.9-hotspot\bin\java.dll
0x00007ffe44d30000 - 0x00007ffe44e07000 	C:\Program Files\Microsoft\jdk-17.0.11.9-hotspot\bin\jsvml.dll
0x00007ffe6ab80000 - 0x00007ffe6b3db000 	C:\WINDOWS\System32\SHELL32.dll
0x00007ffe665d0000 - 0x00007ffe66ec6000 	C:\WINDOWS\SYSTEM32\windows.storage.dll
0x00007ffe66250000 - 0x00007ffe6638e000 	C:\WINDOWS\SYSTEM32\wintypes.dll
0x00007ffe691a0000 - 0x00007ffe69293000 	C:\WINDOWS\System32\SHCORE.dll
0x00007ffe6a670000 - 0x00007ffe6a6ce000 	C:\WINDOWS\System32\shlwapi.dll
0x00007ffe686c0000 - 0x00007ffe686e6000 	C:\WINDOWS\SYSTEM32\profapi.dll
0x00007ffe4f260000 - 0x00007ffe4f278000 	C:\Program Files\Microsoft\jdk-17.0.11.9-hotspot\bin\zip.dll
0x00007ffe5cd90000 - 0x00007ffe5cda9000 	C:\Program Files\Microsoft\jdk-17.0.11.9-hotspot\bin\net.dll
0x00007ffe62520000 - 0x00007ffe62657000 	C:\WINDOWS\SYSTEM32\WINHTTP.dll
0x00007ffe67c50000 - 0x00007ffe67cb9000 	C:\WINDOWS\system32\mswsock.dll
0x00007ffe51660000 - 0x00007ffe51676000 	C:\Program Files\Microsoft\jdk-17.0.11.9-hotspot\bin\nio.dll
0x00007ffe65720000 - 0x00007ffe65730000 	C:\Program Files\Microsoft\jdk-17.0.11.9-hotspot\bin\verify.dll
0x00007ffe520f0000 - 0x00007ffe52117000 	C:\Users\anand\.gradle\native\c067742578af261105cb4f569cf0c3c89f3d7b1fecec35dd04571415982c5e48\windows-amd64\native-platform.dll
0x00007ffe42230000 - 0x00007ffe42374000 	C:\Users\anand\.gradle\native\38dada09dfb8b06ba9b0570ebf7e218e3eb74d4ef43ca46872605cf95ebc2f47\windows-amd64\native-platform-file-events.dll
0x00007ffe5e280000 - 0x00007ffe5e289000 	C:\Program Files\Microsoft\jdk-17.0.11.9-hotspot\bin\management.dll
0x00007ffe5c0d0000 - 0x00007ffe5c0db000 	C:\Program Files\Microsoft\jdk-17.0.11.9-hotspot\bin\management_ext.dll
0x00007ffe6a900000 - 0x00007ffe6a908000 	C:\WINDOWS\System32\PSAPI.DLL
0x00007ffe67eb0000 - 0x00007ffe67ecb000 	C:\WINDOWS\SYSTEM32\CRYPTSP.dll
0x00007ffe67730000 - 0x00007ffe67765000 	C:\WINDOWS\system32\rsaenh.dll
0x00007ffe67d40000 - 0x00007ffe67d6c000 	C:\WINDOWS\SYSTEM32\USERENV.dll
0x00007ffe67ea0000 - 0x00007ffe67eac000 	C:\WINDOWS\SYSTEM32\CRYPTBASE.dll
0x00007ffe67250000 - 0x00007ffe6727d000 	C:\WINDOWS\SYSTEM32\IPHLPAPI.DLL
0x00007ffe6a560000 - 0x00007ffe6a569000 	C:\WINDOWS\System32\NSI.dll
0x00007ffe622c0000 - 0x00007ffe622d9000 	C:\WINDOWS\SYSTEM32\dhcpcsvc6.DLL
0x00007ffe622a0000 - 0x00007ffe622bf000 	C:\WINDOWS\SYSTEM32\dhcpcsvc.DLL
0x00007ffe67280000 - 0x00007ffe67379000 	C:\WINDOWS\SYSTEM32\DNSAPI.dll
0x00007ffe52610000 - 0x00007ffe52619000 	C:\Program Files\Microsoft\jdk-17.0.11.9-hotspot\bin\extnet.dll
0x00007ffe5a9b0000 - 0x00007ffe5a9be000 	C:\Program Files\Microsoft\jdk-17.0.11.9-hotspot\bin\sunmscapi.dll
0x00007ffe68fc0000 - 0x00007ffe69126000 	C:\WINDOWS\System32\CRYPT32.dll
0x00007ffe68060000 - 0x00007ffe6808e000 	C:\WINDOWS\SYSTEM32\ncrypt.dll
0x00007ffe68020000 - 0x00007ffe68057000 	C:\WINDOWS\SYSTEM32\NTASN1.dll
0x00007ffe5aa80000 - 0x00007ffe5aa88000 	C:\WINDOWS\system32\wshunix.dll
0x00007ffe480f0000 - 0x00007ffe48107000 	C:\WINDOWS\system32\napinsp.dll
0x00007ffe480d0000 - 0x00007ffe480eb000 	C:\WINDOWS\system32\pnrpnsp.dll
0x00007ffe480b0000 - 0x00007ffe480c1000 	C:\WINDOWS\System32\winrnr.dll
0x00007ffe3c840000 - 0x00007ffe3c855000 	C:\WINDOWS\system32\wshbth.dll
0x00007ffe07080000 - 0x00007ffe070a1000 	C:\WINDOWS\system32\nlansp_c.dll
0x00007ffe5ea60000 - 0x00007ffe5ea6a000 	C:\Windows\System32\rasadhlp.dll
0x00007ffe616e0000 - 0x00007ffe61763000 	C:\WINDOWS\System32\fwpuclnt.dll
0x00007ffe677f0000 - 0x00007ffe67824000 	C:\WINDOWS\SYSTEM32\ntmarta.dll

dbghelp: loaded successfully - version: 4.0.5 - missing functions: none
symbol engine: initialized successfully - sym options: 0x614 - pdb path: .;C:\Program Files\Microsoft\jdk-17.0.11.9-hotspot\bin;C:\WINDOWS\SYSTEM32;C:\WINDOWS\WinSxS\amd64_microsoft.windows.common-controls_6595b64144ccf1df_6.0.22621.2506_none_270c5ae97388e100;C:\Program Files\Microsoft\jdk-17.0.11.9-hotspot\bin\server;C:\Users\anand\.gradle\native\c067742578af261105cb4f569cf0c3c89f3d7b1fecec35dd04571415982c5e48\windows-amd64;C:\Users\anand\.gradle\native\38dada09dfb8b06ba9b0570ebf7e218e3eb74d4ef43ca46872605cf95ebc2f47\windows-amd64

VM Arguments:
jvm_args: -XX:MaxMetaspaceSize=512m --add-opens=java.base/java.util=ALL-UNNAMED --add-opens=java.base/java.lang=ALL-UNNAMED --add-opens=java.base/java.lang.invoke=ALL-UNNAMED --add-opens=java.prefs/java.util.prefs=ALL-UNNAMED --add-opens=java.base/java.nio.charset=ALL-UNNAMED --add-opens=java.base/java.net=ALL-UNNAMED --add-opens=java.base/java.util.concurrent.atomic=ALL-UNNAMED -Xmx2048m -Dfile.encoding=windows-1252 -Duser.country=IN -Duser.language=en -Duser.variant -javaagent:C:\Users\anand\.gradle\wrapper\dists\gradle-8.6-all\3mbtmo166bl6vumsh5k2lkq5h\gradle-8.6\lib\agents\gradle-instrumentation-agent-8.6.jar 
java_command: org.gradle.launcher.daemon.bootstrap.GradleDaemon 8.6
java_class_path (initial): C:\Users\anand\.gradle\wrapper\dists\gradle-8.6-all\3mbtmo166bl6vumsh5k2lkq5h\gradle-8.6\lib\gradle-launcher-8.6.jar
Launcher Type: SUN_STANDARD

[Global flags]
     intx CICompilerCount                          = 4                                         {product} {ergonomic}
   size_t CompressedClassSpaceSize                 = 436207616                                 {product} {ergonomic}
     uint ConcGCThreads                            = 2                                         {product} {ergonomic}
     uint G1ConcRefinementThreads                  = 8                                         {product} {ergonomic}
   size_t G1HeapRegionSize                         = 1048576                                   {product} {ergonomic}
    uintx GCDrainStackTargetSize                   = 64                                        {product} {ergonomic}
   size_t InitialHeapSize                          = 132120576                                 {product} {ergonomic}
   size_t MarkStackSize                            = 4194304                                   {product} {ergonomic}
   size_t MaxHeapSize                              = 2147483648                                {product} {command line}
   size_t MaxMetaspaceSize                         = 536870912                                 {product} {command line}
   size_t MaxNewSize                               = 1287651328                                {product} {ergonomic}
   size_t MinHeapDeltaBytes                        = 1048576                                   {product} {ergonomic}
   size_t MinHeapSize                              = 8388608                                   {product} {ergonomic}
    uintx NonNMethodCodeHeapSize                   = 5839372                                {pd product} {ergonomic}
    uintx NonProfiledCodeHeapSize                  = 122909434                              {pd product} {ergonomic}
    uintx ProfiledCodeHeapSize                     = 122909434                              {pd product} {ergonomic}
    uintx ReservedCodeCacheSize                    = 251658240                              {pd product} {ergonomic}
     bool SegmentedCodeCache                       = true                                      {product} {ergonomic}
   size_t SoftMaxHeapSize                          = 2147483648                             {manageable} {ergonomic}
     bool UseCompressedClassPointers               = true                           {product lp64_product} {ergonomic}
     bool UseCompressedOops                        = true                           {product lp64_product} {ergonomic}
     bool UseG1GC                                  = true                                      {product} {ergonomic}
     bool UseLargePagesIndividualAllocation        = false                                  {pd product} {ergonomic}

Logging:
Log output configuration:
 #0: stdout all=warning uptime,level,tags
 #1: stderr all=off uptime,level,tags

Environment Variables:
JAVA_HOME=C:\Program Files\Microsoft\jdk-17.0.11.9-hotspot\
CLASSPATH=C:\Users\anand\Amaterasu\android\\gradle\wrapper\gradle-wrapper.jar
PATH=C:\Users\anand\Amaterasu\node_modules\.bin;C:\Users\anand\Amaterasu\node_modules\.bin;C:\Users\anand\node_modules\.bin;C:\Users\node_modules\.bin;C:\node_modules\.bin;C:\Users\anand\AppData\Roaming\npm\node_modules\npm\node_modules\@npmcli\run-script\lib\node-gyp-bin;C:\Users\anand\Amaterasu\node_modules\.bin;C:\Users\anand\Amaterasu\node_modules\.bin;C:\Users\anand\node_modules\.bin;C:\Users\node_modules\.bin;C:\node_modules\.bin;C:\Users\anand\AppData\Roaming\npm\node_modules\npm\node_modules\@npmcli\run-script\lib\node-gyp-bin;C:\Program Files\Microsoft\jdk-17.0.11.9-hotspot\bin;C:\Program Files\Common Files\Oracle\Java\javapath;C:\Windows\system32;C:\Windows;C:\Windows\System32\Wbem;C:\Windows\System32\WindowsPowerShell\v1.0\;C:\Windows\System32\OpenSSH\;C:\Program Files (x86)\NVIDIA Corporation\PhysX\Common;C:\Program Files\NVIDIA Corporation\NVIDIA NvDLISR;C:\WINDOWS\system32;C:\WINDOWS;C:\WINDOWS\System32\Wbem;C:\WINDOWS\System32\WindowsPowerShell\v1.0\;C:\WINDOWS\System32\OpenSSH\;C:\MinGW\bin;C:\Program Files\Git\cmd;C:\Program Files\Git\mingw64\bin;C:\Program Files\Git\usr\bin;C:\ProgramData\chocolatey\bin;C:\Program Files\nodejs\;%LOCALAPPDATA%\Android\Sdk\platform-tools;C:\Protoc\bin;C:\Users\anand\AppData\Local\Microsoft\WindowsApps;";flutter\bin";C:\Users\anand\AppData\Local\Programs\Microsoft VS Code\bin;C:\Users\anand\AppData\Roaming\npm;
USERNAME=anand
OS=Windows_NT
PROCESSOR_IDENTIFIER=Intel64 Family 6 Model 165 Stepping 2, GenuineIntel
TMP=C:\Users\anand\AppData\Local\Temp
TEMP=C:\Users\anand\AppData\Local\Temp



Periodic native trim disabled


---------------  S Y S T E M  ---------------

OS:
 Windows 11 , 64 bit Build 22621 (10.0.22621.3085)
OS uptime: 20 days 1:44 hours

CPU: total 8 (initial active 8) (4 cores per cpu, 2 threads per core) family 6 model 165 stepping 2 microcode 0xe0, cx8, cmov, fxsr, ht, mmx, 3dnowpref, sse, sse2, sse3, ssse3, sse4.1, sse4.2, popcnt, lzcnt, tsc, tscinvbit, avx, avx2, aes, erms, clmul, bmi1, bmi2, adx, fma, vzeroupper, clflush, clflushopt
Processor Information for all 8 processors :
  Max Mhz: 2400, Current Mhz: 2400, Mhz Limit: 2400

Memory: 4k page, system-wide physical 8029M (383M free)
TotalPageFile size 32605M (AvailPageFile size 0M)
current process WorkingSet (physical memory assigned to process): 592M, peak: 823M
current process commit charge ("private bytes"): 1661M, peak: 1666M

vm_info: OpenJDK 64-Bit Server VM (17.0.11+9-LTS) for windows-amd64 JRE (17.0.11+9-LTS), built on Apr  9 2024 22:05:54 by "MicrosoftCorporation" with MS VC++ 16.10 / 16.11 (VS2019)

END.
