#
# There is insufficient memory for the Java Runtime Environment to continue.
# Native memory allocation (mmap) failed to map 3457024 bytes. Error detail: G1 virtual space
# Possible reasons:
#   The system is out of physical RAM or swap space
#   This process is running with CompressedOops enabled, and the Java Heap may be blocking the growth of the native heap
# Possible solutions:
#   Reduce memory load on the system
#   Increase physical memory or swap space
#   Check if swap backing store is full
#   Decrease Java heap size (-Xmx/-Xms)
#   Decrease number of Java threads
#   Decrease Java thread stack sizes (-Xss)
#   Set larger code cache with -XX:ReservedCodeCacheSize=
#   JVM is running with Unscaled Compressed Oops mode in which the Java heap is
#     placed in the first 4GB address space. The Java Heap base address is the
#     maximum limit for the native heap growth. Please use -XX:HeapBaseMinAddress
#     to set the Java Heap base and to place the Java Heap above 4GB virtual address.
# This output file may be truncated or incomplete.
#
#  Out of Memory Error (os_windows.cpp:3613), pid=19912, tid=19724
#
# JRE version: OpenJDK Runtime Environment Microsoft-9388408 (17.0.11+9) (build 17.0.11+9-LTS)
# Java VM: OpenJDK 64-Bit Server VM Microsoft-9388408 (17.0.11+9-LTS, mixed mode, sharing, tiered, compressed oops, compressed class ptrs, g1 gc, windows-amd64)
# No core dump will be written. Minidumps are not enabled by default on client versions of Windows
#

---------------  S U M M A R Y ------------

Command Line: -XX:MaxMetaspaceSize=512m --add-opens=java.base/java.util=ALL-UNNAMED --add-opens=java.base/java.lang=ALL-UNNAMED --add-opens=java.base/java.lang.invoke=ALL-UNNAMED --add-opens=java.prefs/java.util.prefs=ALL-UNNAMED --add-opens=java.base/java.nio.charset=ALL-UNNAMED --add-opens=java.base/java.net=ALL-UNNAMED --add-opens=java.base/java.util.concurrent.atomic=ALL-UNNAMED -Xmx2048m -Dfile.encoding=windows-1252 -Duser.country=IN -Duser.language=en -Duser.variant -javaagent:C:\Users\anand\.gradle\wrapper\dists\gradle-8.6-all\3mbtmo166bl6vumsh5k2lkq5h\gradle-8.6\lib\agents\gradle-instrumentation-agent-8.6.jar org.gradle.launcher.daemon.bootstrap.GradleDaemon 8.6

Host: Intel(R) Core(TM) i5-10200H CPU @ 2.40GHz, 8 cores, 7G,  Windows 11 , 64 bit Build 22621 (10.0.22621.3085)
Time: Thu Jul 18 18:36:51 2024 India Standard Time elapsed time: 2636.551247 seconds (0d 0h 43m 56s)

---------------  T H R E A D  ---------------

Current thread (0x000001c2c7179a00):  VMThread "VM Thread" [stack: 0x000000a890b00000,0x000000a890c00000] [id=19724]

Stack: [0x000000a890b00000,0x000000a890c00000]
Native frames: (J=compiled Java code, j=interpreted, Vv=VM code, C=native code)
V  [jvm.dll+0x67f6d9]
V  [jvm.dll+0x83773a]
V  [jvm.dll+0x8391fe]
V  [jvm.dll+0x839863]
V  [jvm.dll+0x247fbf]
V  [jvm.dll+0x67c519]
V  [jvm.dll+0x670f8a]
V  [jvm.dll+0x309bdb]
V  [jvm.dll+0x311086]
V  [jvm.dll+0x360a83]
V  [jvm.dll+0x360c9f]
V  [jvm.dll+0x2e0928]
V  [jvm.dll+0x2e39a6]
V  [jvm.dll+0x2ee09a]
V  [jvm.dll+0x321f40]
V  [jvm.dll+0x83dd5b]
V  [jvm.dll+0x83ea92]
V  [jvm.dll+0x83efad]
V  [jvm.dll+0x83f384]
V  [jvm.dll+0x83f450]
V  [jvm.dll+0x7e6cba]
V  [jvm.dll+0x67e5c5]
C  [ucrtbase.dll+0x29363]
C  [KERNEL32.DLL+0x1257d]
C  [ntdll.dll+0x5aa58]

VM_Operation (0x000000a8907ff920): G1PauseRemark, mode: safepoint, requested by thread 0x000001c2a8d8c460


---------------  P R O C E S S  ---------------

Threads class SMR info:
_java_thread_list=0x000001c2ec1111b0, length=160, elements={
0x000001c2a8d20b90, 0x000001c2c71841e0, 0x000001c2c7185060, 0x000001c2c719ce00,
0x000001c2c719d8d0, 0x000001c2c71a03a0, 0x000001c2c71a0d60, 0x000001c2c71a1b00,
0x000001c2c71a45c0, 0x000001c2c71a8fe0, 0x000001c2c71eea90, 0x000001c2c753dfc0,
0x000001c2e7d5de30, 0x000001c2e897d860, 0x000001c2e7ec51e0, 0x000001c2e7dd88c0,
0x000001c2e7dd5110, 0x000001c2e7dd7480, 0x000001c2e7dd6550, 0x000001c2e7dd5620,
0x000001c2e9e03280, 0x000001c2e9e07960, 0x000001c2e9e08380, 0x000001c2e9e0a6f0,
0x000001c2e9e06f40, 0x000001c2e9e05b00, 0x000001c2e9e03ca0, 0x000001c2e9e0a1e0,
0x000001c2e9e06010, 0x000001c2e96c7b80, 0x000001c2f31c8530, 0x000001c2f328f810,
0x000001c2f328e3d0, 0x000001c2f328d9b0, 0x000001c2f421b4b0, 0x000001c2ebd33410,
0x000001c2ebd33920, 0x000001c2ebd33e30, 0x000001c2ebd34340, 0x000001c2ebd30b90,
0x000001c2ebd310a0, 0x000001c2ebd315b0, 0x000001c2ebd31ac0, 0x000001c2ebd324e0,
0x000001c2ebd329f0, 0x000001c2ebd31fd0, 0x000001c2eb696810, 0x000001c2eb6949b0,
0x000001c2f4917e30, 0x000001c2f4918850, 0x000001c2f5866810, 0x000001c2f218c9b0,
0x000001c2f218d3d0, 0x000001c2f218cec0, 0x000001c2f218f740, 0x000001c2f21924d0,
0x000001c2f2190670, 0x000001c2f218e810, 0x000001c2f12dd870, 0x000001c2f12dfbe0,
0x000001c2f5866300, 0x000001c2f4218c30, 0x000001c2f421aa90, 0x000001c2f5867230,
0x000001c2f328dec0, 0x000001c2f56333b0, 0x000001c2f5866d20, 0x000001c2f58653d0,
0x000001c2f218f230, 0x000001c2f218ba80, 0x000001c2eb6958e0, 0x000001c2eb6944a0,
0x000001c2eb6953d0, 0x000001c2eb693060, 0x000001c2eb694ec0, 0x000001c2f2191090,
0x000001c2f218e300, 0x000001c2f218ed20, 0x000001c2f328c060, 0x000001c2f328cf90,
0x000001c2f328e8e0, 0x000001c2f328edf0, 0x000001c2f12de7a0, 0x000001c2f12df6d0,
0x000001c2f12decb0, 0x000001c2f328f300, 0x000001c2f328c570, 0x000001c2f328ca80,
0x000001c2f328d4a0, 0x000001c2f31c8020, 0x000001c2f31c9460, 0x000001c2f31c9970,
0x000001c2f4219b60, 0x000001c2f5867740, 0x000001c2f218d8e0, 0x000001c2f2191ab0,
0x000001c2f2190b80, 0x000001c2f218c4a0, 0x000001c2f218ddf0, 0x000001c2f2191fc0,
0x000001c2f58658e0, 0x000001c2f5867c50, 0x000001c2f5868160, 0x000001c2f58649b0,
0x000001c2f43e9980, 0x000001c2f43eadc0, 0x000001c2f43eb2d0, 0x000001c2f56338c0,
0x000001c2f5632990, 0x000001c2f5633dd0, 0x000001c2f5632ea0, 0x000001c2f4544480,
0x000001c2f4543a60, 0x000001c2f4544990, 0x000001c2f4543f70, 0x000001c2f4543040,
0x000001c2f4543550, 0x000001c2f3ed4ee0, 0x000001c2f3ed5e10, 0x000001c2f3ed2b70,
0x000001c2f3ed3aa0, 0x000001c2f4919780, 0x000001c2f43e9e90, 0x000001c2f43ea3a0,
0x000001c2f56073b0, 0x000001c2f5604b30, 0x000001c2f5605040, 0x000001c2f5604110,
0x000001c2f31c8a40, 0x000001c2f31c8f50, 0x000001c2f4bcfb80, 0x000001c2eb695df0,
0x000001c2eb693570, 0x000001c2eb693a80, 0x000001c2f1288be0, 0x000001c2f421a070,
0x000001c2f421afa0, 0x000001c2f5605a60, 0x000001c2f5605550, 0x000001c2f5605f70,
0x000001c2f5604620, 0x000001c2f5606480, 0x000001c2f5606990, 0x000001c2f4419540,
0x000001c2f441a470, 0x000001c2f441ae90, 0x000001c2f3ed2660, 0x000001c2f3ed5900,
0x000001c2f3ed3590, 0x000001c2f5606ea0, 0x000001c2f4419030, 0x000001c2f12e0600,
0x000001c2f218b570, 0x000001c2f3ed3080, 0x000001c2f12886d0, 0x000001c2f12890f0,
0x000001c2f1289600, 0x000001c2f1285e50, 0x000001c2f12877a0, 0x000001c2f1287cb0
}

Java Threads: ( => current thread )
  0x000001c2a8d20b90 JavaThread "main" [_thread_blocked, id=15128, stack(0x000000a890500000,0x000000a890600000)]
  0x000001c2c71841e0 JavaThread "Reference Handler" daemon [_thread_blocked, id=10880, stack(0x000000a890c00000,0x000000a890d00000)]
  0x000001c2c7185060 JavaThread "Finalizer" daemon [_thread_blocked, id=27076, stack(0x000000a890d00000,0x000000a890e00000)]
  0x000001c2c719ce00 JavaThread "Signal Dispatcher" daemon [_thread_blocked, id=29948, stack(0x000000a890e00000,0x000000a890f00000)]
  0x000001c2c719d8d0 JavaThread "Attach Listener" daemon [_thread_blocked, id=6380, stack(0x000000a890f00000,0x000000a891000000)]
  0x000001c2c71a03a0 JavaThread "Service Thread" daemon [_thread_blocked, id=14192, stack(0x000000a891000000,0x000000a891100000)]
  0x000001c2c71a0d60 JavaThread "Monitor Deflation Thread" daemon [_thread_blocked, id=36552, stack(0x000000a891100000,0x000000a891200000)]
  0x000001c2c71a1b00 JavaThread "C2 CompilerThread0" daemon [_thread_blocked, id=12376, stack(0x000000a891200000,0x000000a891300000)]
  0x000001c2c71a45c0 JavaThread "C1 CompilerThread0" daemon [_thread_blocked, id=284, stack(0x000000a891300000,0x000000a891400000)]
  0x000001c2c71a8fe0 JavaThread "Sweeper thread" daemon [_thread_blocked, id=7644, stack(0x000000a891400000,0x000000a891500000)]
  0x000001c2c71eea90 JavaThread "Common-Cleaner" daemon [_thread_blocked, id=28360, stack(0x000000a891500000,0x000000a891600000)]
  0x000001c2c753dfc0 JavaThread "Notification Thread" daemon [_thread_blocked, id=21308, stack(0x000000a891600000,0x000000a891700000)]
  0x000001c2e7d5de30 JavaThread "Daemon health stats" [_thread_blocked, id=19560, stack(0x000000a891900000,0x000000a891a00000)]
  0x000001c2e897d860 JavaThread "Incoming local TCP Connector on port 60804" [_thread_in_native, id=30844, stack(0x000000a891e00000,0x000000a891f00000)]
  0x000001c2e7ec51e0 JavaThread "Daemon periodic checks" [_thread_blocked, id=53712, stack(0x000000a891f00000,0x000000a892000000)]
  0x000001c2e7dd88c0 JavaThread "Cache worker for journal cache (C:\Users\anand\.gradle\caches\journal-1)" [_thread_blocked, id=4160, stack(0x000000a892700000,0x000000a892800000)]
  0x000001c2e7dd5110 JavaThread "File lock request listener" [_thread_in_native, id=47320, stack(0x000000a892800000,0x000000a892900000)]
  0x000001c2e7dd7480 JavaThread "Cache worker for file hash cache (C:\Users\anand\.gradle\caches\8.6\fileHashes)" [_thread_blocked, id=17752, stack(0x000000a892900000,0x000000a892a00000)]
  0x000001c2e7dd6550 JavaThread "File watcher server" daemon [_thread_blocked, id=52144, stack(0x000000a892d00000,0x000000a892e00000)]
  0x000001c2e7dd5620 JavaThread "File watcher consumer" daemon [_thread_blocked, id=20700, stack(0x000000a892e00000,0x000000a892f00000)]
  0x000001c2e9e03280 JavaThread "Cache worker for file content cache (C:\Users\anand\.gradle\caches\8.6\fileContent)" [_thread_blocked, id=39916, stack(0x000000a893400000,0x000000a893500000)]
  0x000001c2e9e07960 JavaThread "jar transforms" [_thread_blocked, id=27720, stack(0x000000a893600000,0x000000a893700000)]
  0x000001c2e9e08380 JavaThread "jar transforms Thread 2" [_thread_blocked, id=14460, stack(0x000000a893700000,0x000000a893800000)]
  0x000001c2e9e0a6f0 JavaThread "jar transforms Thread 3" [_thread_blocked, id=39288, stack(0x000000a893500000,0x000000a893600000)]
  0x000001c2e9e06f40 JavaThread "jar transforms Thread 4" [_thread_blocked, id=43176, stack(0x000000a893800000,0x000000a893900000)]
  0x000001c2e9e05b00 JavaThread "jar transforms Thread 5" [_thread_blocked, id=39156, stack(0x000000a893c00000,0x000000a893d00000)]
  0x000001c2e9e03ca0 JavaThread "jar transforms Thread 6" [_thread_blocked, id=38292, stack(0x000000a893d00000,0x000000a893e00000)]
  0x000001c2e9e0a1e0 JavaThread "jar transforms Thread 7" [_thread_blocked, id=54040, stack(0x000000a893e00000,0x000000a893f00000)]
  0x000001c2e9e06010 JavaThread "jar transforms Thread 8" [_thread_blocked, id=52192, stack(0x000000a893f00000,0x000000a894000000)]
  0x000001c2e96c7b80 JavaThread "Memory manager" [_thread_blocked, id=53200, stack(0x000000a894b00000,0x000000a894c00000)]
  0x000001c2f31c8530 JavaThread "RMI Scheduler(0)" daemon [_thread_blocked, id=53004, stack(0x000000a892400000,0x000000a892500000)]
  0x000001c2f328f810 JavaThread "RMI GC Daemon" daemon [_thread_blocked, id=35472, stack(0x000000a89b400000,0x000000a89b500000)]
  0x000001c2f328e3d0 JavaThread "RMI TCP Accept-0" daemon [_thread_in_native, id=33100, stack(0x000000a89b500000,0x000000a89b600000)]
  0x000001c2f328d9b0 JavaThread "RMI Reaper" [_thread_blocked, id=38116, stack(0x000000a89b600000,0x000000a89b700000)]
  0x000001c2f421b4b0 JavaThread "Daemon Thread 3" [_thread_blocked, id=49084, stack(0x000000a890200000,0x000000a890300000)]
  0x000001c2ebd33410 JavaThread "Handler for socket connection from /127.0.0.1:60804 to /127.0.0.1:53767" [_thread_in_native, id=24976, stack(0x000000a890300000,0x000000a890400000)]
  0x000001c2ebd33920 JavaThread "Cancel handler" [_thread_blocked, id=31784, stack(0x000000a890400000,0x000000a890500000)]
  0x000001c2ebd33e30 JavaThread "Daemon worker Thread 3" [_thread_blocked, id=19928, stack(0x000000a891800000,0x000000a891900000)]
  0x000001c2ebd34340 JavaThread "Asynchronous log dispatcher for DefaultDaemonConnection: socket connection from /127.0.0.1:60804 to /127.0.0.1:53767" [_thread_blocked, id=45396, stack(0x000000a892000000,0x000000a892100000)]
  0x000001c2ebd30b90 JavaThread "Stdin handler" [_thread_blocked, id=47096, stack(0x000000a892100000,0x000000a892200000)]
  0x000001c2ebd310a0 JavaThread "Daemon client event forwarder" [_thread_blocked, id=19756, stack(0x000000a892200000,0x000000a892300000)]
  0x000001c2ebd315b0 JavaThread "Cache worker for checksums cache (C:\Users\anand\Amaterasu\android\.gradle\8.6\checksums)" [_thread_blocked, id=43744, stack(0x000000a892300000,0x000000a892400000)]
  0x000001c2ebd31ac0 JavaThread "Cache worker for file hash cache (C:\Users\anand\Amaterasu\android\.gradle\8.6\fileHashes)" [_thread_blocked, id=50900, stack(0x000000a892500000,0x000000a892600000)]
  0x000001c2ebd324e0 JavaThread "Cache worker for cache directory md-supplier (C:\Users\anand\.gradle\caches\8.6\md-supplier)" [_thread_blocked, id=16476, stack(0x000000a892600000,0x000000a892700000)]
  0x000001c2ebd329f0 JavaThread "Cache worker for cache directory md-rule (C:\Users\anand\.gradle\caches\8.6\md-rule)" [_thread_blocked, id=36908, stack(0x000000a892f00000,0x000000a893000000)]
  0x000001c2ebd31fd0 JavaThread "Exec process Thread 7" [_thread_blocked, id=12568, stack(0x000000a893100000,0x000000a893200000)]
  0x000001c2eb696810 JavaThread "Exec process Thread 8" [_thread_blocked, id=53960, stack(0x000000a893200000,0x000000a893300000)]
  0x000001c2eb6949b0 JavaThread "Exec process Thread 9" [_thread_blocked, id=50888, stack(0x000000a893300000,0x000000a893400000)]
  0x000001c2f4917e30 JavaThread "Unconstrained build operations" [_thread_blocked, id=9984, stack(0x000000a893900000,0x000000a893a00000)]
  0x000001c2f4918850 JavaThread "Unconstrained build operations Thread 2" [_thread_blocked, id=30340, stack(0x000000a893a00000,0x000000a893b00000)]
  0x000001c2f5866810 JavaThread "Cache worker for Build Output Cleanup Cache (C:\Users\anand\Amaterasu\node_modules\@react-native\gradle-plugin\.gradle\buildOutputCleanup)" [_thread_blocked, id=34156, stack(0x000000a894100000,0x000000a894200000)]
  0x000001c2f218c9b0 JavaThread "Unconstrained build operations Thread 3" [_thread_blocked, id=39056, stack(0x000000a894200000,0x000000a894300000)]
  0x000001c2f218d3d0 JavaThread "Unconstrained build operations Thread 4" [_thread_blocked, id=41788, stack(0x000000a894300000,0x000000a894400000)]
  0x000001c2f218cec0 JavaThread "Unconstrained build operations Thread 5" [_thread_blocked, id=46372, stack(0x000000a894400000,0x000000a894500000)]
  0x000001c2f218f740 JavaThread "Unconstrained build operations Thread 6" [_thread_blocked, id=14156, stack(0x000000a894500000,0x000000a894600000)]
  0x000001c2f21924d0 JavaThread "Unconstrained build operations Thread 7" [_thread_blocked, id=37976, stack(0x000000a894600000,0x000000a894700000)]
  0x000001c2f2190670 JavaThread "Unconstrained build operations Thread 8" [_thread_blocked, id=53072, stack(0x000000a894700000,0x000000a894800000)]
  0x000001c2f218e810 JavaThread "Unconstrained build operations Thread 9" [_thread_blocked, id=3428, stack(0x000000a894800000,0x000000a894900000)]
  0x000001c2f12dd870 JavaThread "build event listener" [_thread_blocked, id=48388, stack(0x000000a894900000,0x000000a894a00000)]
  0x000001c2f12dfbe0 JavaThread "Cache worker for Build Output Cleanup Cache (C:\Users\anand\Amaterasu\android\.gradle\buildOutputCleanup)" [_thread_blocked, id=48604, stack(0x000000a894a00000,0x000000a894b00000)]
  0x000001c2f5866300 JavaThread "ForkJoinPool.commonPool-worker-15" daemon [_thread_blocked, id=29464, stack(0x000000a894c00000,0x000000a894d00000)]
  0x000001c2f4218c30 JavaThread "ForkJoinPool.commonPool-worker-16" daemon [_thread_blocked, id=48412, stack(0x000000a894d00000,0x000000a894e00000)]
  0x000001c2f421aa90 JavaThread "ForkJoinPool.commonPool-worker-17" daemon [_thread_blocked, id=49764, stack(0x000000a894e00000,0x000000a894f00000)]
  0x000001c2f5867230 JavaThread "ForkJoinPool.commonPool-worker-18" daemon [_thread_blocked, id=51744, stack(0x000000a894f00000,0x000000a895000000)]
  0x000001c2f328dec0 JavaThread "ForkJoinPool.commonPool-worker-19" daemon [_thread_blocked, id=28452, stack(0x000000a895000000,0x000000a895100000)]
  0x000001c2f56333b0 JavaThread "ForkJoinPool.commonPool-worker-20" daemon [_thread_blocked, id=35604, stack(0x000000a895100000,0x000000a895200000)]
  0x000001c2f5866d20 JavaThread "ForkJoinPool.commonPool-worker-21" daemon [_thread_blocked, id=54200, stack(0x000000a895200000,0x000000a895300000)]
  0x000001c2f58653d0 JavaThread "included builds" [_thread_blocked, id=53788, stack(0x000000a895300000,0x000000a895400000)]
  0x000001c2f218f230 JavaThread "Execution worker" [_thread_blocked, id=31832, stack(0x000000a895400000,0x000000a895500000)]
  0x000001c2f218ba80 JavaThread "Execution worker Thread 2" [_thread_blocked, id=47680, stack(0x000000a895500000,0x000000a895600000)]
  0x000001c2eb6958e0 JavaThread "Execution worker Thread 3" [_thread_blocked, id=51864, stack(0x000000a895600000,0x000000a895700000)]
  0x000001c2eb6944a0 JavaThread "Execution worker Thread 4" [_thread_blocked, id=25860, stack(0x000000a895700000,0x000000a895800000)]
  0x000001c2eb6953d0 JavaThread "Execution worker Thread 5" [_thread_blocked, id=52464, stack(0x000000a895800000,0x000000a895900000)]
  0x000001c2eb693060 JavaThread "Execution worker Thread 6" [_thread_blocked, id=45524, stack(0x000000a895900000,0x000000a895a00000)]
  0x000001c2eb694ec0 JavaThread "Execution worker Thread 7" [_thread_blocked, id=52544, stack(0x000000a895a00000,0x000000a895b00000)]
  0x000001c2f2191090 JavaThread "Cache worker for execution history cache (C:\Users\anand\Amaterasu\node_modules\@react-native\gradle-plugin\.gradle\8.6\executionHistory)" [_thread_blocked, id=53868, stack(0x000000a895b00000,0x000000a895c00000)]
  0x000001c2f218e300 JavaThread "Unconstrained build operations Thread 10" [_thread_blocked, id=42724, stack(0x000000a895c00000,0x000000a895d00000)]
  0x000001c2f218ed20 JavaThread "Unconstrained build operations Thread 11" [_thread_blocked, id=52140, stack(0x000000a895d00000,0x000000a895e00000)]
  0x000001c2f328c060 JavaThread "Unconstrained build operations Thread 12" [_thread_blocked, id=16264, stack(0x000000a895e00000,0x000000a895f00000)]
  0x000001c2f328cf90 JavaThread "Unconstrained build operations Thread 13" [_thread_blocked, id=51648, stack(0x000000a895f00000,0x000000a896000000)]
  0x000001c2f328e8e0 JavaThread "Unconstrained build operations Thread 14" [_thread_blocked, id=53908, stack(0x000000a896000000,0x000000a896100000)]
  0x000001c2f328edf0 JavaThread "Unconstrained build operations Thread 15" [_thread_blocked, id=45232, stack(0x000000a896100000,0x000000a896200000)]
  0x000001c2f12de7a0 JavaThread "Unconstrained build operations Thread 16" [_thread_blocked, id=53980, stack(0x000000a896200000,0x000000a896300000)]
  0x000001c2f12df6d0 JavaThread "Unconstrained build operations Thread 17" [_thread_blocked, id=20196, stack(0x000000a896300000,0x000000a896400000)]
  0x000001c2f12decb0 JavaThread "Unconstrained build operations Thread 18" [_thread_blocked, id=53064, stack(0x000000a896400000,0x000000a896500000)]
  0x000001c2f328f300 JavaThread "Unconstrained build operations Thread 19" [_thread_blocked, id=53580, stack(0x000000a896500000,0x000000a896600000)]
  0x000001c2f328c570 JavaThread "Unconstrained build operations Thread 20" [_thread_blocked, id=30224, stack(0x000000a896600000,0x000000a896700000)]
  0x000001c2f328ca80 JavaThread "Unconstrained build operations Thread 21" [_thread_blocked, id=50560, stack(0x000000a896700000,0x000000a896800000)]
  0x000001c2f328d4a0 JavaThread "Unconstrained build operations Thread 22" [_thread_blocked, id=53024, stack(0x000000a896800000,0x000000a896900000)]
  0x000001c2f31c8020 JavaThread "Unconstrained build operations Thread 23" [_thread_blocked, id=44548, stack(0x000000a896900000,0x000000a896a00000)]
  0x000001c2f31c9460 JavaThread "Unconstrained build operations Thread 24" [_thread_blocked, id=52644, stack(0x000000a896a00000,0x000000a896b00000)]
  0x000001c2f31c9970 JavaThread "Unconstrained build operations Thread 25" [_thread_blocked, id=53412, stack(0x000000a896b00000,0x000000a896c00000)]
  0x000001c2f4219b60 JavaThread "build event listener" [_thread_blocked, id=18284, stack(0x000000a896c00000,0x000000a896d00000)]
  0x000001c2f5867740 JavaThread "Unconstrained build operations Thread 26" [_thread_blocked, id=11456, stack(0x000000a894000000,0x000000a894100000)]
  0x000001c2f218d8e0 JavaThread "Unconstrained build operations Thread 27" [_thread_blocked, id=47628, stack(0x000000a896d00000,0x000000a896e00000)]
  0x000001c2f2191ab0 JavaThread "Unconstrained build operations Thread 28" [_thread_blocked, id=40956, stack(0x000000a896e00000,0x000000a896f00000)]
  0x000001c2f2190b80 JavaThread "Unconstrained build operations Thread 29" [_thread_blocked, id=26980, stack(0x000000a896f00000,0x000000a897000000)]
  0x000001c2f218c4a0 JavaThread "Unconstrained build operations Thread 30" [_thread_blocked, id=52792, stack(0x000000a897000000,0x000000a897100000)]
  0x000001c2f218ddf0 JavaThread "Unconstrained build operations Thread 31" [_thread_blocked, id=48752, stack(0x000000a897100000,0x000000a897200000)]
  0x000001c2f2191fc0 JavaThread "Unconstrained build operations Thread 32" [_thread_blocked, id=20280, stack(0x000000a897200000,0x000000a897300000)]
  0x000001c2f58658e0 JavaThread "Unconstrained build operations Thread 33" [_thread_blocked, id=3196, stack(0x000000a897300000,0x000000a897400000)]
  0x000001c2f5867c50 JavaThread "Unconstrained build operations Thread 34" [_thread_blocked, id=43272, stack(0x000000a897500000,0x000000a897600000)]
  0x000001c2f5868160 JavaThread "Unconstrained build operations Thread 35" [_thread_blocked, id=3568, stack(0x000000a897600000,0x000000a897700000)]
  0x000001c2f58649b0 JavaThread "Unconstrained build operations Thread 36" [_thread_blocked, id=47808, stack(0x000000a897700000,0x000000a897800000)]
  0x000001c2f43e9980 JavaThread "Unconstrained build operations Thread 37" [_thread_blocked, id=22308, stack(0x000000a897800000,0x000000a897900000)]
  0x000001c2f43eadc0 JavaThread "Unconstrained build operations Thread 38" [_thread_blocked, id=52440, stack(0x000000a897900000,0x000000a897a00000)]
  0x000001c2f43eb2d0 JavaThread "Unconstrained build operations Thread 39" [_thread_blocked, id=5444, stack(0x000000a897a00000,0x000000a897b00000)]
  0x000001c2f56338c0 JavaThread "Unconstrained build operations Thread 40" [_thread_blocked, id=6752, stack(0x000000a897b00000,0x000000a897c00000)]
  0x000001c2f5632990 JavaThread "Unconstrained build operations Thread 41" [_thread_blocked, id=43236, stack(0x000000a897c00000,0x000000a897d00000)]
  0x000001c2f5633dd0 JavaThread "Unconstrained build operations Thread 42" [_thread_blocked, id=48360, stack(0x000000a897d00000,0x000000a897e00000)]
  0x000001c2f5632ea0 JavaThread "Unconstrained build operations Thread 43" [_thread_blocked, id=23336, stack(0x000000a897e00000,0x000000a897f00000)]
  0x000001c2f4544480 JavaThread "Unconstrained build operations Thread 44" [_thread_blocked, id=3636, stack(0x000000a897f00000,0x000000a898000000)]
  0x000001c2f4543a60 JavaThread "Unconstrained build operations Thread 45" [_thread_blocked, id=19604, stack(0x000000a898000000,0x000000a898100000)]
  0x000001c2f4544990 JavaThread "Unconstrained build operations Thread 46" [_thread_blocked, id=30128, stack(0x000000a898100000,0x000000a898200000)]
  0x000001c2f4543f70 JavaThread "Unconstrained build operations Thread 47" [_thread_blocked, id=17864, stack(0x000000a898200000,0x000000a898300000)]
  0x000001c2f4543040 JavaThread "Unconstrained build operations Thread 48" [_thread_blocked, id=21688, stack(0x000000a898300000,0x000000a898400000)]
  0x000001c2f4543550 JavaThread "Unconstrained build operations Thread 49" [_thread_blocked, id=43808, stack(0x000000a898400000,0x000000a898500000)]
  0x000001c2f3ed4ee0 JavaThread "Unconstrained build operations Thread 50" [_thread_blocked, id=21300, stack(0x000000a898500000,0x000000a898600000)]
  0x000001c2f3ed5e10 JavaThread "Unconstrained build operations Thread 51" [_thread_blocked, id=48772, stack(0x000000a898600000,0x000000a898700000)]
  0x000001c2f3ed2b70 JavaThread "Unconstrained build operations Thread 52" [_thread_blocked, id=21148, stack(0x000000a898700000,0x000000a898800000)]
  0x000001c2f3ed3aa0 JavaThread "Unconstrained build operations Thread 53" [_thread_blocked, id=47288, stack(0x000000a898800000,0x000000a898900000)]
  0x000001c2f4919780 JavaThread "Unconstrained build operations Thread 54" [_thread_blocked, id=40420, stack(0x000000a898900000,0x000000a898a00000)]
  0x000001c2f43e9e90 JavaThread "Unconstrained build operations Thread 55" [_thread_blocked, id=52284, stack(0x000000a898a00000,0x000000a898b00000)]
  0x000001c2f43ea3a0 JavaThread "Unconstrained build operations Thread 56" [_thread_blocked, id=15020, stack(0x000000a898b00000,0x000000a898c00000)]
  0x000001c2f56073b0 JavaThread "Unconstrained build operations Thread 57" [_thread_blocked, id=24608, stack(0x000000a898c00000,0x000000a898d00000)]
  0x000001c2f5604b30 JavaThread "Unconstrained build operations Thread 58" [_thread_blocked, id=27116, stack(0x000000a898d00000,0x000000a898e00000)]
  0x000001c2f5605040 JavaThread "Unconstrained build operations Thread 59" [_thread_blocked, id=43044, stack(0x000000a898e00000,0x000000a898f00000)]
  0x000001c2f5604110 JavaThread "Unconstrained build operations Thread 60" [_thread_blocked, id=29116, stack(0x000000a898f00000,0x000000a899000000)]
  0x000001c2f31c8a40 JavaThread "Unconstrained build operations Thread 61" [_thread_blocked, id=39312, stack(0x000000a899000000,0x000000a899100000)]
  0x000001c2f31c8f50 JavaThread "Unconstrained build operations Thread 62" [_thread_blocked, id=16448, stack(0x000000a899100000,0x000000a899200000)]
  0x000001c2f4bcfb80 JavaThread "Unconstrained build operations Thread 63" [_thread_blocked, id=24156, stack(0x000000a899200000,0x000000a899300000)]
  0x000001c2eb695df0 JavaThread "Unconstrained build operations Thread 64" [_thread_blocked, id=7828, stack(0x000000a899300000,0x000000a899400000)]
  0x000001c2eb693570 JavaThread "Unconstrained build operations Thread 65" [_thread_blocked, id=15840, stack(0x000000a899400000,0x000000a899500000)]
  0x000001c2eb693a80 JavaThread "Unconstrained build operations Thread 66" [_thread_blocked, id=23172, stack(0x000000a899500000,0x000000a899600000)]
  0x000001c2f1288be0 JavaThread "Unconstrained build operations Thread 67" [_thread_blocked, id=33316, stack(0x000000a899600000,0x000000a899700000)]
  0x000001c2f421a070 JavaThread "Unconstrained build operations Thread 68" [_thread_blocked, id=52852, stack(0x000000a899700000,0x000000a899800000)]
  0x000001c2f421afa0 JavaThread "Unconstrained build operations Thread 69" [_thread_blocked, id=50320, stack(0x000000a899800000,0x000000a899900000)]
  0x000001c2f5605a60 JavaThread "Unconstrained build operations Thread 70" [_thread_blocked, id=4580, stack(0x000000a899900000,0x000000a899a00000)]
  0x000001c2f5605550 JavaThread "Unconstrained build operations Thread 71" [_thread_blocked, id=50484, stack(0x000000a899a00000,0x000000a899b00000)]
  0x000001c2f5605f70 JavaThread "Unconstrained build operations Thread 72" [_thread_blocked, id=52244, stack(0x000000a899b00000,0x000000a899c00000)]
  0x000001c2f5604620 JavaThread "Unconstrained build operations Thread 73" [_thread_blocked, id=52832, stack(0x000000a899c00000,0x000000a899d00000)]
  0x000001c2f5606480 JavaThread "Unconstrained build operations Thread 74" [_thread_blocked, id=46192, stack(0x000000a899d00000,0x000000a899e00000)]
  0x000001c2f5606990 JavaThread "Cache worker for execution history cache (C:\Users\anand\Amaterasu\android\.gradle\8.6\executionHistory)" [_thread_blocked, id=8820, stack(0x000000a899e00000,0x000000a899f00000)]
  0x000001c2f4419540 JavaThread "Unconstrained build operations Thread 75" [_thread_blocked, id=39652, stack(0x000000a899f00000,0x000000a89a000000)]
  0x000001c2f441a470 JavaThread "Unconstrained build operations Thread 76" [_thread_blocked, id=42928, stack(0x000000a89a000000,0x000000a89a100000)]
  0x000001c2f441ae90 JavaThread "Unconstrained build operations Thread 77" [_thread_blocked, id=49096, stack(0x000000a89a100000,0x000000a89a200000)]
  0x000001c2f3ed2660 JavaThread "Unconstrained build operations Thread 78" [_thread_blocked, id=8092, stack(0x000000a89a200000,0x000000a89a300000)]
  0x000001c2f3ed5900 JavaThread "Unconstrained build operations Thread 79" [_thread_blocked, id=38108, stack(0x000000a89a300000,0x000000a89a400000)]
  0x000001c2f3ed3590 JavaThread "Unconstrained build operations Thread 80" [_thread_blocked, id=46044, stack(0x000000a89a400000,0x000000a89a500000)]
  0x000001c2f5606ea0 JavaThread "WorkerExecutor Queue" [_thread_blocked, id=6792, stack(0x000000a89a500000,0x000000a89a600000)]
  0x000001c2f4419030 JavaThread "RMI RenewClean-[127.0.0.1:17850,org.jetbrains.kotlin.daemon.common.LoopbackNetworkInterface$ClientLoopbackSocketFactory@7d35ac2e]" daemon [_thread_blocked, id=50540, stack(0x000000a89a600000,0x000000a89a700000)]
  0x000001c2f12e0600 JavaThread "RMI TCP Connection(8)-127.0.0.1" daemon [_thread_in_native, id=27912, stack(0x000000a89aa00000,0x000000a89ab00000)]
  0x000001c2f218b570 JavaThread "Cache worker for Java compile cache (C:\Users\anand\.gradle\caches\8.6\javaCompile)" [_thread_blocked, id=5236, stack(0x000000a89ab00000,0x000000a89ac00000)]
  0x000001c2f3ed3080 JavaThread "Build operations" [_thread_blocked, id=42352, stack(0x000000a89ac00000,0x000000a89ad00000)]
  0x000001c2f12886d0 JavaThread "Build operations Thread 2" [_thread_blocked, id=18864, stack(0x000000a89ad00000,0x000000a89ae00000)]
  0x000001c2f12890f0 JavaThread "Build operations Thread 3" [_thread_blocked, id=51112, stack(0x000000a89ae00000,0x000000a89af00000)]
  0x000001c2f1289600 JavaThread "Build operations Thread 4" [_thread_blocked, id=48636, stack(0x000000a89af00000,0x000000a89b000000)]
  0x000001c2f1285e50 JavaThread "Build operations Thread 5" [_thread_blocked, id=13084, stack(0x000000a89b000000,0x000000a89b100000)]
  0x000001c2f12877a0 JavaThread "Build operations Thread 6" [_thread_blocked, id=34040, stack(0x000000a89b100000,0x000000a89b200000)]
  0x000001c2f1287cb0 JavaThread "Build operations Thread 7" [_thread_blocked, id=23424, stack(0x000000a89b200000,0x000000a89b300000)]

Other Threads:
=>0x000001c2c7179a00 VMThread "VM Thread" [stack: 0x000000a890b00000,0x000000a890c00000] [id=19724]
  0x000001c2c74d7790 WatcherThread [stack: 0x000000a891700000,0x000000a891800000] [id=37584]
  0x000001c2a8d7b510 GCTaskThread "GC Thread#0" [stack: 0x000000a890600000,0x000000a890700000] [id=41392]
  0x000001c2e7203800 GCTaskThread "GC Thread#1" [stack: 0x000000a891a00000,0x000000a891b00000] [id=22668]
  0x000001c2e72b8ab0 GCTaskThread "GC Thread#2" [stack: 0x000000a891b00000,0x000000a891c00000] [id=47964]
  0x000001c2c7e83290 GCTaskThread "GC Thread#3" [stack: 0x000000a891c00000,0x000000a891d00000] [id=30444]
  0x000001c2e70c27b0 GCTaskThread "GC Thread#4" [stack: 0x000000a891d00000,0x000000a891e00000] [id=44444]
  0x000001c2e85e7e10 GCTaskThread "GC Thread#5" [stack: 0x000000a892a00000,0x000000a892b00000] [id=13900]
  0x000001c2e7ec0210 GCTaskThread "GC Thread#6" [stack: 0x000000a892b00000,0x000000a892c00000] [id=18268]
  0x000001c2e7ec04d0 GCTaskThread "GC Thread#7" [stack: 0x000000a892c00000,0x000000a892d00000] [id=35436]
  0x000001c2a8d8c460 ConcurrentGCThread "G1 Main Marker" [stack: 0x000000a890700000,0x000000a890800000] [id=29140]
  0x000001c2a8d8ce80 ConcurrentGCThread "G1 Conc#0" [stack: 0x000000a890800000,0x000000a890900000] [id=17232]
  0x000001c2e8c94020 ConcurrentGCThread "G1 Conc#1" [stack: 0x000000a893000000,0x000000a893100000] [id=24104]
  0x000001c2a8dcde50 ConcurrentGCThread "G1 Refine#0" [stack: 0x000000a890900000,0x000000a890a00000] [id=33136]
  0x000001c2e7991ea0 ConcurrentGCThread "G1 Refine#1" [stack: 0x000000a897400000,0x000000a897500000] [id=22772]
  0x000001c2e798f580 ConcurrentGCThread "G1 Refine#2" [stack: 0x000000a89a700000,0x000000a89a800000] [id=32008]
  0x000001c2e7992480 ConcurrentGCThread "G1 Refine#3" [stack: 0x000000a89a800000,0x000000a89a900000] [id=8964]
  0x000001c2e798f290 ConcurrentGCThread "G1 Refine#4" [stack: 0x000000a89a900000,0x000000a89aa00000] [id=33900]
  0x000001c2a8dce880 ConcurrentGCThread "G1 Service" [stack: 0x000000a890a00000,0x000000a890b00000] [id=33668]

Threads with active compile tasks:

VM state: at safepoint (normal execution)

VM Mutex/Monitor currently owned by a thread:  ([mutex/lock_event])
[0x000001c2a8d1df40] Threads_lock - owner thread: 0x000001c2c7179a00
[0x000001c2a8d1cf80] Heap_lock - owner thread: 0x000001c2a8d8c460

Heap address: 0x0000000080000000, size: 2048 MB, Compressed Oops mode: 32-bit

CDS archive(s) mapped at: [0x000001c2c8000000-0x000001c2c8bb0000-0x000001c2c8bb0000), size 12255232, SharedBaseAddress: 0x000001c2c8000000, ArchiveRelocationMode: 1.
Compressed class space mapped at: 0x000001c2c9000000-0x000001c2e3000000, reserved size: 436207616
Narrow klass base: 0x000001c2c8000000, Narrow klass shift: 0, Narrow klass range: 0x100000000

GC Precious Log:
 CPUs: 8 total, 8 available
 Memory: 8029M
 Large Page Support: Disabled
 NUMA Support: Disabled
 Compressed Oops: Enabled (32-bit)
 Heap Region Size: 1M
 Heap Min Capacity: 8M
 Heap Initial Capacity: 126M
 Heap Max Capacity: 2G
 Pre-touch: Disabled
 Parallel Workers: 8
 Concurrent Workers: 2
 Concurrent Refinement Workers: 8
 Periodic GC: Disabled

Heap:
 garbage-first heap   total 659456K, used 523221K [0x0000000080000000, 0x0000000100000000)
  region size 1024K, 23 young (23552K), 4 survivors (4096K)
 Metaspace       used 151814K, committed 154944K, reserved 622592K
  class space    used 20462K, committed 21696K, reserved 425984K

Heap Regions: E=young(eden), S=young(survivor), O=old, HS=humongous(starts), HC=humongous(continues), CS=collection set, F=free, OA=open archive, CA=closed archive, TAMS=top-at-mark-start (previous, next)
|   0|0x0000000080000000, 0x0000000080100000, 0x0000000080100000|100%|HS|  |TAMS 0x0000000080100000, 0x0000000080000000| Complete 
|   1|0x0000000080100000, 0x0000000080200000, 0x0000000080200000|100%|HC|  |TAMS 0x0000000080200000, 0x0000000080100000| Complete 
|   2|0x0000000080200000, 0x0000000080300000, 0x0000000080300000|100%|HC|  |TAMS 0x0000000080300000, 0x0000000080200000| Complete 
|   3|0x0000000080300000, 0x0000000080400000, 0x0000000080400000|100%|HC|  |TAMS 0x0000000080400000, 0x0000000080300000| Complete 
|   4|0x0000000080400000, 0x0000000080500000, 0x0000000080500000|100%| O|  |TAMS 0x0000000080500000, 0x0000000080400000| Untracked 
|   5|0x0000000080500000, 0x0000000080600000, 0x0000000080600000|100%| O|  |TAMS 0x0000000080600000, 0x0000000080500000| Untracked 
|   6|0x0000000080600000, 0x0000000080700000, 0x0000000080700000|100%| O|  |TAMS 0x0000000080700000, 0x0000000080600000| Untracked 
|   7|0x0000000080700000, 0x0000000080800000, 0x0000000080800000|100%| O|  |TAMS 0x0000000080800000, 0x0000000080700000| Untracked 
|   8|0x0000000080800000, 0x0000000080900000, 0x0000000080900000|100%| O|  |TAMS 0x0000000080900000, 0x0000000080800000| Untracked 
|   9|0x0000000080900000, 0x0000000080a00000, 0x0000000080a00000|100%| O|  |TAMS 0x0000000080a00000, 0x0000000080900000| Untracked 
|  10|0x0000000080a00000, 0x0000000080b00000, 0x0000000080b00000|100%| O|  |TAMS 0x0000000080b00000, 0x0000000080a00000| Untracked 
|  11|0x0000000080b00000, 0x0000000080c00000, 0x0000000080c00000|100%| O|  |TAMS 0x0000000080c00000, 0x0000000080b00000| Untracked 
|  12|0x0000000080c00000, 0x0000000080d00000, 0x0000000080d00000|100%| O|  |TAMS 0x0000000080d00000, 0x0000000080c00000| Untracked 
|  13|0x0000000080d00000, 0x0000000080e00000, 0x0000000080e00000|100%| O|  |TAMS 0x0000000080e00000, 0x0000000080d00000| Untracked 
|  14|0x0000000080e00000, 0x0000000080f00000, 0x0000000080f00000|100%| O|  |TAMS 0x0000000080f00000, 0x0000000080e00000| Untracked 
|  15|0x0000000080f00000, 0x0000000081000000, 0x0000000081000000|100%| O|  |TAMS 0x0000000081000000, 0x0000000080f00000| Untracked 
|  16|0x0000000081000000, 0x0000000081100000, 0x0000000081100000|100%| O|  |TAMS 0x0000000081100000, 0x0000000081000000| Untracked 
|  17|0x0000000081100000, 0x0000000081200000, 0x0000000081200000|100%| O|  |TAMS 0x0000000081200000, 0x0000000081100000| Untracked 
|  18|0x0000000081200000, 0x0000000081300000, 0x0000000081300000|100%| O|  |TAMS 0x0000000081300000, 0x0000000081200000| Untracked 
|  19|0x0000000081300000, 0x0000000081400000, 0x0000000081400000|100%| O|  |TAMS 0x0000000081400000, 0x0000000081300000| Updating 
|  20|0x0000000081400000, 0x0000000081500000, 0x0000000081500000|100%| O|  |TAMS 0x0000000081500000, 0x0000000081400000| Updating 
|  21|0x0000000081500000, 0x0000000081600000, 0x0000000081600000|100%| O|  |TAMS 0x0000000081600000, 0x0000000081500000| Untracked 
|  22|0x0000000081600000, 0x0000000081700000, 0x0000000081700000|100%| O|  |TAMS 0x0000000081700000, 0x0000000081600000| Updating 
|  23|0x0000000081700000, 0x0000000081800000, 0x0000000081800000|100%| O|  |TAMS 0x0000000081800000, 0x0000000081700000| Updating 
|  24|0x0000000081800000, 0x0000000081900000, 0x0000000081900000|100%| O|  |TAMS 0x0000000081900000, 0x0000000081800000| Updating 
|  25|0x0000000081900000, 0x0000000081a00000, 0x0000000081a00000|100%| O|  |TAMS 0x0000000081a00000, 0x0000000081900000| Updating 
|  26|0x0000000081a00000, 0x0000000081b00000, 0x0000000081b00000|100%|HS|  |TAMS 0x0000000081b00000, 0x0000000081a00000| Complete 
|  27|0x0000000081b00000, 0x0000000081c00000, 0x0000000081c00000|100%| O|  |TAMS 0x0000000081c00000, 0x0000000081b00000| Updating 
|  28|0x0000000081c00000, 0x0000000081d00000, 0x0000000081d00000|100%| O|  |TAMS 0x0000000081d00000, 0x0000000081c00000| Updating 
|  29|0x0000000081d00000, 0x0000000081e00000, 0x0000000081e00000|100%| O|  |TAMS 0x0000000081e00000, 0x0000000081d00000| Updating 
|  30|0x0000000081e00000, 0x0000000081f00000, 0x0000000081f00000|100%| O|  |TAMS 0x0000000081f00000, 0x0000000081e00000| Untracked 
|  31|0x0000000081f00000, 0x0000000082000000, 0x0000000082000000|100%| O|  |TAMS 0x0000000082000000, 0x0000000081f00000| Updating 
|  32|0x0000000082000000, 0x0000000082100000, 0x0000000082100000|100%| O|  |TAMS 0x0000000082100000, 0x0000000082000000| Updating 
|  33|0x0000000082100000, 0x0000000082200000, 0x0000000082200000|100%| O|  |TAMS 0x0000000082200000, 0x0000000082100000| Updating 
|  34|0x0000000082200000, 0x0000000082300000, 0x0000000082300000|100%| O|  |TAMS 0x0000000082300000, 0x0000000082200000| Updating 
|  35|0x0000000082300000, 0x0000000082400000, 0x0000000082400000|100%| O|  |TAMS 0x0000000082400000, 0x0000000082300000| Updating 
|  36|0x0000000082400000, 0x0000000082500000, 0x0000000082500000|100%| O|  |TAMS 0x0000000082500000, 0x0000000082400000| Updating 
|  37|0x0000000082500000, 0x0000000082600000, 0x0000000082600000|100%| O|  |TAMS 0x0000000082600000, 0x0000000082500000| Updating 
|  38|0x0000000082600000, 0x0000000082700000, 0x0000000082700000|100%| O|  |TAMS 0x0000000082700000, 0x0000000082600000| Updating 
|  39|0x0000000082700000, 0x0000000082800000, 0x0000000082800000|100%| O|  |TAMS 0x0000000082800000, 0x0000000082700000| Updating 
|  40|0x0000000082800000, 0x0000000082900000, 0x0000000082900000|100%| O|  |TAMS 0x0000000082900000, 0x0000000082800000| Updating 
|  41|0x0000000082900000, 0x0000000082a00000, 0x0000000082a00000|100%| O|  |TAMS 0x0000000082a00000, 0x0000000082900000| Untracked 
|  42|0x0000000082a00000, 0x0000000082b00000, 0x0000000082b00000|100%|HS|  |TAMS 0x0000000082b00000, 0x0000000082a00000| Complete 
|  43|0x0000000082b00000, 0x0000000082c00000, 0x0000000082c00000|100%|HC|  |TAMS 0x0000000082c00000, 0x0000000082b00000| Complete 
|  44|0x0000000082c00000, 0x0000000082d00000, 0x0000000082d00000|100%|HS|  |TAMS 0x0000000082d00000, 0x0000000082c00000| Complete 
|  45|0x0000000082d00000, 0x0000000082e00000, 0x0000000082e00000|100%|HC|  |TAMS 0x0000000082e00000, 0x0000000082d00000| Complete 
|  46|0x0000000082e00000, 0x0000000082f00000, 0x0000000082f00000|100%|HS|  |TAMS 0x0000000082f00000, 0x0000000082e00000| Complete 
|  47|0x0000000082f00000, 0x0000000083000000, 0x0000000083000000|100%|HC|  |TAMS 0x0000000083000000, 0x0000000082f00000| Complete 
|  48|0x0000000083000000, 0x0000000083100000, 0x0000000083100000|100%|HC|  |TAMS 0x0000000083100000, 0x0000000083000000| Complete 
|  49|0x0000000083100000, 0x0000000083200000, 0x0000000083200000|100%|HC|  |TAMS 0x0000000083200000, 0x0000000083100000| Complete 
|  50|0x0000000083200000, 0x0000000083300000, 0x0000000083300000|100%|HS|  |TAMS 0x0000000083300000, 0x0000000083200000| Complete 
|  51|0x0000000083300000, 0x0000000083400000, 0x0000000083400000|100%|HC|  |TAMS 0x0000000083400000, 0x0000000083300000| Complete 
|  52|0x0000000083400000, 0x0000000083500000, 0x0000000083500000|100%|HC|  |TAMS 0x0000000083500000, 0x0000000083400000| Complete 
|  53|0x0000000083500000, 0x0000000083600000, 0x0000000083600000|100%|HC|  |TAMS 0x0000000083600000, 0x0000000083500000| Complete 
|  54|0x0000000083600000, 0x0000000083700000, 0x0000000083700000|100%| O|  |TAMS 0x0000000083700000, 0x0000000083600000| Untracked 
|  55|0x0000000083700000, 0x0000000083800000, 0x0000000083800000|100%| O|  |TAMS 0x0000000083800000, 0x0000000083700000| Updating 
|  56|0x0000000083800000, 0x0000000083900000, 0x0000000083900000|100%| O|  |TAMS 0x0000000083900000, 0x0000000083800000| Updating 
|  57|0x0000000083900000, 0x0000000083a00000, 0x0000000083a00000|100%| O|  |TAMS 0x0000000083a00000, 0x0000000083900000| Updating 
|  58|0x0000000083a00000, 0x0000000083b00000, 0x0000000083b00000|100%| O|  |TAMS 0x0000000083b00000, 0x0000000083a00000| Updating 
|  59|0x0000000083b00000, 0x0000000083c00000, 0x0000000083c00000|100%| O|  |TAMS 0x0000000083c00000, 0x0000000083b00000| Updating 
|  60|0x0000000083c00000, 0x0000000083d00000, 0x0000000083d00000|100%| O|  |TAMS 0x0000000083d00000, 0x0000000083c00000| Updating 
|  61|0x0000000083d00000, 0x0000000083e00000, 0x0000000083e00000|100%| O|  |TAMS 0x0000000083e00000, 0x0000000083d00000| Updating 
|  62|0x0000000083e00000, 0x0000000083f00000, 0x0000000083f00000|100%|HS|  |TAMS 0x0000000083f00000, 0x0000000083e00000| Complete 
|  63|0x0000000083f00000, 0x0000000084000000, 0x0000000084000000|100%|HS|  |TAMS 0x0000000084000000, 0x0000000083f00000| Complete 
|  64|0x0000000084000000, 0x0000000084100000, 0x0000000084100000|100%|HS|  |TAMS 0x0000000084100000, 0x0000000084000000| Complete 
|  65|0x0000000084100000, 0x0000000084200000, 0x0000000084200000|100%| O|  |TAMS 0x0000000084200000, 0x0000000084100000| Updating 
|  66|0x0000000084200000, 0x0000000084300000, 0x0000000084300000|100%| O|  |TAMS 0x0000000084300000, 0x0000000084200000| Updating 
|  67|0x0000000084300000, 0x0000000084400000, 0x0000000084400000|100%| O|  |TAMS 0x0000000084400000, 0x0000000084300000| Updating 
|  68|0x0000000084400000, 0x0000000084500000, 0x0000000084500000|100%| O|  |TAMS 0x0000000084500000, 0x0000000084400000| Updating 
|  69|0x0000000084500000, 0x0000000084600000, 0x0000000084600000|100%| O|  |TAMS 0x0000000084600000, 0x0000000084500000| Updating 
|  70|0x0000000084600000, 0x0000000084700000, 0x0000000084700000|100%| O|  |TAMS 0x0000000084700000, 0x0000000084600000| Updating 
|  71|0x0000000084700000, 0x0000000084800000, 0x0000000084800000|100%| O|  |TAMS 0x0000000084800000, 0x0000000084700000| Updating 
|  72|0x0000000084800000, 0x0000000084900000, 0x0000000084900000|100%| O|  |TAMS 0x0000000084900000, 0x0000000084800000| Updating 
|  73|0x0000000084900000, 0x0000000084a00000, 0x0000000084a00000|100%|HS|  |TAMS 0x0000000084a00000, 0x0000000084900000| Complete 
|  74|0x0000000084a00000, 0x0000000084b00000, 0x0000000084b00000|100%|HS|  |TAMS 0x0000000084b00000, 0x0000000084a00000| Complete 
|  75|0x0000000084b00000, 0x0000000084c00000, 0x0000000084c00000|100%| O|  |TAMS 0x0000000084c00000, 0x0000000084b00000| Updating 
|  76|0x0000000084c00000, 0x0000000084d00000, 0x0000000084d00000|100%| O|  |TAMS 0x0000000084d00000, 0x0000000084c00000| Untracked 
|  77|0x0000000084d00000, 0x0000000084e00000, 0x0000000084e00000|100%|HS|  |TAMS 0x0000000084e00000, 0x0000000084d00000| Complete 
|  78|0x0000000084e00000, 0x0000000084f00000, 0x0000000084f00000|100%| O|  |TAMS 0x0000000084f00000, 0x0000000084e00000| Updating 
|  79|0x0000000084f00000, 0x0000000085000000, 0x0000000085000000|100%| O|  |TAMS 0x0000000085000000, 0x0000000084f00000| Updating 
|  80|0x0000000085000000, 0x0000000085100000, 0x0000000085100000|100%| O|  |TAMS 0x0000000085100000, 0x0000000085000000| Updating 
|  81|0x0000000085100000, 0x0000000085200000, 0x0000000085200000|100%| O|  |TAMS 0x0000000085200000, 0x0000000085100000| Updating 
|  82|0x0000000085200000, 0x0000000085300000, 0x0000000085300000|100%| O|  |TAMS 0x0000000085300000, 0x0000000085200000| Updating 
|  83|0x0000000085300000, 0x0000000085400000, 0x0000000085400000|100%| O|  |TAMS 0x0000000085400000, 0x0000000085300000| Updating 
|  84|0x0000000085400000, 0x0000000085500000, 0x0000000085500000|100%| O|  |TAMS 0x0000000085500000, 0x0000000085400000| Updating 
|  85|0x0000000085500000, 0x0000000085600000, 0x0000000085600000|100%| O|  |TAMS 0x0000000085600000, 0x0000000085500000| Untracked 
|  86|0x0000000085600000, 0x0000000085700000, 0x0000000085700000|100%| O|  |TAMS 0x0000000085700000, 0x0000000085600000| Updating 
|  87|0x0000000085700000, 0x0000000085800000, 0x0000000085800000|100%| O|  |TAMS 0x0000000085800000, 0x0000000085700000| Updating 
|  88|0x0000000085800000, 0x0000000085900000, 0x0000000085900000|100%| O|  |TAMS 0x0000000085900000, 0x0000000085800000| Updating 
|  89|0x0000000085900000, 0x0000000085a00000, 0x0000000085a00000|100%| O|  |TAMS 0x0000000085a00000, 0x0000000085900000| Updating 
|  90|0x0000000085a00000, 0x0000000085b00000, 0x0000000085b00000|100%| O|  |TAMS 0x0000000085b00000, 0x0000000085a00000| Updating 
|  91|0x0000000085b00000, 0x0000000085c00000, 0x0000000085c00000|100%| O|  |TAMS 0x0000000085c00000, 0x0000000085b00000| Updating 
|  92|0x0000000085c00000, 0x0000000085d00000, 0x0000000085d00000|100%| O|  |TAMS 0x0000000085d00000, 0x0000000085c00000| Updating 
|  93|0x0000000085d00000, 0x0000000085e00000, 0x0000000085e00000|100%| O|  |TAMS 0x0000000085e00000, 0x0000000085d00000| Updating 
|  94|0x0000000085e00000, 0x0000000085f00000, 0x0000000085f00000|100%| O|  |TAMS 0x0000000085f00000, 0x0000000085e00000| Untracked 
|  95|0x0000000085f00000, 0x0000000086000000, 0x0000000086000000|100%| O|  |TAMS 0x0000000086000000, 0x0000000085f00000| Updating 
|  96|0x0000000086000000, 0x0000000086100000, 0x0000000086100000|100%| O|  |TAMS 0x0000000086100000, 0x0000000086000000| Updating 
|  97|0x0000000086100000, 0x0000000086200000, 0x0000000086200000|100%| O|  |TAMS 0x0000000086200000, 0x0000000086100000| Updating 
|  98|0x0000000086200000, 0x0000000086300000, 0x0000000086300000|100%| O|  |TAMS 0x0000000086300000, 0x0000000086200000| Updating 
|  99|0x0000000086300000, 0x0000000086400000, 0x0000000086400000|100%| O|  |TAMS 0x0000000086400000, 0x0000000086300000| Updating 
| 100|0x0000000086400000, 0x0000000086500000, 0x0000000086500000|100%| O|  |TAMS 0x0000000086500000, 0x0000000086400000| Updating 
| 101|0x0000000086500000, 0x0000000086600000, 0x0000000086600000|100%| O|  |TAMS 0x0000000086600000, 0x0000000086500000| Untracked 
| 102|0x0000000086600000, 0x0000000086700000, 0x0000000086700000|100%| O|  |TAMS 0x0000000086700000, 0x0000000086600000| Updating 
| 103|0x0000000086700000, 0x0000000086800000, 0x0000000086800000|100%| O|  |TAMS 0x0000000086800000, 0x0000000086700000| Updating 
| 104|0x0000000086800000, 0x0000000086900000, 0x0000000086900000|100%| O|  |TAMS 0x0000000086900000, 0x0000000086800000| Updating 
| 105|0x0000000086900000, 0x0000000086a00000, 0x0000000086a00000|100%| O|  |TAMS 0x0000000086a00000, 0x0000000086900000| Updating 
| 106|0x0000000086a00000, 0x0000000086b00000, 0x0000000086b00000|100%| O|  |TAMS 0x0000000086b00000, 0x0000000086a00000| Updating 
| 107|0x0000000086b00000, 0x0000000086c00000, 0x0000000086c00000|100%| O|  |TAMS 0x0000000086c00000, 0x0000000086b00000| Updating 
| 108|0x0000000086c00000, 0x0000000086d00000, 0x0000000086d00000|100%| O|  |TAMS 0x0000000086d00000, 0x0000000086c00000| Updating 
| 109|0x0000000086d00000, 0x0000000086e00000, 0x0000000086e00000|100%| O|  |TAMS 0x0000000086e00000, 0x0000000086d00000| Updating 
| 110|0x0000000086e00000, 0x0000000086f00000, 0x0000000086f00000|100%| O|  |TAMS 0x0000000086f00000, 0x0000000086e00000| Updating 
| 111|0x0000000086f00000, 0x0000000087000000, 0x0000000087000000|100%| O|  |TAMS 0x0000000087000000, 0x0000000086f00000| Updating 
| 112|0x0000000087000000, 0x0000000087100000, 0x0000000087100000|100%| O|  |TAMS 0x0000000087100000, 0x0000000087000000| Updating 
| 113|0x0000000087100000, 0x0000000087200000, 0x0000000087200000|100%| O|  |TAMS 0x0000000087200000, 0x0000000087100000| Updating 
| 114|0x0000000087200000, 0x0000000087300000, 0x0000000087300000|100%| O|  |TAMS 0x0000000087300000, 0x0000000087200000| Updating 
| 115|0x0000000087300000, 0x0000000087400000, 0x0000000087400000|100%| O|  |TAMS 0x0000000087400000, 0x0000000087300000| Updating 
| 116|0x0000000087400000, 0x0000000087500000, 0x0000000087500000|100%| O|  |TAMS 0x0000000087500000, 0x0000000087400000| Updating 
| 117|0x0000000087500000, 0x0000000087600000, 0x0000000087600000|100%| O|  |TAMS 0x0000000087600000, 0x0000000087500000| Updating 
| 118|0x0000000087600000, 0x0000000087700000, 0x0000000087700000|100%| O|  |TAMS 0x0000000087700000, 0x0000000087600000| Updating 
| 119|0x0000000087700000, 0x0000000087800000, 0x0000000087800000|100%| O|  |TAMS 0x0000000087800000, 0x0000000087700000| Updating 
| 120|0x0000000087800000, 0x0000000087900000, 0x0000000087900000|100%| O|  |TAMS 0x0000000087900000, 0x0000000087800000| Updating 
| 121|0x0000000087900000, 0x0000000087a00000, 0x0000000087a00000|100%| O|  |TAMS 0x0000000087a00000, 0x0000000087900000| Updating 
| 122|0x0000000087a00000, 0x0000000087b00000, 0x0000000087b00000|100%| O|  |TAMS 0x0000000087b00000, 0x0000000087a00000| Updating 
| 123|0x0000000087b00000, 0x0000000087c00000, 0x0000000087c00000|100%| O|  |TAMS 0x0000000087c00000, 0x0000000087b00000| Updating 
| 124|0x0000000087c00000, 0x0000000087d00000, 0x0000000087d00000|100%| O|  |TAMS 0x0000000087d00000, 0x0000000087c00000| Updating 
| 125|0x0000000087d00000, 0x0000000087e00000, 0x0000000087e00000|100%| O|  |TAMS 0x0000000087e00000, 0x0000000087d00000| Updating 
| 126|0x0000000087e00000, 0x0000000087f00000, 0x0000000087f00000|100%| O|  |TAMS 0x0000000087f00000, 0x0000000087e00000| Updating 
| 127|0x0000000087f00000, 0x0000000088000000, 0x0000000088000000|100%| O|  |TAMS 0x0000000088000000, 0x0000000087f00000| Updating 
| 128|0x0000000088000000, 0x0000000088100000, 0x0000000088100000|100%| O|  |TAMS 0x0000000088100000, 0x0000000088000000| Updating 
| 129|0x0000000088100000, 0x0000000088200000, 0x0000000088200000|100%| O|  |TAMS 0x0000000088200000, 0x0000000088100000| Updating 
| 130|0x0000000088200000, 0x0000000088300000, 0x0000000088300000|100%| O|  |TAMS 0x0000000088300000, 0x0000000088200000| Updating 
| 131|0x0000000088300000, 0x0000000088400000, 0x0000000088400000|100%| O|  |TAMS 0x0000000088400000, 0x0000000088300000| Updating 
| 132|0x0000000088400000, 0x0000000088500000, 0x0000000088500000|100%| O|  |TAMS 0x0000000088500000, 0x0000000088400000| Updating 
| 133|0x0000000088500000, 0x0000000088600000, 0x0000000088600000|100%| O|  |TAMS 0x0000000088600000, 0x0000000088500000| Updating 
| 134|0x0000000088600000, 0x0000000088700000, 0x0000000088700000|100%| O|  |TAMS 0x0000000088700000, 0x0000000088600000| Updating 
| 135|0x0000000088700000, 0x0000000088800000, 0x0000000088800000|100%| O|  |TAMS 0x0000000088800000, 0x0000000088700000| Updating 
| 136|0x0000000088800000, 0x0000000088900000, 0x0000000088900000|100%| O|  |TAMS 0x0000000088900000, 0x0000000088800000| Updating 
| 137|0x0000000088900000, 0x0000000088a00000, 0x0000000088a00000|100%| O|  |TAMS 0x0000000088a00000, 0x0000000088900000| Updating 
| 138|0x0000000088a00000, 0x0000000088b00000, 0x0000000088b00000|100%| O|  |TAMS 0x0000000088b00000, 0x0000000088a00000| Updating 
| 139|0x0000000088b00000, 0x0000000088c00000, 0x0000000088c00000|100%| O|  |TAMS 0x0000000088c00000, 0x0000000088b00000| Updating 
| 140|0x0000000088c00000, 0x0000000088d00000, 0x0000000088d00000|100%| O|  |TAMS 0x0000000088d00000, 0x0000000088c00000| Updating 
| 141|0x0000000088d00000, 0x0000000088e00000, 0x0000000088e00000|100%| O|  |TAMS 0x0000000088e00000, 0x0000000088d00000| Updating 
| 142|0x0000000088e00000, 0x0000000088f00000, 0x0000000088f00000|100%| O|  |TAMS 0x0000000088f00000, 0x0000000088e00000| Updating 
| 143|0x0000000088f00000, 0x0000000089000000, 0x0000000089000000|100%| O|  |TAMS 0x0000000089000000, 0x0000000088f00000| Updating 
| 144|0x0000000089000000, 0x0000000089100000, 0x0000000089100000|100%| O|  |TAMS 0x0000000089100000, 0x0000000089000000| Updating 
| 145|0x0000000089100000, 0x0000000089200000, 0x0000000089200000|100%|HS|  |TAMS 0x0000000089200000, 0x0000000089100000| Complete 
| 146|0x0000000089200000, 0x0000000089300000, 0x0000000089300000|100%|HC|  |TAMS 0x0000000089300000, 0x0000000089200000| Complete 
| 147|0x0000000089300000, 0x0000000089400000, 0x0000000089400000|100%| O|  |TAMS 0x0000000089400000, 0x0000000089300000| Updating 
| 148|0x0000000089400000, 0x0000000089500000, 0x0000000089500000|100%| O|  |TAMS 0x0000000089500000, 0x0000000089400000| Updating 
| 149|0x0000000089500000, 0x0000000089600000, 0x0000000089600000|100%| O|  |TAMS 0x0000000089600000, 0x0000000089500000| Updating 
| 150|0x0000000089600000, 0x0000000089700000, 0x0000000089700000|100%| O|  |TAMS 0x0000000089700000, 0x0000000089600000| Updating 
| 151|0x0000000089700000, 0x0000000089800000, 0x0000000089800000|100%| O|  |TAMS 0x0000000089800000, 0x0000000089700000| Updating 
| 152|0x0000000089800000, 0x0000000089900000, 0x0000000089900000|100%|HS|  |TAMS 0x0000000089900000, 0x0000000089800000| Complete 
| 153|0x0000000089900000, 0x0000000089a00000, 0x0000000089a00000|100%|HS|  |TAMS 0x0000000089a00000, 0x0000000089900000| Complete 
| 154|0x0000000089a00000, 0x0000000089b00000, 0x0000000089b00000|100%|HS|  |TAMS 0x0000000089b00000, 0x0000000089a00000| Complete 
| 155|0x0000000089b00000, 0x0000000089c00000, 0x0000000089c00000|100%|HS|  |TAMS 0x0000000089c00000, 0x0000000089b00000| Complete 
| 156|0x0000000089c00000, 0x0000000089d00000, 0x0000000089d00000|100%| O|  |TAMS 0x0000000089d00000, 0x0000000089c00000| Updating 
| 157|0x0000000089d00000, 0x0000000089e00000, 0x0000000089e00000|100%|HS|  |TAMS 0x0000000089e00000, 0x0000000089d00000| Complete 
| 158|0x0000000089e00000, 0x0000000089f00000, 0x0000000089f00000|100%|HS|  |TAMS 0x0000000089f00000, 0x0000000089e00000| Complete 
| 159|0x0000000089f00000, 0x000000008a000000, 0x000000008a000000|100%| O|  |TAMS 0x000000008a000000, 0x0000000089f00000| Updating 
| 160|0x000000008a000000, 0x000000008a100000, 0x000000008a100000|100%| O|  |TAMS 0x000000008a100000, 0x000000008a000000| Updating 
| 161|0x000000008a100000, 0x000000008a200000, 0x000000008a200000|100%| O|  |TAMS 0x000000008a200000, 0x000000008a100000| Updating 
| 162|0x000000008a200000, 0x000000008a300000, 0x000000008a300000|100%| O|  |TAMS 0x000000008a300000, 0x000000008a200000| Updating 
| 163|0x000000008a300000, 0x000000008a400000, 0x000000008a400000|100%| O|  |TAMS 0x000000008a400000, 0x000000008a300000| Updating 
| 164|0x000000008a400000, 0x000000008a500000, 0x000000008a500000|100%| O|  |TAMS 0x000000008a500000, 0x000000008a400000| Updating 
| 165|0x000000008a500000, 0x000000008a600000, 0x000000008a600000|100%| O|  |TAMS 0x000000008a600000, 0x000000008a500000| Updating 
| 166|0x000000008a600000, 0x000000008a700000, 0x000000008a700000|100%| O|  |TAMS 0x000000008a700000, 0x000000008a600000| Updating 
| 167|0x000000008a700000, 0x000000008a800000, 0x000000008a800000|100%| O|  |TAMS 0x000000008a800000, 0x000000008a700000| Updating 
| 168|0x000000008a800000, 0x000000008a900000, 0x000000008a900000|100%| O|  |TAMS 0x000000008a900000, 0x000000008a800000| Updating 
| 169|0x000000008a900000, 0x000000008aa00000, 0x000000008aa00000|100%| O|  |TAMS 0x000000008aa00000, 0x000000008a900000| Updating 
| 170|0x000000008aa00000, 0x000000008ab00000, 0x000000008ab00000|100%| O|  |TAMS 0x000000008ab00000, 0x000000008aa00000| Updating 
| 171|0x000000008ab00000, 0x000000008ac00000, 0x000000008ac00000|100%| O|  |TAMS 0x000000008ac00000, 0x000000008ab00000| Updating 
| 172|0x000000008ac00000, 0x000000008ad00000, 0x000000008ad00000|100%| O|  |TAMS 0x000000008ad00000, 0x000000008ac00000| Updating 
| 173|0x000000008ad00000, 0x000000008ae00000, 0x000000008ae00000|100%| O|  |TAMS 0x000000008ae00000, 0x000000008ad00000| Updating 
| 174|0x000000008ae00000, 0x000000008af00000, 0x000000008af00000|100%| O|  |TAMS 0x000000008af00000, 0x000000008ae00000| Updating 
| 175|0x000000008af00000, 0x000000008b000000, 0x000000008b000000|100%| O|  |TAMS 0x000000008b000000, 0x000000008af00000| Updating 
| 176|0x000000008b000000, 0x000000008b100000, 0x000000008b100000|100%| O|  |TAMS 0x000000008b100000, 0x000000008b000000| Updating 
| 177|0x000000008b100000, 0x000000008b200000, 0x000000008b200000|100%| O|  |TAMS 0x000000008b200000, 0x000000008b100000| Untracked 
| 178|0x000000008b200000, 0x000000008b300000, 0x000000008b300000|100%| O|  |TAMS 0x000000008b300000, 0x000000008b200000| Updating 
| 179|0x000000008b300000, 0x000000008b400000, 0x000000008b400000|100%| O|  |TAMS 0x000000008b400000, 0x000000008b300000| Updating 
| 180|0x000000008b400000, 0x000000008b500000, 0x000000008b500000|100%| O|  |TAMS 0x000000008b500000, 0x000000008b400000| Untracked 
| 181|0x000000008b500000, 0x000000008b600000, 0x000000008b600000|100%| O|  |TAMS 0x000000008b600000, 0x000000008b500000| Updating 
| 182|0x000000008b600000, 0x000000008b700000, 0x000000008b700000|100%| O|  |TAMS 0x000000008b700000, 0x000000008b600000| Untracked 
| 183|0x000000008b700000, 0x000000008b800000, 0x000000008b800000|100%| O|  |TAMS 0x000000008b800000, 0x000000008b700000| Updating 
| 184|0x000000008b800000, 0x000000008b900000, 0x000000008b900000|100%| O|  |TAMS 0x000000008b900000, 0x000000008b800000| Untracked 
| 185|0x000000008b900000, 0x000000008ba00000, 0x000000008ba00000|100%| O|  |TAMS 0x000000008ba00000, 0x000000008b900000| Untracked 
| 186|0x000000008ba00000, 0x000000008bb00000, 0x000000008bb00000|100%| O|  |TAMS 0x000000008bb00000, 0x000000008ba00000| Untracked 
| 187|0x000000008bb00000, 0x000000008bc00000, 0x000000008bc00000|100%| O|  |TAMS 0x000000008bc00000, 0x000000008bb00000| Untracked 
| 188|0x000000008bc00000, 0x000000008bd00000, 0x000000008bd00000|100%| O|  |TAMS 0x000000008bd00000, 0x000000008bc00000| Updating 
| 189|0x000000008bd00000, 0x000000008be00000, 0x000000008be00000|100%| O|  |TAMS 0x000000008be00000, 0x000000008bd00000| Untracked 
| 190|0x000000008be00000, 0x000000008bf00000, 0x000000008bf00000|100%| O|  |TAMS 0x000000008bf00000, 0x000000008be00000| Updating 
| 191|0x000000008bf00000, 0x000000008c000000, 0x000000008c000000|100%| O|  |TAMS 0x000000008c000000, 0x000000008bf00000| Untracked 
| 192|0x000000008c000000, 0x000000008c100000, 0x000000008c100000|100%| O|  |TAMS 0x000000008c100000, 0x000000008c000000| Updating 
| 193|0x000000008c100000, 0x000000008c200000, 0x000000008c200000|100%| O|  |TAMS 0x000000008c200000, 0x000000008c100000| Updating 
| 194|0x000000008c200000, 0x000000008c300000, 0x000000008c300000|100%| O|  |TAMS 0x000000008c300000, 0x000000008c200000| Updating 
| 195|0x000000008c300000, 0x000000008c400000, 0x000000008c400000|100%| O|  |TAMS 0x000000008c400000, 0x000000008c300000| Updating 
| 196|0x000000008c400000, 0x000000008c500000, 0x000000008c500000|100%| O|  |TAMS 0x000000008c500000, 0x000000008c400000| Untracked 
| 197|0x000000008c500000, 0x000000008c600000, 0x000000008c600000|100%| O|  |TAMS 0x000000008c600000, 0x000000008c500000| Updating 
| 198|0x000000008c600000, 0x000000008c700000, 0x000000008c700000|100%| O|  |TAMS 0x000000008c700000, 0x000000008c600000| Untracked 
| 199|0x000000008c700000, 0x000000008c800000, 0x000000008c800000|100%| O|  |TAMS 0x000000008c800000, 0x000000008c700000| Updating 
| 200|0x000000008c800000, 0x000000008c900000, 0x000000008c900000|100%| O|  |TAMS 0x000000008c900000, 0x000000008c800000| Updating 
| 201|0x000000008c900000, 0x000000008ca00000, 0x000000008ca00000|100%| O|  |TAMS 0x000000008ca00000, 0x000000008c900000| Updating 
| 202|0x000000008ca00000, 0x000000008cb00000, 0x000000008cb00000|100%| O|  |TAMS 0x000000008cb00000, 0x000000008ca00000| Untracked 
| 203|0x000000008cb00000, 0x000000008cc00000, 0x000000008cc00000|100%| O|  |TAMS 0x000000008cc00000, 0x000000008cb00000| Updating 
| 204|0x000000008cc00000, 0x000000008cd00000, 0x000000008cd00000|100%| O|  |TAMS 0x000000008cd00000, 0x000000008cc00000| Updating 
| 205|0x000000008cd00000, 0x000000008ce00000, 0x000000008ce00000|100%| O|  |TAMS 0x000000008ce00000, 0x000000008cd00000| Updating 
| 206|0x000000008ce00000, 0x000000008cf00000, 0x000000008cf00000|100%| O|  |TAMS 0x000000008cf00000, 0x000000008ce00000| Updating 
| 207|0x000000008cf00000, 0x000000008d000000, 0x000000008d000000|100%| O|  |TAMS 0x000000008d000000, 0x000000008cf00000| Updating 
| 208|0x000000008d000000, 0x000000008d100000, 0x000000008d100000|100%| O|  |TAMS 0x000000008d100000, 0x000000008d000000| Updating 
| 209|0x000000008d100000, 0x000000008d200000, 0x000000008d200000|100%| O|  |TAMS 0x000000008d200000, 0x000000008d100000| Updating 
| 210|0x000000008d200000, 0x000000008d300000, 0x000000008d300000|100%| O|  |TAMS 0x000000008d300000, 0x000000008d200000| Updating 
| 211|0x000000008d300000, 0x000000008d400000, 0x000000008d400000|100%| O|  |TAMS 0x000000008d400000, 0x000000008d300000| Updating 
| 212|0x000000008d400000, 0x000000008d500000, 0x000000008d500000|100%| O|  |TAMS 0x000000008d500000, 0x000000008d400000| Updating 
| 213|0x000000008d500000, 0x000000008d600000, 0x000000008d600000|100%| O|  |TAMS 0x000000008d600000, 0x000000008d500000| Updating 
| 214|0x000000008d600000, 0x000000008d700000, 0x000000008d700000|100%| O|  |TAMS 0x000000008d700000, 0x000000008d600000| Updating 
| 215|0x000000008d700000, 0x000000008d800000, 0x000000008d800000|100%| O|  |TAMS 0x000000008d800000, 0x000000008d700000| Updating 
| 216|0x000000008d800000, 0x000000008d900000, 0x000000008d900000|100%| O|  |TAMS 0x000000008d900000, 0x000000008d800000| Updating 
| 217|0x000000008d900000, 0x000000008da00000, 0x000000008da00000|100%| O|  |TAMS 0x000000008da00000, 0x000000008d900000| Updating 
| 218|0x000000008da00000, 0x000000008db00000, 0x000000008db00000|100%| O|  |TAMS 0x000000008db00000, 0x000000008da00000| Updating 
| 219|0x000000008db00000, 0x000000008dc00000, 0x000000008dc00000|100%| O|  |TAMS 0x000000008dc00000, 0x000000008db00000| Updating 
| 220|0x000000008dc00000, 0x000000008dd00000, 0x000000008dd00000|100%| O|  |TAMS 0x000000008dd00000, 0x000000008dc00000| Updating 
| 221|0x000000008dd00000, 0x000000008de00000, 0x000000008de00000|100%| O|  |TAMS 0x000000008de00000, 0x000000008dd00000| Updating 
| 222|0x000000008de00000, 0x000000008df00000, 0x000000008df00000|100%| O|  |TAMS 0x000000008df00000, 0x000000008de00000| Updating 
| 223|0x000000008df00000, 0x000000008e000000, 0x000000008e000000|100%| O|  |TAMS 0x000000008e000000, 0x000000008df00000| Updating 
| 224|0x000000008e000000, 0x000000008e100000, 0x000000008e100000|100%| O|  |TAMS 0x000000008e100000, 0x000000008e000000| Updating 
| 225|0x000000008e100000, 0x000000008e200000, 0x000000008e200000|100%| O|  |TAMS 0x000000008e200000, 0x000000008e100000| Updating 
| 226|0x000000008e200000, 0x000000008e300000, 0x000000008e300000|100%| O|  |TAMS 0x000000008e300000, 0x000000008e200000| Updating 
| 227|0x000000008e300000, 0x000000008e400000, 0x000000008e400000|100%| O|  |TAMS 0x000000008e400000, 0x000000008e300000| Updating 
| 228|0x000000008e400000, 0x000000008e500000, 0x000000008e500000|100%| O|  |TAMS 0x000000008e500000, 0x000000008e400000| Updating 
| 229|0x000000008e500000, 0x000000008e600000, 0x000000008e600000|100%| O|  |TAMS 0x000000008e600000, 0x000000008e500000| Updating 
| 230|0x000000008e600000, 0x000000008e700000, 0x000000008e700000|100%| O|  |TAMS 0x000000008e700000, 0x000000008e600000| Updating 
| 231|0x000000008e700000, 0x000000008e800000, 0x000000008e800000|100%| O|  |TAMS 0x000000008e800000, 0x000000008e700000| Updating 
| 232|0x000000008e800000, 0x000000008e900000, 0x000000008e900000|100%| O|  |TAMS 0x000000008e900000, 0x000000008e800000| Updating 
| 233|0x000000008e900000, 0x000000008ea00000, 0x000000008ea00000|100%| O|  |TAMS 0x000000008ea00000, 0x000000008e900000| Updating 
| 234|0x000000008ea00000, 0x000000008eb00000, 0x000000008eb00000|100%| O|  |TAMS 0x000000008eb00000, 0x000000008ea00000| Updating 
| 235|0x000000008eb00000, 0x000000008ec00000, 0x000000008ec00000|100%| O|  |TAMS 0x000000008ec00000, 0x000000008eb00000| Updating 
| 236|0x000000008ec00000, 0x000000008ed00000, 0x000000008ed00000|100%| O|  |TAMS 0x000000008ed00000, 0x000000008ec00000| Updating 
| 237|0x000000008ed00000, 0x000000008ee00000, 0x000000008ee00000|100%| O|  |TAMS 0x000000008ee00000, 0x000000008ed00000| Updating 
| 238|0x000000008ee00000, 0x000000008ef00000, 0x000000008ef00000|100%| O|  |TAMS 0x000000008ef00000, 0x000000008ee00000| Updating 
| 239|0x000000008ef00000, 0x000000008f000000, 0x000000008f000000|100%| O|  |TAMS 0x000000008f000000, 0x000000008ef00000| Updating 
| 240|0x000000008f000000, 0x000000008f100000, 0x000000008f100000|100%| O|  |TAMS 0x000000008f100000, 0x000000008f000000| Updating 
| 241|0x000000008f100000, 0x000000008f200000, 0x000000008f200000|100%| O|  |TAMS 0x000000008f200000, 0x000000008f100000| Updating 
| 242|0x000000008f200000, 0x000000008f300000, 0x000000008f300000|100%| O|  |TAMS 0x000000008f300000, 0x000000008f200000| Updating 
| 243|0x000000008f300000, 0x000000008f400000, 0x000000008f400000|100%| O|  |TAMS 0x000000008f400000, 0x000000008f300000| Updating 
| 244|0x000000008f400000, 0x000000008f500000, 0x000000008f500000|100%| O|  |TAMS 0x000000008f500000, 0x000000008f400000| Updating 
| 245|0x000000008f500000, 0x000000008f600000, 0x000000008f600000|100%| O|  |TAMS 0x000000008f600000, 0x000000008f500000| Updating 
| 246|0x000000008f600000, 0x000000008f700000, 0x000000008f700000|100%| O|  |TAMS 0x000000008f700000, 0x000000008f600000| Updating 
| 247|0x000000008f700000, 0x000000008f800000, 0x000000008f800000|100%| O|  |TAMS 0x000000008f800000, 0x000000008f700000| Updating 
| 248|0x000000008f800000, 0x000000008f900000, 0x000000008f900000|100%| O|  |TAMS 0x000000008f900000, 0x000000008f800000| Updating 
| 249|0x000000008f900000, 0x000000008fa00000, 0x000000008fa00000|100%| O|  |TAMS 0x000000008fa00000, 0x000000008f900000| Updating 
| 250|0x000000008fa00000, 0x000000008fb00000, 0x000000008fb00000|100%| O|  |TAMS 0x000000008fb00000, 0x000000008fa00000| Updating 
| 251|0x000000008fb00000, 0x000000008fc00000, 0x000000008fc00000|100%| O|  |TAMS 0x000000008fc00000, 0x000000008fb00000| Updating 
| 252|0x000000008fc00000, 0x000000008fc00000, 0x000000008fd00000|  0%| F|  |TAMS 0x000000008fc00000, 0x000000008fc00000| Untracked 
| 253|0x000000008fd00000, 0x000000008fe00000, 0x000000008fe00000|100%| O|  |TAMS 0x000000008fe00000, 0x000000008fd00000| Updating 
| 254|0x000000008fe00000, 0x000000008ff00000, 0x000000008ff00000|100%| O|  |TAMS 0x000000008ff00000, 0x000000008fe00000| Updating 
| 255|0x000000008ff00000, 0x0000000090000000, 0x0000000090000000|100%| O|  |TAMS 0x0000000090000000, 0x000000008ff00000| Untracked 
| 256|0x0000000090000000, 0x0000000090100000, 0x0000000090100000|100%| O|  |TAMS 0x0000000090100000, 0x0000000090000000| Untracked 
| 257|0x0000000090100000, 0x0000000090200000, 0x0000000090200000|100%| O|  |TAMS 0x0000000090200000, 0x0000000090100000| Untracked 
| 258|0x0000000090200000, 0x0000000090300000, 0x0000000090300000|100%| O|  |TAMS 0x0000000090300000, 0x0000000090200000| Updating 
| 259|0x0000000090300000, 0x0000000090400000, 0x0000000090400000|100%| O|  |TAMS 0x0000000090400000, 0x0000000090300000| Updating 
| 260|0x0000000090400000, 0x0000000090500000, 0x0000000090500000|100%| O|  |TAMS 0x0000000090500000, 0x0000000090400000| Updating 
| 261|0x0000000090500000, 0x0000000090600000, 0x0000000090600000|100%| O|  |TAMS 0x0000000090600000, 0x0000000090500000| Untracked 
| 262|0x0000000090600000, 0x0000000090700000, 0x0000000090700000|100%| O|  |TAMS 0x0000000090700000, 0x0000000090600000| Updating 
| 263|0x0000000090700000, 0x0000000090800000, 0x0000000090800000|100%| O|  |TAMS 0x0000000090800000, 0x0000000090700000| Untracked 
| 264|0x0000000090800000, 0x0000000090900000, 0x0000000090900000|100%| O|  |TAMS 0x0000000090900000, 0x0000000090800000| Updating 
| 265|0x0000000090900000, 0x0000000090a00000, 0x0000000090a00000|100%| O|  |TAMS 0x0000000090a00000, 0x0000000090900000| Updating 
| 266|0x0000000090a00000, 0x0000000090b00000, 0x0000000090b00000|100%| O|  |TAMS 0x0000000090b00000, 0x0000000090a00000| Untracked 
| 267|0x0000000090b00000, 0x0000000090c00000, 0x0000000090c00000|100%| O|  |TAMS 0x0000000090c00000, 0x0000000090b00000| Untracked 
| 268|0x0000000090c00000, 0x0000000090d00000, 0x0000000090d00000|100%| O|  |TAMS 0x0000000090d00000, 0x0000000090c00000| Updating 
| 269|0x0000000090d00000, 0x0000000090e00000, 0x0000000090e00000|100%| O|  |TAMS 0x0000000090e00000, 0x0000000090d00000| Updating 
| 270|0x0000000090e00000, 0x0000000090f00000, 0x0000000090f00000|100%| O|  |TAMS 0x0000000090f00000, 0x0000000090e00000| Updating 
| 271|0x0000000090f00000, 0x0000000091000000, 0x0000000091000000|100%| O|  |TAMS 0x0000000091000000, 0x0000000090f00000| Updating 
| 272|0x0000000091000000, 0x0000000091100000, 0x0000000091100000|100%| O|  |TAMS 0x0000000091100000, 0x0000000091000000| Updating 
| 273|0x0000000091100000, 0x0000000091200000, 0x0000000091200000|100%| O|  |TAMS 0x0000000091200000, 0x0000000091100000| Updating 
| 274|0x0000000091200000, 0x0000000091300000, 0x0000000091300000|100%| O|  |TAMS 0x0000000091300000, 0x0000000091200000| Updating 
| 275|0x0000000091300000, 0x0000000091400000, 0x0000000091400000|100%| O|  |TAMS 0x0000000091400000, 0x0000000091300000| Updating 
| 276|0x0000000091400000, 0x0000000091500000, 0x0000000091500000|100%| O|  |TAMS 0x0000000091500000, 0x0000000091400000| Updating 
| 277|0x0000000091500000, 0x0000000091600000, 0x0000000091600000|100%| O|  |TAMS 0x0000000091600000, 0x0000000091500000| Updating 
| 278|0x0000000091600000, 0x0000000091700000, 0x0000000091700000|100%| O|  |TAMS 0x0000000091700000, 0x0000000091600000| Untracked 
| 279|0x0000000091700000, 0x0000000091800000, 0x0000000091800000|100%| O|  |TAMS 0x0000000091800000, 0x0000000091700000| Updating 
| 280|0x0000000091800000, 0x0000000091900000, 0x0000000091900000|100%| O|  |TAMS 0x0000000091900000, 0x0000000091800000| Updating 
| 281|0x0000000091900000, 0x0000000091a00000, 0x0000000091a00000|100%| O|  |TAMS 0x0000000091a00000, 0x0000000091900000| Updating 
| 282|0x0000000091a00000, 0x0000000091b00000, 0x0000000091b00000|100%| O|  |TAMS 0x0000000091b00000, 0x0000000091a00000| Updating 
| 283|0x0000000091b00000, 0x0000000091c00000, 0x0000000091c00000|100%| O|  |TAMS 0x0000000091c00000, 0x0000000091b00000| Updating 
| 284|0x0000000091c00000, 0x0000000091d00000, 0x0000000091d00000|100%| O|  |TAMS 0x0000000091d00000, 0x0000000091c00000| Updating 
| 285|0x0000000091d00000, 0x0000000091e00000, 0x0000000091e00000|100%| O|  |TAMS 0x0000000091e00000, 0x0000000091d00000| Untracked 
| 286|0x0000000091e00000, 0x0000000091f00000, 0x0000000091f00000|100%| O|  |TAMS 0x0000000091f00000, 0x0000000091e00000| Updating 
| 287|0x0000000091f00000, 0x0000000092000000, 0x0000000092000000|100%| O|  |TAMS 0x0000000092000000, 0x0000000091f00000| Untracked 
| 288|0x0000000092000000, 0x0000000092100000, 0x0000000092100000|100%| O|  |TAMS 0x0000000092100000, 0x0000000092000000| Updating 
| 289|0x0000000092100000, 0x0000000092200000, 0x0000000092200000|100%| O|  |TAMS 0x0000000092200000, 0x0000000092100000| Updating 
| 290|0x0000000092200000, 0x0000000092300000, 0x0000000092300000|100%| O|  |TAMS 0x0000000092300000, 0x0000000092200000| Updating 
| 291|0x0000000092300000, 0x0000000092400000, 0x0000000092400000|100%| O|  |TAMS 0x0000000092400000, 0x0000000092300000| Updating 
| 292|0x0000000092400000, 0x0000000092500000, 0x0000000092500000|100%| O|  |TAMS 0x0000000092500000, 0x0000000092400000| Updating 
| 293|0x0000000092500000, 0x0000000092500000, 0x0000000092600000|  0%| F|  |TAMS 0x0000000092500000, 0x0000000092500000| Untracked 
| 294|0x0000000092600000, 0x0000000092700000, 0x0000000092700000|100%| O|  |TAMS 0x0000000092700000, 0x0000000092600000| Updating 
| 295|0x0000000092700000, 0x0000000092800000, 0x0000000092800000|100%| O|  |TAMS 0x0000000092800000, 0x0000000092700000| Updating 
| 296|0x0000000092800000, 0x0000000092900000, 0x0000000092900000|100%| O|  |TAMS 0x0000000092900000, 0x0000000092800000| Updating 
| 297|0x0000000092900000, 0x0000000092a00000, 0x0000000092a00000|100%| O|  |TAMS 0x0000000092a00000, 0x0000000092900000| Updating 
| 298|0x0000000092a00000, 0x0000000092b00000, 0x0000000092b00000|100%| O|  |TAMS 0x0000000092b00000, 0x0000000092a00000| Updating 
| 299|0x0000000092b00000, 0x0000000092b00000, 0x0000000092c00000|  0%| F|  |TAMS 0x0000000092b00000, 0x0000000092b00000| Untracked 
| 300|0x0000000092c00000, 0x0000000092d00000, 0x0000000092d00000|100%| O|  |TAMS 0x0000000092d00000, 0x0000000092c00000| Updating 
| 301|0x0000000092d00000, 0x0000000092d00000, 0x0000000092e00000|  0%| F|  |TAMS 0x0000000092d00000, 0x0000000092d00000| Untracked 
| 302|0x0000000092e00000, 0x0000000092e00000, 0x0000000092f00000|  0%| F|  |TAMS 0x0000000092e00000, 0x0000000092e00000| Untracked 
| 303|0x0000000092f00000, 0x0000000093000000, 0x0000000093000000|100%| O|  |TAMS 0x0000000093000000, 0x0000000092f00000| Updating 
| 304|0x0000000093000000, 0x0000000093100000, 0x0000000093100000|100%| O|  |TAMS 0x0000000093100000, 0x0000000093000000| Updating 
| 305|0x0000000093100000, 0x0000000093100000, 0x0000000093200000|  0%| F|  |TAMS 0x0000000093100000, 0x0000000093100000| Untracked 
| 306|0x0000000093200000, 0x0000000093300000, 0x0000000093300000|100%| O|  |TAMS 0x0000000093300000, 0x0000000093200000| Updating 
| 307|0x0000000093300000, 0x0000000093300000, 0x0000000093400000|  0%| F|  |TAMS 0x0000000093300000, 0x0000000093300000| Untracked 
| 308|0x0000000093400000, 0x0000000093400000, 0x0000000093500000|  0%| F|  |TAMS 0x0000000093400000, 0x0000000093400000| Untracked 
| 309|0x0000000093500000, 0x0000000093500000, 0x0000000093600000|  0%| F|  |TAMS 0x0000000093500000, 0x0000000093500000| Untracked 
| 310|0x0000000093600000, 0x0000000093600000, 0x0000000093700000|  0%| F|  |TAMS 0x0000000093600000, 0x0000000093600000| Untracked 
| 311|0x0000000093700000, 0x0000000093700000, 0x0000000093800000|  0%| F|  |TAMS 0x0000000093700000, 0x0000000093700000| Untracked 
| 312|0x0000000093800000, 0x0000000093800000, 0x0000000093900000|  0%| F|  |TAMS 0x0000000093800000, 0x0000000093800000| Untracked 
| 313|0x0000000093900000, 0x0000000093900000, 0x0000000093a00000|  0%| F|  |TAMS 0x0000000093900000, 0x0000000093900000| Untracked 
| 314|0x0000000093a00000, 0x0000000093a00000, 0x0000000093b00000|  0%| F|  |TAMS 0x0000000093a00000, 0x0000000093a00000| Untracked 
| 315|0x0000000093b00000, 0x0000000093c00000, 0x0000000093c00000|100%| O|  |TAMS 0x0000000093c00000, 0x0000000093b00000| Updating 
| 316|0x0000000093c00000, 0x0000000093d00000, 0x0000000093d00000|100%| O|  |TAMS 0x0000000093d00000, 0x0000000093c00000| Updating 
| 317|0x0000000093d00000, 0x0000000093e00000, 0x0000000093e00000|100%| O|  |TAMS 0x0000000093e00000, 0x0000000093d00000| Updating 
| 318|0x0000000093e00000, 0x0000000093f00000, 0x0000000093f00000|100%| O|  |TAMS 0x0000000093f00000, 0x0000000093e00000| Updating 
| 319|0x0000000093f00000, 0x0000000093f00000, 0x0000000094000000|  0%| F|  |TAMS 0x0000000093f00000, 0x0000000093f00000| Untracked 
| 320|0x0000000094000000, 0x0000000094000000, 0x0000000094100000|  0%| F|  |TAMS 0x0000000094000000, 0x0000000094000000| Untracked 
| 321|0x0000000094100000, 0x0000000094100000, 0x0000000094200000|  0%| F|  |TAMS 0x0000000094100000, 0x0000000094100000| Untracked 
| 322|0x0000000094200000, 0x0000000094200000, 0x0000000094300000|  0%| F|  |TAMS 0x0000000094200000, 0x0000000094200000| Untracked 
| 323|0x0000000094300000, 0x0000000094300000, 0x0000000094400000|  0%| F|  |TAMS 0x0000000094300000, 0x0000000094300000| Untracked 
| 324|0x0000000094400000, 0x0000000094400000, 0x0000000094500000|  0%| F|  |TAMS 0x0000000094400000, 0x0000000094400000| Untracked 
| 325|0x0000000094500000, 0x0000000094500000, 0x0000000094600000|  0%| F|  |TAMS 0x0000000094500000, 0x0000000094500000| Untracked 
| 326|0x0000000094600000, 0x0000000094700000, 0x0000000094700000|100%| O|  |TAMS 0x0000000094700000, 0x0000000094600000| Updating 
| 327|0x0000000094700000, 0x0000000094700000, 0x0000000094800000|  0%| F|  |TAMS 0x0000000094700000, 0x0000000094700000| Untracked 
| 328|0x0000000094800000, 0x0000000094900000, 0x0000000094900000|100%| O|  |TAMS 0x0000000094900000, 0x0000000094800000| Updating 
| 329|0x0000000094900000, 0x0000000094900000, 0x0000000094a00000|  0%| F|  |TAMS 0x0000000094900000, 0x0000000094900000| Untracked 
| 330|0x0000000094a00000, 0x0000000094a00000, 0x0000000094b00000|  0%| F|  |TAMS 0x0000000094a00000, 0x0000000094a00000| Untracked 
| 331|0x0000000094b00000, 0x0000000094b00000, 0x0000000094c00000|  0%| F|  |TAMS 0x0000000094b00000, 0x0000000094b00000| Untracked 
| 332|0x0000000094c00000, 0x0000000094c00000, 0x0000000094d00000|  0%| F|  |TAMS 0x0000000094c00000, 0x0000000094c00000| Untracked 
| 333|0x0000000094d00000, 0x0000000094d00000, 0x0000000094e00000|  0%| F|  |TAMS 0x0000000094d00000, 0x0000000094d00000| Untracked 
| 334|0x0000000094e00000, 0x0000000094f00000, 0x0000000094f00000|100%| O|  |TAMS 0x0000000094f00000, 0x0000000094e00000| Updating 
| 335|0x0000000094f00000, 0x0000000094f00000, 0x0000000095000000|  0%| F|  |TAMS 0x0000000094f00000, 0x0000000094f00000| Untracked 
| 336|0x0000000095000000, 0x0000000095000000, 0x0000000095100000|  0%| F|  |TAMS 0x0000000095000000, 0x0000000095000000| Untracked 
| 337|0x0000000095100000, 0x0000000095200000, 0x0000000095200000|100%| O|  |TAMS 0x0000000095200000, 0x0000000095100000| Updating 
| 338|0x0000000095200000, 0x0000000095200000, 0x0000000095300000|  0%| F|  |TAMS 0x0000000095200000, 0x0000000095200000| Untracked 
| 339|0x0000000095300000, 0x0000000095300000, 0x0000000095400000|  0%| F|  |TAMS 0x0000000095300000, 0x0000000095300000| Untracked 
| 340|0x0000000095400000, 0x0000000095500000, 0x0000000095500000|100%| O|  |TAMS 0x0000000095500000, 0x0000000095400000| Updating 
| 341|0x0000000095500000, 0x0000000095600000, 0x0000000095600000|100%| O|  |TAMS 0x0000000095600000, 0x0000000095500000| Updating 
| 342|0x0000000095600000, 0x0000000095700000, 0x0000000095700000|100%| O|  |TAMS 0x0000000095700000, 0x0000000095600000| Updating 
| 343|0x0000000095700000, 0x0000000095800000, 0x0000000095800000|100%| O|  |TAMS 0x0000000095800000, 0x0000000095700000| Updating 
| 344|0x0000000095800000, 0x0000000095900000, 0x0000000095900000|100%| O|  |TAMS 0x0000000095900000, 0x0000000095800000| Updating 
| 345|0x0000000095900000, 0x0000000095a00000, 0x0000000095a00000|100%| O|  |TAMS 0x0000000095a00000, 0x0000000095900000| Updating 
| 346|0x0000000095a00000, 0x0000000095b00000, 0x0000000095b00000|100%| O|  |TAMS 0x0000000095b00000, 0x0000000095a00000| Updating 
| 347|0x0000000095b00000, 0x0000000095b00000, 0x0000000095c00000|  0%| F|  |TAMS 0x0000000095b00000, 0x0000000095b00000| Untracked 
| 348|0x0000000095c00000, 0x0000000095c00000, 0x0000000095d00000|  0%| F|  |TAMS 0x0000000095c00000, 0x0000000095c00000| Untracked 
| 349|0x0000000095d00000, 0x0000000095d00000, 0x0000000095e00000|  0%| F|  |TAMS 0x0000000095d00000, 0x0000000095d00000| Untracked 
| 350|0x0000000095e00000, 0x0000000095f00000, 0x0000000095f00000|100%| O|  |TAMS 0x0000000095f00000, 0x0000000095e00000| Updating 
| 351|0x0000000095f00000, 0x0000000095f00000, 0x0000000096000000|  0%| F|  |TAMS 0x0000000095f00000, 0x0000000095f00000| Untracked 
| 352|0x0000000096000000, 0x0000000096100000, 0x0000000096100000|100%| O|  |TAMS 0x0000000096100000, 0x0000000096000000| Updating 
| 353|0x0000000096100000, 0x0000000096200000, 0x0000000096200000|100%| O|  |TAMS 0x0000000096200000, 0x0000000096100000| Updating 
| 354|0x0000000096200000, 0x0000000096200000, 0x0000000096300000|  0%| F|  |TAMS 0x0000000096200000, 0x0000000096200000| Untracked 
| 355|0x0000000096300000, 0x0000000096300000, 0x0000000096400000|  0%| F|  |TAMS 0x0000000096300000, 0x0000000096300000| Untracked 
| 356|0x0000000096400000, 0x0000000096500000, 0x0000000096500000|100%| O|  |TAMS 0x0000000096500000, 0x0000000096400000| Updating 
| 357|0x0000000096500000, 0x0000000096500000, 0x0000000096600000|  0%| F|  |TAMS 0x0000000096500000, 0x0000000096500000| Untracked 
| 358|0x0000000096600000, 0x0000000096700000, 0x0000000096700000|100%| O|  |TAMS 0x0000000096700000, 0x0000000096600000| Updating 
| 359|0x0000000096700000, 0x0000000096800000, 0x0000000096800000|100%| O|  |TAMS 0x0000000096800000, 0x0000000096700000| Updating 
| 360|0x0000000096800000, 0x0000000096900000, 0x0000000096900000|100%| O|  |TAMS 0x0000000096900000, 0x0000000096800000| Updating 
| 361|0x0000000096900000, 0x0000000096900000, 0x0000000096a00000|  0%| F|  |TAMS 0x0000000096900000, 0x0000000096900000| Untracked 
| 362|0x0000000096a00000, 0x0000000096a00000, 0x0000000096b00000|  0%| F|  |TAMS 0x0000000096a00000, 0x0000000096a00000| Untracked 
| 363|0x0000000096b00000, 0x0000000096b00000, 0x0000000096c00000|  0%| F|  |TAMS 0x0000000096b00000, 0x0000000096b00000| Untracked 
| 364|0x0000000096c00000, 0x0000000096c00000, 0x0000000096d00000|  0%| F|  |TAMS 0x0000000096c00000, 0x0000000096c00000| Untracked 
| 365|0x0000000096d00000, 0x0000000096d00000, 0x0000000096e00000|  0%| F|  |TAMS 0x0000000096d00000, 0x0000000096d00000| Untracked 
| 366|0x0000000096e00000, 0x0000000096e00000, 0x0000000096f00000|  0%| F|  |TAMS 0x0000000096e00000, 0x0000000096e00000| Untracked 
| 367|0x0000000096f00000, 0x0000000096f00000, 0x0000000097000000|  0%| F|  |TAMS 0x0000000096f00000, 0x0000000096f00000| Untracked 
| 368|0x0000000097000000, 0x0000000097000000, 0x0000000097100000|  0%| F|  |TAMS 0x0000000097000000, 0x0000000097000000| Untracked 
| 369|0x0000000097100000, 0x0000000097200000, 0x0000000097200000|100%| O|  |TAMS 0x0000000097200000, 0x0000000097100000| Updating 
| 370|0x0000000097200000, 0x0000000097300000, 0x0000000097300000|100%| O|  |TAMS 0x0000000097300000, 0x0000000097200000| Updating 
| 371|0x0000000097300000, 0x0000000097300000, 0x0000000097400000|  0%| F|  |TAMS 0x0000000097300000, 0x0000000097300000| Untracked 
| 372|0x0000000097400000, 0x0000000097500000, 0x0000000097500000|100%| O|  |TAMS 0x0000000097500000, 0x0000000097400000| Updating 
| 373|0x0000000097500000, 0x0000000097600000, 0x0000000097600000|100%| O|  |TAMS 0x0000000097600000, 0x0000000097500000| Updating 
| 374|0x0000000097600000, 0x0000000097700000, 0x0000000097700000|100%| O|  |TAMS 0x0000000097700000, 0x0000000097600000| Updating 
| 375|0x0000000097700000, 0x0000000097800000, 0x0000000097800000|100%| O|  |TAMS 0x0000000097800000, 0x0000000097700000| Updating 
| 376|0x0000000097800000, 0x0000000097800000, 0x0000000097900000|  0%| F|  |TAMS 0x0000000097800000, 0x0000000097800000| Untracked 
| 377|0x0000000097900000, 0x0000000097a00000, 0x0000000097a00000|100%| O|  |TAMS 0x0000000097a00000, 0x0000000097900000| Updating 
| 378|0x0000000097a00000, 0x0000000097b00000, 0x0000000097b00000|100%| O|  |TAMS 0x0000000097b00000, 0x0000000097a00000| Updating 
| 379|0x0000000097b00000, 0x0000000097b00000, 0x0000000097c00000|  0%| F|  |TAMS 0x0000000097b00000, 0x0000000097b00000| Untracked 
| 380|0x0000000097c00000, 0x0000000097c00000, 0x0000000097d00000|  0%| F|  |TAMS 0x0000000097c00000, 0x0000000097c00000| Untracked 
| 381|0x0000000097d00000, 0x0000000097e00000, 0x0000000097e00000|100%| O|  |TAMS 0x0000000097e00000, 0x0000000097d00000| Updating 
| 382|0x0000000097e00000, 0x0000000097f00000, 0x0000000097f00000|100%| O|  |TAMS 0x0000000097f00000, 0x0000000097e00000| Updating 
| 383|0x0000000097f00000, 0x0000000098000000, 0x0000000098000000|100%| O|  |TAMS 0x0000000098000000, 0x0000000097f00000| Updating 
| 384|0x0000000098000000, 0x0000000098100000, 0x0000000098100000|100%| O|  |TAMS 0x0000000098100000, 0x0000000098000000| Updating 
| 385|0x0000000098100000, 0x0000000098100000, 0x0000000098200000|  0%| F|  |TAMS 0x0000000098100000, 0x0000000098100000| Untracked 
| 386|0x0000000098200000, 0x0000000098300000, 0x0000000098300000|100%| O|  |TAMS 0x0000000098300000, 0x0000000098200000| Updating 
| 387|0x0000000098300000, 0x0000000098300000, 0x0000000098400000|  0%| F|  |TAMS 0x0000000098300000, 0x0000000098300000| Untracked 
| 388|0x0000000098400000, 0x0000000098400000, 0x0000000098500000|  0%| F|  |TAMS 0x0000000098400000, 0x0000000098400000| Untracked 
| 389|0x0000000098500000, 0x0000000098500000, 0x0000000098600000|  0%| F|  |TAMS 0x0000000098500000, 0x0000000098500000| Untracked 
| 390|0x0000000098600000, 0x0000000098600000, 0x0000000098700000|  0%| F|  |TAMS 0x0000000098600000, 0x0000000098600000| Untracked 
| 391|0x0000000098700000, 0x0000000098800000, 0x0000000098800000|100%| O|  |TAMS 0x0000000098800000, 0x0000000098700000| Updating 
| 392|0x0000000098800000, 0x0000000098800000, 0x0000000098900000|  0%| F|  |TAMS 0x0000000098800000, 0x0000000098800000| Untracked 
| 393|0x0000000098900000, 0x0000000098900000, 0x0000000098a00000|  0%| F|  |TAMS 0x0000000098900000, 0x0000000098900000| Untracked 
| 394|0x0000000098a00000, 0x0000000098a00000, 0x0000000098b00000|  0%| F|  |TAMS 0x0000000098a00000, 0x0000000098a00000| Untracked 
| 395|0x0000000098b00000, 0x0000000098b00000, 0x0000000098c00000|  0%| F|  |TAMS 0x0000000098b00000, 0x0000000098b00000| Untracked 
| 396|0x0000000098c00000, 0x0000000098c00000, 0x0000000098d00000|  0%| F|  |TAMS 0x0000000098c00000, 0x0000000098c00000| Untracked 
| 397|0x0000000098d00000, 0x0000000098d00000, 0x0000000098e00000|  0%| F|  |TAMS 0x0000000098d00000, 0x0000000098d00000| Untracked 
| 398|0x0000000098e00000, 0x0000000098e00000, 0x0000000098f00000|  0%| F|  |TAMS 0x0000000098e00000, 0x0000000098e00000| Untracked 
| 399|0x0000000098f00000, 0x0000000098f00000, 0x0000000099000000|  0%| F|  |TAMS 0x0000000098f00000, 0x0000000098f00000| Untracked 
| 400|0x0000000099000000, 0x0000000099100000, 0x0000000099100000|100%| O|  |TAMS 0x0000000099100000, 0x0000000099000000| Updating 
| 401|0x0000000099100000, 0x0000000099200000, 0x0000000099200000|100%| O|  |TAMS 0x0000000099200000, 0x0000000099100000| Updating 
| 402|0x0000000099200000, 0x0000000099300000, 0x0000000099300000|100%| O|  |TAMS 0x0000000099300000, 0x0000000099200000| Updating 
| 403|0x0000000099300000, 0x0000000099400000, 0x0000000099400000|100%| O|  |TAMS 0x0000000099400000, 0x0000000099300000| Updating 
| 404|0x0000000099400000, 0x0000000099500000, 0x0000000099500000|100%| O|  |TAMS 0x0000000099500000, 0x0000000099400000| Updating 
| 405|0x0000000099500000, 0x0000000099600000, 0x0000000099600000|100%| O|  |TAMS 0x0000000099600000, 0x0000000099500000| Updating 
| 406|0x0000000099600000, 0x0000000099700000, 0x0000000099700000|100%| O|  |TAMS 0x0000000099700000, 0x0000000099600000| Updating 
| 407|0x0000000099700000, 0x0000000099700000, 0x0000000099800000|  0%| F|  |TAMS 0x0000000099700000, 0x0000000099700000| Untracked 
| 408|0x0000000099800000, 0x0000000099800000, 0x0000000099900000|  0%| F|  |TAMS 0x0000000099800000, 0x0000000099800000| Untracked 
| 409|0x0000000099900000, 0x0000000099900000, 0x0000000099a00000|  0%| F|  |TAMS 0x0000000099900000, 0x0000000099900000| Untracked 
| 410|0x0000000099a00000, 0x0000000099b00000, 0x0000000099b00000|100%| O|  |TAMS 0x0000000099b00000, 0x0000000099a00000| Updating 
| 411|0x0000000099b00000, 0x0000000099c00000, 0x0000000099c00000|100%| O|  |TAMS 0x0000000099c00000, 0x0000000099b00000| Updating 
| 412|0x0000000099c00000, 0x0000000099d00000, 0x0000000099d00000|100%| O|  |TAMS 0x0000000099d00000, 0x0000000099c00000| Updating 
| 413|0x0000000099d00000, 0x0000000099e00000, 0x0000000099e00000|100%| O|  |TAMS 0x0000000099e00000, 0x0000000099d00000| Updating 
| 414|0x0000000099e00000, 0x0000000099f00000, 0x0000000099f00000|100%| O|  |TAMS 0x0000000099f00000, 0x0000000099e00000| Updating 
| 415|0x0000000099f00000, 0x000000009a000000, 0x000000009a000000|100%| O|  |TAMS 0x000000009a000000, 0x0000000099f00000| Updating 
| 416|0x000000009a000000, 0x000000009a100000, 0x000000009a100000|100%| O|  |TAMS 0x000000009a100000, 0x000000009a000000| Updating 
| 417|0x000000009a100000, 0x000000009a200000, 0x000000009a200000|100%| O|  |TAMS 0x000000009a200000, 0x000000009a100000| Updating 
| 418|0x000000009a200000, 0x000000009a300000, 0x000000009a300000|100%| O|  |TAMS 0x000000009a300000, 0x000000009a200000| Updating 
| 419|0x000000009a300000, 0x000000009a400000, 0x000000009a400000|100%| O|  |TAMS 0x000000009a400000, 0x000000009a300000| Updating 
| 420|0x000000009a400000, 0x000000009a500000, 0x000000009a500000|100%| O|  |TAMS 0x000000009a500000, 0x000000009a400000| Updating 
| 421|0x000000009a500000, 0x000000009a600000, 0x000000009a600000|100%| O|  |TAMS 0x000000009a600000, 0x000000009a500000| Updating 
| 422|0x000000009a600000, 0x000000009a700000, 0x000000009a700000|100%| O|  |TAMS 0x000000009a700000, 0x000000009a600000| Updating 
| 423|0x000000009a700000, 0x000000009a800000, 0x000000009a800000|100%| O|  |TAMS 0x000000009a800000, 0x000000009a700000| Updating 
| 424|0x000000009a800000, 0x000000009a900000, 0x000000009a900000|100%| O|  |TAMS 0x000000009a900000, 0x000000009a800000| Untracked 
| 425|0x000000009a900000, 0x000000009aa00000, 0x000000009aa00000|100%| O|  |TAMS 0x000000009aa00000, 0x000000009a900000| Untracked 
| 426|0x000000009aa00000, 0x000000009ab00000, 0x000000009ab00000|100%| O|  |TAMS 0x000000009ab00000, 0x000000009aa00000| Untracked 
| 427|0x000000009ab00000, 0x000000009ac00000, 0x000000009ac00000|100%| O|  |TAMS 0x000000009ac00000, 0x000000009ab00000| Untracked 
| 428|0x000000009ac00000, 0x000000009ad00000, 0x000000009ad00000|100%| O|  |TAMS 0x000000009ad00000, 0x000000009ac00000| Untracked 
| 429|0x000000009ad00000, 0x000000009ae00000, 0x000000009ae00000|100%| O|  |TAMS 0x000000009ae00000, 0x000000009ad00000| Untracked 
| 430|0x000000009ae00000, 0x000000009af00000, 0x000000009af00000|100%| O|  |TAMS 0x000000009af00000, 0x000000009ae00000| Untracked 
| 431|0x000000009af00000, 0x000000009b000000, 0x000000009b000000|100%| O|  |TAMS 0x000000009b000000, 0x000000009af00000| Untracked 
| 432|0x000000009b000000, 0x000000009b100000, 0x000000009b100000|100%| O|  |TAMS 0x000000009b100000, 0x000000009b000000| Untracked 
| 433|0x000000009b100000, 0x000000009b200000, 0x000000009b200000|100%| O|  |TAMS 0x000000009b200000, 0x000000009b100000| Updating 
| 434|0x000000009b200000, 0x000000009b300000, 0x000000009b300000|100%| O|  |TAMS 0x000000009b300000, 0x000000009b200000| Updating 
| 435|0x000000009b300000, 0x000000009b400000, 0x000000009b400000|100%| O|  |TAMS 0x000000009b400000, 0x000000009b300000| Updating 
| 436|0x000000009b400000, 0x000000009b500000, 0x000000009b500000|100%| O|  |TAMS 0x000000009b500000, 0x000000009b400000| Updating 
| 437|0x000000009b500000, 0x000000009b500000, 0x000000009b600000|  0%| F|  |TAMS 0x000000009b500000, 0x000000009b500000| Untracked 
| 438|0x000000009b600000, 0x000000009b700000, 0x000000009b700000|100%| O|  |TAMS 0x000000009b700000, 0x000000009b600000| Updating 
| 439|0x000000009b700000, 0x000000009b700000, 0x000000009b800000|  0%| F|  |TAMS 0x000000009b700000, 0x000000009b700000| Untracked 
| 440|0x000000009b800000, 0x000000009b800000, 0x000000009b900000|  0%| F|  |TAMS 0x000000009b800000, 0x000000009b800000| Untracked 
| 441|0x000000009b900000, 0x000000009ba00000, 0x000000009ba00000|100%| O|  |TAMS 0x000000009ba00000, 0x000000009b900000| Updating 
| 442|0x000000009ba00000, 0x000000009bb00000, 0x000000009bb00000|100%| O|  |TAMS 0x000000009bb00000, 0x000000009ba00000| Updating 
| 443|0x000000009bb00000, 0x000000009bc00000, 0x000000009bc00000|100%| O|  |TAMS 0x000000009bc00000, 0x000000009bb00000| Updating 
| 444|0x000000009bc00000, 0x000000009bd00000, 0x000000009bd00000|100%| O|  |TAMS 0x000000009bd00000, 0x000000009bc00000| Updating 
| 445|0x000000009bd00000, 0x000000009be00000, 0x000000009be00000|100%| O|  |TAMS 0x000000009be00000, 0x000000009bd00000| Updating 
| 446|0x000000009be00000, 0x000000009bf00000, 0x000000009bf00000|100%| O|  |TAMS 0x000000009bf00000, 0x000000009be00000| Updating 
| 447|0x000000009bf00000, 0x000000009c000000, 0x000000009c000000|100%| O|  |TAMS 0x000000009c000000, 0x000000009bf00000| Updating 
| 448|0x000000009c000000, 0x000000009c100000, 0x000000009c100000|100%| O|  |TAMS 0x000000009c100000, 0x000000009c000000| Untracked 
| 449|0x000000009c100000, 0x000000009c200000, 0x000000009c200000|100%| O|  |TAMS 0x000000009c200000, 0x000000009c100000| Untracked 
| 450|0x000000009c200000, 0x000000009c300000, 0x000000009c300000|100%| O|  |TAMS 0x000000009c300000, 0x000000009c200000| Untracked 
| 451|0x000000009c300000, 0x000000009c400000, 0x000000009c400000|100%| O|  |TAMS 0x000000009c400000, 0x000000009c300000| Untracked 
| 452|0x000000009c400000, 0x000000009c500000, 0x000000009c500000|100%| O|  |TAMS 0x000000009c500000, 0x000000009c400000| Untracked 
| 453|0x000000009c500000, 0x000000009c600000, 0x000000009c600000|100%| O|  |TAMS 0x000000009c600000, 0x000000009c500000| Untracked 
| 454|0x000000009c600000, 0x000000009c700000, 0x000000009c700000|100%| O|  |TAMS 0x000000009c700000, 0x000000009c600000| Untracked 
| 455|0x000000009c700000, 0x000000009c800000, 0x000000009c800000|100%| O|  |TAMS 0x000000009c800000, 0x000000009c700000| Untracked 
| 456|0x000000009c800000, 0x000000009c900000, 0x000000009c900000|100%| O|  |TAMS 0x000000009c900000, 0x000000009c800000| Untracked 
| 457|0x000000009c900000, 0x000000009ca00000, 0x000000009ca00000|100%| O|  |TAMS 0x000000009ca00000, 0x000000009c900000| Untracked 
| 458|0x000000009ca00000, 0x000000009cb00000, 0x000000009cb00000|100%| O|  |TAMS 0x000000009cb00000, 0x000000009ca00000| Untracked 
| 459|0x000000009cb00000, 0x000000009cc00000, 0x000000009cc00000|100%| O|  |TAMS 0x000000009cc00000, 0x000000009cb00000| Untracked 
| 460|0x000000009cc00000, 0x000000009cd00000, 0x000000009cd00000|100%| O|  |TAMS 0x000000009cd00000, 0x000000009cc00000| Updating 
| 461|0x000000009cd00000, 0x000000009ce00000, 0x000000009ce00000|100%| O|  |TAMS 0x000000009ce00000, 0x000000009cd00000| Untracked 
| 462|0x000000009ce00000, 0x000000009cf00000, 0x000000009cf00000|100%| O|  |TAMS 0x000000009cf00000, 0x000000009ce00000| Untracked 
| 463|0x000000009cf00000, 0x000000009d000000, 0x000000009d000000|100%| O|  |TAMS 0x000000009d000000, 0x000000009cf00000| Untracked 
| 464|0x000000009d000000, 0x000000009d100000, 0x000000009d100000|100%| O|  |TAMS 0x000000009d100000, 0x000000009d000000| Untracked 
| 465|0x000000009d100000, 0x000000009d200000, 0x000000009d200000|100%| O|  |TAMS 0x000000009d200000, 0x000000009d100000| Untracked 
| 466|0x000000009d200000, 0x000000009d300000, 0x000000009d300000|100%| O|  |TAMS 0x000000009d300000, 0x000000009d200000| Untracked 
| 467|0x000000009d300000, 0x000000009d400000, 0x000000009d400000|100%| O|  |TAMS 0x000000009d400000, 0x000000009d300000| Untracked 
| 468|0x000000009d400000, 0x000000009d500000, 0x000000009d500000|100%| O|  |TAMS 0x000000009d500000, 0x000000009d400000| Updating 
| 469|0x000000009d500000, 0x000000009d600000, 0x000000009d600000|100%| O|  |TAMS 0x000000009d600000, 0x000000009d500000| Untracked 
| 470|0x000000009d600000, 0x000000009d700000, 0x000000009d700000|100%| O|  |TAMS 0x000000009d700000, 0x000000009d600000| Updating 
| 471|0x000000009d700000, 0x000000009d800000, 0x000000009d800000|100%| O|  |TAMS 0x000000009d800000, 0x000000009d700000| Untracked 
| 472|0x000000009d800000, 0x000000009d900000, 0x000000009d900000|100%| O|  |TAMS 0x000000009d900000, 0x000000009d800000| Untracked 
| 473|0x000000009d900000, 0x000000009da00000, 0x000000009da00000|100%| O|  |TAMS 0x000000009da00000, 0x000000009d900000| Untracked 
| 474|0x000000009da00000, 0x000000009db00000, 0x000000009db00000|100%| O|  |TAMS 0x000000009db00000, 0x000000009da00000| Untracked 
| 475|0x000000009db00000, 0x000000009dc00000, 0x000000009dc00000|100%| O|  |TAMS 0x000000009dc00000, 0x000000009db00000| Untracked 
| 476|0x000000009dc00000, 0x000000009dd00000, 0x000000009dd00000|100%| O|  |TAMS 0x000000009dd00000, 0x000000009dc00000| Updating 
| 477|0x000000009dd00000, 0x000000009de00000, 0x000000009de00000|100%| O|  |TAMS 0x000000009de00000, 0x000000009dd00000| Updating 
| 478|0x000000009de00000, 0x000000009df00000, 0x000000009df00000|100%| O|  |TAMS 0x000000009df00000, 0x000000009de00000| Updating 
| 479|0x000000009df00000, 0x000000009e000000, 0x000000009e000000|100%| O|  |TAMS 0x000000009e000000, 0x000000009df00000| Untracked 
| 480|0x000000009e000000, 0x000000009e100000, 0x000000009e100000|100%| O|  |TAMS 0x000000009e100000, 0x000000009e000000| Untracked 
| 481|0x000000009e100000, 0x000000009e200000, 0x000000009e200000|100%| O|  |TAMS 0x000000009e200000, 0x000000009e100000| Untracked 
| 482|0x000000009e200000, 0x000000009e300000, 0x000000009e300000|100%| O|  |TAMS 0x000000009e300000, 0x000000009e200000| Untracked 
| 483|0x000000009e300000, 0x000000009e400000, 0x000000009e400000|100%| O|  |TAMS 0x000000009e400000, 0x000000009e300000| Untracked 
| 484|0x000000009e400000, 0x000000009e500000, 0x000000009e500000|100%| O|  |TAMS 0x000000009e500000, 0x000000009e400000| Updating 
| 485|0x000000009e500000, 0x000000009e600000, 0x000000009e600000|100%| O|  |TAMS 0x000000009e600000, 0x000000009e500000| Untracked 
| 486|0x000000009e600000, 0x000000009e700000, 0x000000009e700000|100%| O|  |TAMS 0x000000009e700000, 0x000000009e600000| Untracked 
| 487|0x000000009e700000, 0x000000009e800000, 0x000000009e800000|100%| O|  |TAMS 0x000000009e800000, 0x000000009e700000| Untracked 
| 488|0x000000009e800000, 0x000000009e900000, 0x000000009e900000|100%| O|  |TAMS 0x000000009e900000, 0x000000009e800000| Untracked 
| 489|0x000000009e900000, 0x000000009ea00000, 0x000000009ea00000|100%| O|  |TAMS 0x000000009ea00000, 0x000000009e900000| Untracked 
| 490|0x000000009ea00000, 0x000000009eb00000, 0x000000009eb00000|100%| O|  |TAMS 0x000000009eb00000, 0x000000009ea00000| Untracked 
| 491|0x000000009eb00000, 0x000000009ec00000, 0x000000009ec00000|100%| O|  |TAMS 0x000000009ec00000, 0x000000009eb00000| Updating 
| 492|0x000000009ec00000, 0x000000009ed00000, 0x000000009ed00000|100%| O|  |TAMS 0x000000009ed00000, 0x000000009ec00000| Untracked 
| 493|0x000000009ed00000, 0x000000009ee00000, 0x000000009ee00000|100%| O|  |TAMS 0x000000009ee00000, 0x000000009ed00000| Untracked 
| 494|0x000000009ee00000, 0x000000009ef00000, 0x000000009ef00000|100%| O|  |TAMS 0x000000009ef00000, 0x000000009ee00000| Untracked 
| 495|0x000000009ef00000, 0x000000009f000000, 0x000000009f000000|100%| O|  |TAMS 0x000000009f000000, 0x000000009ef00000| Updating 
| 496|0x000000009f000000, 0x000000009f100000, 0x000000009f100000|100%| O|  |TAMS 0x000000009f100000, 0x000000009f000000| Updating 
| 497|0x000000009f100000, 0x000000009f200000, 0x000000009f200000|100%| O|  |TAMS 0x000000009f200000, 0x000000009f100000| Untracked 
| 498|0x000000009f200000, 0x000000009f300000, 0x000000009f300000|100%| O|  |TAMS 0x000000009f300000, 0x000000009f200000| Untracked 
| 499|0x000000009f300000, 0x000000009f400000, 0x000000009f400000|100%| O|  |TAMS 0x000000009f400000, 0x000000009f300000| Untracked 
| 500|0x000000009f400000, 0x000000009f500000, 0x000000009f500000|100%| O|  |TAMS 0x000000009f500000, 0x000000009f400000| Untracked 
| 501|0x000000009f500000, 0x000000009f600000, 0x000000009f600000|100%| O|  |TAMS 0x000000009f600000, 0x000000009f500000| Untracked 
| 502|0x000000009f600000, 0x000000009f700000, 0x000000009f700000|100%| O|  |TAMS 0x000000009f700000, 0x000000009f600000| Updating 
| 503|0x000000009f700000, 0x000000009f800000, 0x000000009f800000|100%| O|  |TAMS 0x000000009f800000, 0x000000009f700000| Untracked 
| 504|0x000000009f800000, 0x000000009f900000, 0x000000009f900000|100%| O|  |TAMS 0x000000009f900000, 0x000000009f800000| Untracked 
| 505|0x000000009f900000, 0x000000009fa00000, 0x000000009fa00000|100%| O|  |TAMS 0x000000009fa00000, 0x000000009f900000| Untracked 
| 506|0x000000009fa00000, 0x000000009fb00000, 0x000000009fb00000|100%| O|  |TAMS 0x000000009fb00000, 0x000000009fa00000| Untracked 
| 507|0x000000009fb00000, 0x000000009fc00000, 0x000000009fc00000|100%| O|  |TAMS 0x000000009fc00000, 0x000000009fb00000| Untracked 
| 508|0x000000009fc00000, 0x000000009fd00000, 0x000000009fd00000|100%| O|  |TAMS 0x000000009fd00000, 0x000000009fc00000| Updating 
| 509|0x000000009fd00000, 0x000000009fe00000, 0x000000009fe00000|100%| O|  |TAMS 0x000000009fe00000, 0x000000009fd00000| Updating 
| 510|0x000000009fe00000, 0x000000009ff00000, 0x000000009ff00000|100%| O|  |TAMS 0x000000009ff00000, 0x000000009fe00000| Untracked 
| 511|0x000000009ff00000, 0x00000000a0000000, 0x00000000a0000000|100%| O|  |TAMS 0x00000000a0000000, 0x000000009ff00000| Updating 
| 512|0x00000000a0000000, 0x00000000a0100000, 0x00000000a0100000|100%| O|  |TAMS 0x00000000a0100000, 0x00000000a0000000| Untracked 
| 513|0x00000000a0100000, 0x00000000a0200000, 0x00000000a0200000|100%| O|  |TAMS 0x00000000a0200000, 0x00000000a0100000| Untracked 
| 514|0x00000000a0200000, 0x00000000a0300000, 0x00000000a0300000|100%| O|  |TAMS 0x00000000a0300000, 0x00000000a0200000| Untracked 
| 515|0x00000000a0300000, 0x00000000a0400000, 0x00000000a0400000|100%| O|  |TAMS 0x00000000a0400000, 0x00000000a0300000| Untracked 
| 516|0x00000000a0400000, 0x00000000a0500000, 0x00000000a0500000|100%| O|  |TAMS 0x00000000a0500000, 0x00000000a0400000| Updating 
| 517|0x00000000a0500000, 0x00000000a0600000, 0x00000000a0600000|100%| O|  |TAMS 0x00000000a0600000, 0x00000000a0500000| Updating 
| 518|0x00000000a0600000, 0x00000000a0700000, 0x00000000a0700000|100%| O|  |TAMS 0x00000000a0700000, 0x00000000a0600000| Updating 
| 519|0x00000000a0700000, 0x00000000a0800000, 0x00000000a0800000|100%| O|  |TAMS 0x00000000a0800000, 0x00000000a0700000| Untracked 
| 520|0x00000000a0800000, 0x00000000a0900000, 0x00000000a0900000|100%| O|  |TAMS 0x00000000a0900000, 0x00000000a0800000| Untracked 
| 521|0x00000000a0900000, 0x00000000a0a00000, 0x00000000a0a00000|100%| O|  |TAMS 0x00000000a0a00000, 0x00000000a0900000| Untracked 
| 522|0x00000000a0a00000, 0x00000000a0b00000, 0x00000000a0b00000|100%| O|  |TAMS 0x00000000a0b00000, 0x00000000a0a00000| Updating 
| 523|0x00000000a0b00000, 0x00000000a0c00000, 0x00000000a0c00000|100%| O|  |TAMS 0x00000000a0c00000, 0x00000000a0b00000| Updating 
| 524|0x00000000a0c00000, 0x00000000a0d00000, 0x00000000a0d00000|100%| O|  |TAMS 0x00000000a0d00000, 0x00000000a0c00000| Updating 
| 525|0x00000000a0d00000, 0x00000000a0e00000, 0x00000000a0e00000|100%| O|  |TAMS 0x00000000a0e00000, 0x00000000a0d00000| Untracked 
| 526|0x00000000a0e00000, 0x00000000a0f00000, 0x00000000a0f00000|100%| O|  |TAMS 0x00000000a0f00000, 0x00000000a0e00000| Untracked 
| 527|0x00000000a0f00000, 0x00000000a1000000, 0x00000000a1000000|100%| O|  |TAMS 0x00000000a1000000, 0x00000000a0f00000| Updating 
| 528|0x00000000a1000000, 0x00000000a1100000, 0x00000000a1100000|100%| O|  |TAMS 0x00000000a1100000, 0x00000000a1000000| Untracked 
| 529|0x00000000a1100000, 0x00000000a1200000, 0x00000000a1200000|100%| O|  |TAMS 0x00000000a1200000, 0x00000000a1100000| Updating 
| 530|0x00000000a1200000, 0x00000000a1300000, 0x00000000a1300000|100%| O|  |TAMS 0x00000000a1300000, 0x00000000a1200000| Updating 
| 531|0x00000000a1300000, 0x00000000a1400000, 0x00000000a1400000|100%| O|  |TAMS 0x00000000a1400000, 0x00000000a1300000| Updating 
| 532|0x00000000a1400000, 0x00000000a1500000, 0x00000000a1500000|100%| O|  |TAMS 0x00000000a1500000, 0x00000000a1400000| Untracked 
| 533|0x00000000a1500000, 0x00000000a1600000, 0x00000000a1600000|100%| O|  |TAMS 0x00000000a1600000, 0x00000000a1500000| Updating 
| 534|0x00000000a1600000, 0x00000000a1700000, 0x00000000a1700000|100%| O|  |TAMS 0x00000000a1700000, 0x00000000a1600000| Updating 
| 535|0x00000000a1700000, 0x00000000a1800000, 0x00000000a1800000|100%| O|  |TAMS 0x00000000a1800000, 0x00000000a1700000| Untracked 
| 536|0x00000000a1800000, 0x00000000a1900000, 0x00000000a1900000|100%| O|  |TAMS 0x00000000a1900000, 0x00000000a1800000| Untracked 
| 537|0x00000000a1900000, 0x00000000a1a00000, 0x00000000a1a00000|100%| O|  |TAMS 0x00000000a1a00000, 0x00000000a1900000| Updating 
| 538|0x00000000a1a00000, 0x00000000a1b00000, 0x00000000a1b00000|100%| O|  |TAMS 0x00000000a1b00000, 0x00000000a1a00000| Updating 
| 539|0x00000000a1b00000, 0x00000000a1c00000, 0x00000000a1c00000|100%| O|  |TAMS 0x00000000a1c00000, 0x00000000a1b00000| Updating 
| 540|0x00000000a1c00000, 0x00000000a1d00000, 0x00000000a1d00000|100%| O|  |TAMS 0x00000000a1d00000, 0x00000000a1c00000| Untracked 
| 541|0x00000000a1d00000, 0x00000000a1e00000, 0x00000000a1e00000|100%| O|  |TAMS 0x00000000a1e00000, 0x00000000a1d00000| Untracked 
| 542|0x00000000a1e00000, 0x00000000a1f00000, 0x00000000a1f00000|100%| O|  |TAMS 0x00000000a1f00000, 0x00000000a1e00000| Untracked 
| 543|0x00000000a1f00000, 0x00000000a2000000, 0x00000000a2000000|100%| O|  |TAMS 0x00000000a2000000, 0x00000000a1f00000| Updating 
| 544|0x00000000a2000000, 0x00000000a2100000, 0x00000000a2100000|100%| O|  |TAMS 0x00000000a2100000, 0x00000000a2000000| Updating 
| 545|0x00000000a2100000, 0x00000000a2200000, 0x00000000a2200000|100%| O|  |TAMS 0x00000000a2200000, 0x00000000a2100000| Untracked 
| 546|0x00000000a2200000, 0x00000000a2300000, 0x00000000a2300000|100%| O|  |TAMS 0x00000000a2300000, 0x00000000a2200000| Untracked 
| 547|0x00000000a2300000, 0x00000000a2400000, 0x00000000a2400000|100%| O|  |TAMS 0x00000000a2400000, 0x00000000a2300000| Updating 
| 548|0x00000000a2400000, 0x00000000a2500000, 0x00000000a2500000|100%| O|  |TAMS 0x00000000a2500000, 0x00000000a2400000| Untracked 
| 549|0x00000000a2500000, 0x00000000a2600000, 0x00000000a2600000|100%| O|  |TAMS 0x00000000a2600000, 0x00000000a2500000| Untracked 
| 550|0x00000000a2600000, 0x00000000a2700000, 0x00000000a2700000|100%| O|  |TAMS 0x00000000a2700000, 0x00000000a2600000| Untracked 
| 551|0x00000000a2700000, 0x00000000a2800000, 0x00000000a2800000|100%| O|  |TAMS 0x00000000a2800000, 0x00000000a2700000| Untracked 
| 552|0x00000000a2800000, 0x00000000a2900000, 0x00000000a2900000|100%| O|  |TAMS 0x00000000a28ae600, 0x00000000a2800000| Updating 
| 553|0x00000000a2900000, 0x00000000a2a00000, 0x00000000a2a00000|100%| O|  |TAMS 0x00000000a2900000, 0x00000000a2900000| Untracked 
| 554|0x00000000a2a00000, 0x00000000a2b00000, 0x00000000a2b00000|100%| O|  |TAMS 0x00000000a2a00000, 0x00000000a2a00000| Untracked 
| 555|0x00000000a2b00000, 0x00000000a2c00000, 0x00000000a2c00000|100%| O|  |TAMS 0x00000000a2b00000, 0x00000000a2b00000| Untracked 
| 556|0x00000000a2c00000, 0x00000000a2cf5600, 0x00000000a2d00000| 95%| O|  |TAMS 0x00000000a2c00000, 0x00000000a2c00000| Untracked 
| 557|0x00000000a2d00000, 0x00000000a2e00000, 0x00000000a2e00000|100%|HS|  |TAMS 0x00000000a2d00000, 0x00000000a2d00000| Complete 
| 558|0x00000000a2e00000, 0x00000000a2f00000, 0x00000000a2f00000|100%|HC|  |TAMS 0x00000000a2e00000, 0x00000000a2e00000| Complete 
| 559|0x00000000a2f00000, 0x00000000a2f00000, 0x00000000a3000000|  0%| F|  |TAMS 0x00000000a2f00000, 0x00000000a2f00000| Untracked 
| 560|0x00000000a3000000, 0x00000000a3000000, 0x00000000a3100000|  0%| F|  |TAMS 0x00000000a3000000, 0x00000000a3000000| Untracked 
| 561|0x00000000a3100000, 0x00000000a3100000, 0x00000000a3200000|  0%| F|  |TAMS 0x00000000a3100000, 0x00000000a3100000| Untracked 
| 562|0x00000000a3200000, 0x00000000a3200000, 0x00000000a3300000|  0%| F|  |TAMS 0x00000000a3200000, 0x00000000a3200000| Untracked 
| 563|0x00000000a3300000, 0x00000000a3300000, 0x00000000a3400000|  0%| F|  |TAMS 0x00000000a3300000, 0x00000000a3300000| Untracked 
| 564|0x00000000a3400000, 0x00000000a3400000, 0x00000000a3500000|  0%| F|  |TAMS 0x00000000a3400000, 0x00000000a3400000| Untracked 
| 565|0x00000000a3500000, 0x00000000a3500000, 0x00000000a3600000|  0%| F|  |TAMS 0x00000000a3500000, 0x00000000a3500000| Untracked 
| 566|0x00000000a3600000, 0x00000000a3600000, 0x00000000a3700000|  0%| F|  |TAMS 0x00000000a3600000, 0x00000000a3600000| Untracked 
| 567|0x00000000a3700000, 0x00000000a3700000, 0x00000000a3800000|  0%| F|  |TAMS 0x00000000a3700000, 0x00000000a3700000| Untracked 
| 568|0x00000000a3800000, 0x00000000a3800000, 0x00000000a3900000|  0%| F|  |TAMS 0x00000000a3800000, 0x00000000a3800000| Untracked 
| 569|0x00000000a3900000, 0x00000000a3900000, 0x00000000a3a00000|  0%| F|  |TAMS 0x00000000a3900000, 0x00000000a3900000| Untracked 
| 570|0x00000000a3a00000, 0x00000000a3a00000, 0x00000000a3b00000|  0%| F|  |TAMS 0x00000000a3a00000, 0x00000000a3a00000| Untracked 
| 571|0x00000000a3b00000, 0x00000000a3b00000, 0x00000000a3c00000|  0%| F|  |TAMS 0x00000000a3b00000, 0x00000000a3b00000| Untracked 
| 572|0x00000000a3c00000, 0x00000000a3c00000, 0x00000000a3d00000|  0%| F|  |TAMS 0x00000000a3c00000, 0x00000000a3c00000| Untracked 
| 573|0x00000000a3d00000, 0x00000000a3d00000, 0x00000000a3e00000|  0%| F|  |TAMS 0x00000000a3d00000, 0x00000000a3d00000| Untracked 
| 574|0x00000000a3e00000, 0x00000000a3e00000, 0x00000000a3f00000|  0%| F|  |TAMS 0x00000000a3e00000, 0x00000000a3e00000| Untracked 
| 575|0x00000000a3f00000, 0x00000000a3f00000, 0x00000000a4000000|  0%| F|  |TAMS 0x00000000a3f00000, 0x00000000a3f00000| Untracked 
| 576|0x00000000a4000000, 0x00000000a4000000, 0x00000000a4100000|  0%| F|  |TAMS 0x00000000a4000000, 0x00000000a4000000| Untracked 
| 577|0x00000000a4100000, 0x00000000a4100000, 0x00000000a4200000|  0%| F|  |TAMS 0x00000000a4100000, 0x00000000a4100000| Untracked 
| 578|0x00000000a4200000, 0x00000000a4200000, 0x00000000a4300000|  0%| F|  |TAMS 0x00000000a4200000, 0x00000000a4200000| Untracked 
| 579|0x00000000a4300000, 0x00000000a4300000, 0x00000000a4400000|  0%| F|  |TAMS 0x00000000a4300000, 0x00000000a4300000| Untracked 
| 580|0x00000000a4400000, 0x00000000a4400000, 0x00000000a4500000|  0%| F|  |TAMS 0x00000000a4400000, 0x00000000a4400000| Untracked 
| 581|0x00000000a4500000, 0x00000000a4500000, 0x00000000a4600000|  0%| F|  |TAMS 0x00000000a4500000, 0x00000000a4500000| Untracked 
| 582|0x00000000a4600000, 0x00000000a4600000, 0x00000000a4700000|  0%| F|  |TAMS 0x00000000a4600000, 0x00000000a4600000| Untracked 
| 583|0x00000000a4700000, 0x00000000a4700000, 0x00000000a4800000|  0%| F|  |TAMS 0x00000000a4700000, 0x00000000a4700000| Untracked 
| 584|0x00000000a4800000, 0x00000000a4800000, 0x00000000a4900000|  0%| F|  |TAMS 0x00000000a4800000, 0x00000000a4800000| Untracked 
| 585|0x00000000a4900000, 0x00000000a4900000, 0x00000000a4a00000|  0%| F|  |TAMS 0x00000000a4900000, 0x00000000a4900000| Untracked 
| 586|0x00000000a4a00000, 0x00000000a4a00000, 0x00000000a4b00000|  0%| F|  |TAMS 0x00000000a4a00000, 0x00000000a4a00000| Untracked 
| 587|0x00000000a4b00000, 0x00000000a4b00000, 0x00000000a4c00000|  0%| F|  |TAMS 0x00000000a4b00000, 0x00000000a4b00000| Untracked 
| 588|0x00000000a4c00000, 0x00000000a4c00000, 0x00000000a4d00000|  0%| F|  |TAMS 0x00000000a4c00000, 0x00000000a4c00000| Untracked 
| 589|0x00000000a4d00000, 0x00000000a4d00000, 0x00000000a4e00000|  0%| F|  |TAMS 0x00000000a4d00000, 0x00000000a4d00000| Untracked 
| 590|0x00000000a4e00000, 0x00000000a4e00000, 0x00000000a4f00000|  0%| F|  |TAMS 0x00000000a4e00000, 0x00000000a4e00000| Untracked 
| 591|0x00000000a4f00000, 0x00000000a4f00000, 0x00000000a5000000|  0%| F|  |TAMS 0x00000000a4f00000, 0x00000000a4f00000| Untracked 
| 592|0x00000000a5000000, 0x00000000a5000000, 0x00000000a5100000|  0%| F|  |TAMS 0x00000000a5000000, 0x00000000a5000000| Untracked 
| 593|0x00000000a5100000, 0x00000000a5100000, 0x00000000a5200000|  0%| F|  |TAMS 0x00000000a5100000, 0x00000000a5100000| Untracked 
| 594|0x00000000a5200000, 0x00000000a5200000, 0x00000000a5300000|  0%| F|  |TAMS 0x00000000a5200000, 0x00000000a5200000| Untracked 
| 595|0x00000000a5300000, 0x00000000a5300000, 0x00000000a5400000|  0%| F|  |TAMS 0x00000000a5300000, 0x00000000a5300000| Untracked 
| 596|0x00000000a5400000, 0x00000000a5400000, 0x00000000a5500000|  0%| F|  |TAMS 0x00000000a5400000, 0x00000000a5400000| Untracked 
| 597|0x00000000a5500000, 0x00000000a5500000, 0x00000000a5600000|  0%| F|  |TAMS 0x00000000a5500000, 0x00000000a5500000| Untracked 
| 598|0x00000000a5600000, 0x00000000a5600000, 0x00000000a5700000|  0%| F|  |TAMS 0x00000000a5600000, 0x00000000a5600000| Untracked 
| 599|0x00000000a5700000, 0x00000000a5700000, 0x00000000a5800000|  0%| F|  |TAMS 0x00000000a5700000, 0x00000000a5700000| Untracked 
| 600|0x00000000a5800000, 0x00000000a5800000, 0x00000000a5900000|  0%| F|  |TAMS 0x00000000a5800000, 0x00000000a5800000| Untracked 
| 601|0x00000000a5900000, 0x00000000a5900000, 0x00000000a5a00000|  0%| F|  |TAMS 0x00000000a5900000, 0x00000000a5900000| Untracked 
| 602|0x00000000a5a00000, 0x00000000a5a00000, 0x00000000a5b00000|  0%| F|  |TAMS 0x00000000a5a00000, 0x00000000a5a00000| Untracked 
| 603|0x00000000a5b00000, 0x00000000a5b00000, 0x00000000a5c00000|  0%| F|  |TAMS 0x00000000a5b00000, 0x00000000a5b00000| Untracked 
| 604|0x00000000a5c00000, 0x00000000a5c00000, 0x00000000a5d00000|  0%| F|  |TAMS 0x00000000a5c00000, 0x00000000a5c00000| Untracked 
| 605|0x00000000a5d00000, 0x00000000a5d00000, 0x00000000a5e00000|  0%| F|  |TAMS 0x00000000a5d00000, 0x00000000a5d00000| Untracked 
| 606|0x00000000a5e00000, 0x00000000a5e00000, 0x00000000a5f00000|  0%| F|  |TAMS 0x00000000a5e00000, 0x00000000a5e00000| Untracked 
| 607|0x00000000a5f00000, 0x00000000a5f00000, 0x00000000a6000000|  0%| F|  |TAMS 0x00000000a5f00000, 0x00000000a5f00000| Untracked 
| 608|0x00000000a6000000, 0x00000000a6100000, 0x00000000a6100000|100%| S|CS|TAMS 0x00000000a6000000, 0x00000000a6000000| Complete 
| 609|0x00000000a6100000, 0x00000000a6100000, 0x00000000a6200000|  0%| F|  |TAMS 0x00000000a6100000, 0x00000000a6100000| Untracked 
| 610|0x00000000a6200000, 0x00000000a6200000, 0x00000000a6300000|  0%| F|  |TAMS 0x00000000a6200000, 0x00000000a6200000| Untracked 
| 611|0x00000000a6300000, 0x00000000a6400000, 0x00000000a6400000|100%| S|CS|TAMS 0x00000000a6300000, 0x00000000a6300000| Complete 
| 612|0x00000000a6400000, 0x00000000a6400000, 0x00000000a6500000|  0%| F|  |TAMS 0x00000000a6400000, 0x00000000a6400000| Untracked 
| 613|0x00000000a6500000, 0x00000000a6600000, 0x00000000a6600000|100%| S|CS|TAMS 0x00000000a6500000, 0x00000000a6500000| Complete 
| 614|0x00000000a6600000, 0x00000000a6700000, 0x00000000a6700000|100%| S|CS|TAMS 0x00000000a6600000, 0x00000000a6600000| Complete 
| 615|0x00000000a6700000, 0x00000000a6700000, 0x00000000a6800000|  0%| F|  |TAMS 0x00000000a6700000, 0x00000000a6700000| Untracked 
| 616|0x00000000a6800000, 0x00000000a6800000, 0x00000000a6900000|  0%| F|  |TAMS 0x00000000a6800000, 0x00000000a6800000| Untracked 
| 617|0x00000000a6900000, 0x00000000a6900000, 0x00000000a6a00000|  0%| F|  |TAMS 0x00000000a6900000, 0x00000000a6900000| Untracked 
| 618|0x00000000a6a00000, 0x00000000a6a00000, 0x00000000a6b00000|  0%| F|  |TAMS 0x00000000a6a00000, 0x00000000a6a00000| Untracked 
| 619|0x00000000a6b00000, 0x00000000a6b00000, 0x00000000a6c00000|  0%| F|  |TAMS 0x00000000a6b00000, 0x00000000a6b00000| Untracked 
| 620|0x00000000a6c00000, 0x00000000a6c00000, 0x00000000a6d00000|  0%| F|  |TAMS 0x00000000a6c00000, 0x00000000a6c00000| Untracked 
| 621|0x00000000a6d00000, 0x00000000a6d00000, 0x00000000a6e00000|  0%| F|  |TAMS 0x00000000a6d00000, 0x00000000a6d00000| Untracked 
| 622|0x00000000a6e00000, 0x00000000a6e00000, 0x00000000a6f00000|  0%| F|  |TAMS 0x00000000a6e00000, 0x00000000a6e00000| Untracked 
| 623|0x00000000a6f00000, 0x00000000a6f00000, 0x00000000a7000000|  0%| F|  |TAMS 0x00000000a6f00000, 0x00000000a6f00000| Untracked 
| 624|0x00000000a7000000, 0x00000000a7000000, 0x00000000a7100000|  0%| F|  |TAMS 0x00000000a7000000, 0x00000000a7000000| Untracked 
| 625|0x00000000a7100000, 0x00000000a71def08, 0x00000000a7200000| 87%| E|  |TAMS 0x00000000a7100000, 0x00000000a7100000| Complete 
| 626|0x00000000a7200000, 0x00000000a7300000, 0x00000000a7300000|100%| E|CS|TAMS 0x00000000a7200000, 0x00000000a7200000| Complete 
| 627|0x00000000a7300000, 0x00000000a7400000, 0x00000000a7400000|100%| E|CS|TAMS 0x00000000a7300000, 0x00000000a7300000| Complete 
| 628|0x00000000a7400000, 0x00000000a7500000, 0x00000000a7500000|100%| E|CS|TAMS 0x00000000a7400000, 0x00000000a7400000| Complete 
| 629|0x00000000a7500000, 0x00000000a7600000, 0x00000000a7600000|100%| E|CS|TAMS 0x00000000a7500000, 0x00000000a7500000| Complete 
| 630|0x00000000a7600000, 0x00000000a7700000, 0x00000000a7700000|100%| E|  |TAMS 0x00000000a7600000, 0x00000000a7600000| Complete 
| 631|0x00000000a7700000, 0x00000000a7800000, 0x00000000a7800000|100%| E|CS|TAMS 0x00000000a7700000, 0x00000000a7700000| Complete 
| 632|0x00000000a7800000, 0x00000000a7900000, 0x00000000a7900000|100%| E|CS|TAMS 0x00000000a7800000, 0x00000000a7800000| Complete 
| 633|0x00000000a7900000, 0x00000000a7a00000, 0x00000000a7a00000|100%| E|CS|TAMS 0x00000000a7900000, 0x00000000a7900000| Complete 
| 634|0x00000000a7a00000, 0x00000000a7b00000, 0x00000000a7b00000|100%| E|CS|TAMS 0x00000000a7a00000, 0x00000000a7a00000| Complete 
| 635|0x00000000a7b00000, 0x00000000a7c00000, 0x00000000a7c00000|100%| E|CS|TAMS 0x00000000a7b00000, 0x00000000a7b00000| Complete 
| 636|0x00000000a7c00000, 0x00000000a7d00000, 0x00000000a7d00000|100%| E|CS|TAMS 0x00000000a7c00000, 0x00000000a7c00000| Complete 
| 637|0x00000000a7d00000, 0x00000000a7e00000, 0x00000000a7e00000|100%| E|CS|TAMS 0x00000000a7d00000, 0x00000000a7d00000| Complete 
| 638|0x00000000a7e00000, 0x00000000a7f00000, 0x00000000a7f00000|100%| E|CS|TAMS 0x00000000a7e00000, 0x00000000a7e00000| Complete 
| 639|0x00000000a7f00000, 0x00000000a8000000, 0x00000000a8000000|100%| E|CS|TAMS 0x00000000a7f00000, 0x00000000a7f00000| Complete 
| 640|0x00000000a8000000, 0x00000000a8100000, 0x00000000a8100000|100%| E|CS|TAMS 0x00000000a8000000, 0x00000000a8000000| Complete 
| 641|0x00000000a8100000, 0x00000000a8200000, 0x00000000a8200000|100%| E|CS|TAMS 0x00000000a8100000, 0x00000000a8100000| Complete 
| 642|0x00000000a8200000, 0x00000000a8300000, 0x00000000a8300000|100%| E|CS|TAMS 0x00000000a8200000, 0x00000000a8200000| Complete 
| 643|0x00000000a8300000, 0x00000000a8400000, 0x00000000a8400000|100%| E|CS|TAMS 0x00000000a8300000, 0x00000000a8300000| Complete 

Card table byte_map: [0x000001c2bff70000,0x000001c2c0370000] _byte_map_base: 0x000001c2bfb70000

Marking Bits (Prev, Next): (CMBitMap*) 0x000001c2a8d7bb70, (CMBitMap*) 0x000001c2a8d7bb30
 Prev Bits: [0x000001c2c2770000, 0x000001c2c4770000)
 Next Bits: [0x000001c2c0770000, 0x000001c2c2770000)

Polling page: 0x000001c2a84d0000

Metaspace:

Usage:
  Non-class:    128.27 MB used.
      Class:     19.98 MB used.
       Both:    148.26 MB used.

Virtual space:
  Non-class space:      192.00 MB reserved,     130.12 MB ( 68%) committed,  3 nodes.
      Class space:      416.00 MB reserved,      21.19 MB (  5%) committed,  1 nodes.
             Both:      608.00 MB reserved,     151.31 MB ( 25%) committed. 

Chunk freelists:
   Non-Class:  14.46 MB
       Class:  11.06 MB
        Both:  25.52 MB

MaxMetaspaceSize: 512.00 MB
CompressedClassSpaceSize: 416.00 MB
Initial GC threshold: 21.00 MB
Current GC threshold: 159.06 MB
CDS: on
MetaspaceReclaimPolicy: balanced
 - commit_granule_bytes: 65536.
 - commit_granule_words: 8192.
 - virtual_space_node_default_size: 8388608.
 - enlarge_chunks_in_place: 1.
 - new_chunks_are_fully_committed: 0.
 - uncommit_free_chunks: 1.
 - use_allocation_guard: 0.
 - handle_deallocations: 1.


Internal statistics:

num_allocs_failed_limit: 9.
num_arena_births: 3674.
num_arena_deaths: 596.
num_vsnodes_births: 4.
num_vsnodes_deaths: 0.
num_space_committed: 2419.
num_space_uncommitted: 0.
num_chunks_returned_to_freelist: 785.
num_chunks_taken_from_freelist: 11047.
num_chunk_merges: 283.
num_chunk_splits: 6730.
num_chunks_enlarged: 3710.
num_inconsistent_stats: 0.

CodeHeap 'non-profiled nmethods': size=120000Kb used=21205Kb max_used=21205Kb free=98794Kb
 bounds [0x000001c2b8310000, 0x000001c2b97d0000, 0x000001c2bf840000]
CodeHeap 'profiled nmethods': size=120000Kb used=50026Kb max_used=50026Kb free=69973Kb
 bounds [0x000001c2b0840000, 0x000001c2b3920000, 0x000001c2b7d70000]
CodeHeap 'non-nmethods': size=5760Kb used=2517Kb max_used=2626Kb free=3242Kb
 bounds [0x000001c2b7d70000, 0x000001c2b8010000, 0x000001c2b8310000]
 total_blobs=27427 nmethods=26365 adapters=972
 compilation: enabled
              stopped_count=0, restarted_count=0
 full_count=0

Compilation events (20 events):
Event: 2636.076 Thread 0x000001c2c71a45c0 33946       3       com.sun.tools.javac.util.List::isEmpty (13 bytes)
Event: 2636.076 Thread 0x000001c2c71a45c0 nmethod 33946 0x000001c2b3918590 code [0x000001c2b3918720, 0x000001c2b3918898]
Event: 2636.080 Thread 0x000001c2c71a45c0 33947       3       java.util.jar.JarFile::<init> (8 bytes)
Event: 2636.080 Thread 0x000001c2c71a45c0 nmethod 33947 0x000001c2b3918910 code [0x000001c2b3918aa0, 0x000001c2b3918be8]
Event: 2636.080 Thread 0x000001c2c71a45c0 33948       3       java.util.jar.JarFile::<init> (11 bytes)
Event: 2636.080 Thread 0x000001c2c71a45c0 nmethod 33948 0x000001c2b3918c90 code [0x000001c2b3918e40, 0x000001c2b3918f88]
Event: 2636.084 Thread 0x000001c2c71a45c0 33949       3       com.sun.tools.javac.main.Option::matches (43 bytes)
Event: 2636.085 Thread 0x000001c2c71a45c0 nmethod 33949 0x000001c2b3919010 code [0x000001c2b39191c0, 0x000001c2b3919468]
Event: 2636.087 Thread 0x000001c2c71a1b00 33951       4       java.lang.invoke.DirectMethodHandle::preparedLambdaForm (244 bytes)
Event: 2636.088 Thread 0x000001c2c71a45c0 33955       3       java.util.EnumMap::put (10 bytes)
Event: 2636.088 Thread 0x000001c2c71a45c0 nmethod 33955 0x000001c2b3919590 code [0x000001c2b3919740, 0x000001c2b3919988]
Event: 2636.132 Thread 0x000001c2c71a45c0 33957   !   3       jdk.internal.jimage.BasicImageReader::slice (32 bytes)
Event: 2636.132 Thread 0x000001c2c71a45c0 nmethod 33957 0x000001c2b3919a90 code [0x000001c2b3919c60, 0x000001c2b391a088]
Event: 2636.132 Thread 0x000001c2c71a45c0 33958       3       java.nio.DirectByteBufferR::<init> (25 bytes)
Event: 2636.132 Thread 0x000001c2c71a45c0 nmethod 33958 0x000001c2b391a210 code [0x000001c2b391a3a0, 0x000001c2b391a528]
Event: 2636.132 Thread 0x000001c2c71a45c0 33959   !   3       jdk.internal.jimage.BasicImageReader::readBuffer (238 bytes)
Event: 2636.133 Thread 0x000001c2c71a45c0 nmethod 33959 0x000001c2b391a610 code [0x000001c2b391a900, 0x000001c2b391b678]
Event: 2636.154 Thread 0x000001c2c71a1b00 nmethod 33951 0x000001c2b97bff90 code [0x000001c2b97c03a0, 0x000001c2b97c3aa0]
Event: 2636.170 Thread 0x000001c2c71a45c0 33960       3       jdk.internal.jimage.ImageLocation::verify (38 bytes)
Event: 2636.170 Thread 0x000001c2c71a45c0 nmethod 33960 0x000001c2b391bb90 code [0x000001c2b391bda0, 0x000001c2b391c368]

GC Heap History (20 events):
Event: 2628.704 GC heap before
{Heap before GC invocations=76 (full 0):
 garbage-first heap   total 659456K, used 579175K [0x0000000080000000, 0x0000000100000000)
  region size 1024K, 32 young (32768K), 5 survivors (5120K)
 Metaspace       used 148709K, committed 151040K, reserved 557056K
  class space    used 20160K, committed 21248K, reserved 425984K
}
Event: 2628.714 GC heap after
{Heap after GC invocations=77 (full 0):
 garbage-first heap   total 659456K, used 555207K [0x0000000080000000, 0x0000000100000000)
  region size 1024K, 3 young (3072K), 3 survivors (3072K)
 Metaspace       used 148709K, committed 151040K, reserved 557056K
  class space    used 20160K, committed 21248K, reserved 425984K
}
Event: 2629.020 GC heap before
{Heap before GC invocations=77 (full 0):
 garbage-first heap   total 659456K, used 583879K [0x0000000080000000, 0x0000000100000000)
  region size 1024K, 32 young (32768K), 3 survivors (3072K)
 Metaspace       used 148720K, committed 151040K, reserved 557056K
  class space    used 20160K, committed 21248K, reserved 425984K
}
Event: 2629.026 GC heap after
{Heap after GC invocations=78 (full 0):
 garbage-first heap   total 659456K, used 556440K [0x0000000080000000, 0x0000000100000000)
  region size 1024K, 4 young (4096K), 4 survivors (4096K)
 Metaspace       used 148720K, committed 151040K, reserved 557056K
  class space    used 20160K, committed 21248K, reserved 425984K
}
Event: 2629.327 GC heap before
{Heap before GC invocations=78 (full 0):
 garbage-first heap   total 659456K, used 585112K [0x0000000080000000, 0x0000000100000000)
  region size 1024K, 32 young (32768K), 4 survivors (4096K)
 Metaspace       used 148733K, committed 151040K, reserved 557056K
  class space    used 20160K, committed 21248K, reserved 425984K
}
Event: 2629.334 GC heap after
{Heap after GC invocations=79 (full 0):
 garbage-first heap   total 659456K, used 557649K [0x0000000080000000, 0x0000000100000000)
  region size 1024K, 3 young (3072K), 3 survivors (3072K)
 Metaspace       used 148733K, committed 151040K, reserved 557056K
  class space    used 20160K, committed 21248K, reserved 425984K
}
Event: 2629.622 GC heap before
{Heap before GC invocations=79 (full 0):
 garbage-first heap   total 659456K, used 587345K [0x0000000080000000, 0x0000000100000000)
  region size 1024K, 32 young (32768K), 3 survivors (3072K)
 Metaspace       used 148740K, committed 151040K, reserved 557056K
  class space    used 20160K, committed 21248K, reserved 425984K
}
Event: 2629.628 GC heap after
{Heap after GC invocations=80 (full 0):
 garbage-first heap   total 659456K, used 558792K [0x0000000080000000, 0x0000000100000000)
  region size 1024K, 3 young (3072K), 3 survivors (3072K)
 Metaspace       used 148740K, committed 151040K, reserved 557056K
  class space    used 20160K, committed 21248K, reserved 425984K
}
Event: 2630.013 GC heap before
{Heap before GC invocations=80 (full 0):
 garbage-first heap   total 659456K, used 587464K [0x0000000080000000, 0x0000000100000000)
  region size 1024K, 32 young (32768K), 3 survivors (3072K)
 Metaspace       used 148949K, committed 151296K, reserved 557056K
  class space    used 20183K, committed 21312K, reserved 425984K
}
Event: 2630.020 GC heap after
{Heap after GC invocations=81 (full 0):
 garbage-first heap   total 659456K, used 561347K [0x0000000080000000, 0x0000000100000000)
  region size 1024K, 4 young (4096K), 4 survivors (4096K)
 Metaspace       used 148949K, committed 151296K, reserved 557056K
  class space    used 20183K, committed 21312K, reserved 425984K
}
Event: 2630.255 GC heap before
{Heap before GC invocations=81 (full 0):
 garbage-first heap   total 659456K, used 590019K [0x0000000080000000, 0x0000000100000000)
  region size 1024K, 32 young (32768K), 4 survivors (4096K)
 Metaspace       used 148969K, committed 151360K, reserved 557056K
  class space    used 20187K, committed 21312K, reserved 425984K
}
Event: 2630.307 GC heap after
{Heap after GC invocations=82 (full 0):
 garbage-first heap   total 659456K, used 562757K [0x0000000080000000, 0x0000000100000000)
  region size 1024K, 2 young (2048K), 2 survivors (2048K)
 Metaspace       used 148969K, committed 151360K, reserved 557056K
  class space    used 20187K, committed 21312K, reserved 425984K
}
Event: 2634.715 GC heap before
{Heap before GC invocations=82 (full 0):
 garbage-first heap   total 659456K, used 592453K [0x0000000080000000, 0x0000000100000000)
  region size 1024K, 32 young (32768K), 2 survivors (2048K)
 Metaspace       used 149086K, committed 151424K, reserved 557056K
  class space    used 20192K, committed 21312K, reserved 425984K
}
Event: 2634.721 GC heap after
{Heap after GC invocations=83 (full 0):
 garbage-first heap   total 659456K, used 564076K [0x0000000080000000, 0x0000000100000000)
  region size 1024K, 3 young (3072K), 3 survivors (3072K)
 Metaspace       used 149086K, committed 151424K, reserved 557056K
  class space    used 20192K, committed 21312K, reserved 425984K
}
Event: 2634.996 GC heap before
{Heap before GC invocations=83 (full 0):
 garbage-first heap   total 659456K, used 592748K [0x0000000080000000, 0x0000000100000000)
  region size 1024K, 32 young (32768K), 3 survivors (3072K)
 Metaspace       used 149572K, committed 151936K, reserved 557056K
  class space    used 20254K, committed 21376K, reserved 425984K
}
Event: 2635.003 GC heap after
{Heap after GC invocations=84 (full 0):
 garbage-first heap   total 659456K, used 565526K [0x0000000080000000, 0x0000000100000000)
  region size 1024K, 4 young (4096K), 4 survivors (4096K)
 Metaspace       used 149572K, committed 151936K, reserved 557056K
  class space    used 20254K, committed 21376K, reserved 425984K
}
Event: 2635.102 GC heap before
{Heap before GC invocations=84 (full 0):
 garbage-first heap   total 659456K, used 593174K [0x0000000080000000, 0x0000000100000000)
  region size 1024K, 32 young (32768K), 4 survivors (4096K)
 Metaspace       used 149896K, committed 152256K, reserved 622592K
  class space    used 20295K, committed 21440K, reserved 425984K
}
Event: 2635.114 GC heap after
{Heap after GC invocations=85 (full 0):
 garbage-first heap   total 659456K, used 570041K [0x0000000080000000, 0x0000000100000000)
  region size 1024K, 4 young (4096K), 4 survivors (4096K)
 Metaspace       used 149896K, committed 152256K, reserved 622592K
  class space    used 20295K, committed 21440K, reserved 425984K
}
Event: 2635.326 GC heap before
{Heap before GC invocations=85 (full 0):
 garbage-first heap   total 659456K, used 597689K [0x0000000080000000, 0x0000000100000000)
  region size 1024K, 32 young (32768K), 4 survivors (4096K)
 Metaspace       used 150460K, committed 152768K, reserved 622592K
  class space    used 20351K, committed 21440K, reserved 425984K
}
Event: 2635.342 GC heap after
{Heap after GC invocations=86 (full 0):
 garbage-first heap   total 659456K, used 574421K [0x0000000080000000, 0x0000000100000000)
  region size 1024K, 4 young (4096K), 4 survivors (4096K)
 Metaspace       used 150460K, committed 152768K, reserved 622592K
  class space    used 20351K, committed 21440K, reserved 425984K
}

Dll operation events (17 events):
Event: 0.011 Loaded shared library C:\Program Files\Microsoft\jdk-17.0.11.9-hotspot\bin\java.dll
Event: 0.029 Loaded shared library C:\Program Files\Microsoft\jdk-17.0.11.9-hotspot\bin\jsvml.dll
Event: 0.075 Loaded shared library C:\Program Files\Microsoft\jdk-17.0.11.9-hotspot\bin\zip.dll
Event: 0.083 Loaded shared library C:\Program Files\Microsoft\jdk-17.0.11.9-hotspot\bin\instrument.dll
Event: 0.089 Loaded shared library C:\Program Files\Microsoft\jdk-17.0.11.9-hotspot\bin\net.dll
Event: 0.091 Loaded shared library C:\Program Files\Microsoft\jdk-17.0.11.9-hotspot\bin\nio.dll
Event: 0.095 Loaded shared library C:\Program Files\Microsoft\jdk-17.0.11.9-hotspot\bin\zip.dll
Event: 0.335 Loaded shared library C:\Program Files\Microsoft\jdk-17.0.11.9-hotspot\bin\jimage.dll
Event: 0.423 Loaded shared library C:\Program Files\Microsoft\jdk-17.0.11.9-hotspot\bin\verify.dll
Event: 0.630 Loaded shared library C:\Users\anand\.gradle\native\c067742578af261105cb4f569cf0c3c89f3d7b1fecec35dd04571415982c5e48\windows-amd64\native-platform.dll
Event: 0.642 Loaded shared library C:\Users\anand\.gradle\native\38dada09dfb8b06ba9b0570ebf7e218e3eb74d4ef43ca46872605cf95ebc2f47\windows-amd64\native-platform-file-events.dll
Event: 1.838 Loaded shared library C:\Program Files\Microsoft\jdk-17.0.11.9-hotspot\bin\management.dll
Event: 1.841 Loaded shared library C:\Program Files\Microsoft\jdk-17.0.11.9-hotspot\bin\management_ext.dll
Event: 2.174 Loaded shared library C:\Program Files\Microsoft\jdk-17.0.11.9-hotspot\bin\extnet.dll
Event: 2.460 Loaded shared library C:\Program Files\Microsoft\jdk-17.0.11.9-hotspot\bin\sunmscapi.dll
Event: 665.060 Loaded shared library C:\Users\anand\AppData\Local\Temp\native-platform16736298750522615588dir\native-platform.dll
Event: 667.274 Loaded shared library C:\Program Files\Microsoft\jdk-17.0.11.9-hotspot\bin\rmi.dll

Deoptimization events (20 events):
Event: 2635.612 Thread 0x000001c2eb6958e0 Uncommon trap: trap_request=0xffffffc6 fr.pc=0x000001c2b9678d18 relative=0x0000000000002658
Event: 2635.612 Thread 0x000001c2eb6958e0 Uncommon trap: reason=bimorphic_or_optimized_type_check action=maybe_recompile pc=0x000001c2b9678d18 method=java.util.stream.Collectors$$Lambda$937/0x000001c2c9430a90.accept(Ljava/lang/Object;Ljava/lang/Object;)V @ 5 c2
Event: 2635.612 Thread 0x000001c2eb6958e0 DEOPT PACKING pc=0x000001c2b9678d18 sp=0x000000a8956f8d70
Event: 2635.612 Thread 0x000001c2eb6958e0 DEOPT UNPACKING pc=0x000001c2b7dc69a3 sp=0x000000a8956f8d50 mode 2
Event: 2635.612 Thread 0x000001c2eb6958e0 Uncommon trap: trap_request=0xffffffc6 fr.pc=0x000001c2b9678d18 relative=0x0000000000002658
Event: 2635.612 Thread 0x000001c2eb6958e0 Uncommon trap: reason=bimorphic_or_optimized_type_check action=maybe_recompile pc=0x000001c2b9678d18 method=java.util.stream.Collectors$$Lambda$937/0x000001c2c9430a90.accept(Ljava/lang/Object;Ljava/lang/Object;)V @ 5 c2
Event: 2635.612 Thread 0x000001c2eb6958e0 DEOPT PACKING pc=0x000001c2b9678d18 sp=0x000000a8956f8d70
Event: 2635.613 Thread 0x000001c2eb6958e0 DEOPT UNPACKING pc=0x000001c2b7dc69a3 sp=0x000000a8956f8d50 mode 2
Event: 2635.613 Thread 0x000001c2eb6958e0 Uncommon trap: trap_request=0xffffffc6 fr.pc=0x000001c2b9678d18 relative=0x0000000000002658
Event: 2635.613 Thread 0x000001c2eb6958e0 Uncommon trap: reason=bimorphic_or_optimized_type_check action=maybe_recompile pc=0x000001c2b9678d18 method=java.util.stream.Collectors$$Lambda$937/0x000001c2c9430a90.accept(Ljava/lang/Object;Ljava/lang/Object;)V @ 5 c2
Event: 2635.613 Thread 0x000001c2eb6958e0 DEOPT PACKING pc=0x000001c2b9678d18 sp=0x000000a8956f8d70
Event: 2635.613 Thread 0x000001c2eb6958e0 DEOPT UNPACKING pc=0x000001c2b7dc69a3 sp=0x000000a8956f8d50 mode 2
Event: 2635.798 Thread 0x000001c2eb6958e0 Uncommon trap: trap_request=0xffffffc6 fr.pc=0x000001c2b9180508 relative=0x0000000000000348
Event: 2635.798 Thread 0x000001c2eb6958e0 Uncommon trap: reason=bimorphic_or_optimized_type_check action=maybe_recompile pc=0x000001c2b9180508 method=java.util.Spliterators$ArraySpliterator.tryAdvance(Ljava/util/function/Consumer;)Z @ 49 c2
Event: 2635.798 Thread 0x000001c2eb6958e0 DEOPT PACKING pc=0x000001c2b9180508 sp=0x000000a8956f92e0
Event: 2635.798 Thread 0x000001c2eb6958e0 DEOPT UNPACKING pc=0x000001c2b7dc69a3 sp=0x000000a8956f9260 mode 2
Event: 2635.834 Thread 0x000001c2eb6958e0 Uncommon trap: trap_request=0xffffff45 fr.pc=0x000001c2b92a1398 relative=0x0000000000004998
Event: 2635.834 Thread 0x000001c2eb6958e0 Uncommon trap: reason=unstable_if action=reinterpret pc=0x000001c2b92a1398 method=java.util.regex.Pattern.split(Ljava/lang/CharSequence;I)[Ljava/lang/String; @ 230 c2
Event: 2635.834 Thread 0x000001c2eb6958e0 DEOPT PACKING pc=0x000001c2b92a1398 sp=0x000000a8956f8f80
Event: 2635.834 Thread 0x000001c2eb6958e0 DEOPT UNPACKING pc=0x000001c2b7dc69a3 sp=0x000000a8956f8ee8 mode 2

Classes unloaded (20 events):
Event: 2636.189 Thread 0x000001c2c7179a00 Unloading class 0x000001c2c91cd400 'java/lang/invoke/LambdaForm$MH+0x000001c2c91cd400'
Event: 2636.189 Thread 0x000001c2c7179a00 Unloading class 0x000001c2c91cc400 'java/lang/invoke/LambdaForm$MH+0x000001c2c91cc400'
Event: 2636.189 Thread 0x000001c2c7179a00 Unloading class 0x000001c2c91cc000 'java/lang/invoke/LambdaForm$BMH+0x000001c2c91cc000'
Event: 2636.189 Thread 0x000001c2c7179a00 Unloading class 0x000001c2c9100400 'java/lang/invoke/LambdaForm$DMH+0x000001c2c9100400'
Event: 2636.189 Thread 0x000001c2c7179a00 Unloading class 0x000001c2c90f5c00 'java/lang/invoke/LambdaForm$DMH+0x000001c2c90f5c00'
Event: 2636.189 Thread 0x000001c2c7179a00 Unloading class 0x000001c2c90f5800 'java/lang/invoke/LambdaForm$MH+0x000001c2c90f5800'
Event: 2636.189 Thread 0x000001c2c7179a00 Unloading class 0x000001c2c90f5400 'java/lang/invoke/LambdaForm$MH+0x000001c2c90f5400'
Event: 2636.189 Thread 0x000001c2c7179a00 Unloading class 0x000001c2c90f5000 'java/lang/invoke/LambdaForm$MH+0x000001c2c90f5000'
Event: 2636.189 Thread 0x000001c2c7179a00 Unloading class 0x000001c2c90f4c00 'java/lang/invoke/LambdaForm$MH+0x000001c2c90f4c00'
Event: 2636.189 Thread 0x000001c2c7179a00 Unloading class 0x000001c2c90f4800 'java/lang/invoke/LambdaForm$MH+0x000001c2c90f4800'
Event: 2636.189 Thread 0x000001c2c7179a00 Unloading class 0x000001c2c90d1000 'java/lang/invoke/LambdaForm$MH+0x000001c2c90d1000'
Event: 2636.189 Thread 0x000001c2c7179a00 Unloading class 0x000001c2c90d0800 'java/lang/invoke/LambdaForm$MH+0x000001c2c90d0800'
Event: 2636.189 Thread 0x000001c2c7179a00 Unloading class 0x000001c2c90d0400 'java/lang/invoke/LambdaForm$MH+0x000001c2c90d0400'
Event: 2636.189 Thread 0x000001c2c7179a00 Unloading class 0x000001c2c90d0000 'java/lang/invoke/LambdaForm$MH+0x000001c2c90d0000'
Event: 2636.189 Thread 0x000001c2c7179a00 Unloading class 0x000001c2c90cdc00 'java/lang/invoke/LambdaForm$MH+0x000001c2c90cdc00'
Event: 2636.189 Thread 0x000001c2c7179a00 Unloading class 0x000001c2c90cd400 'java/lang/invoke/LambdaForm$MH+0x000001c2c90cd400'
Event: 2636.189 Thread 0x000001c2c7179a00 Unloading class 0x000001c2c9084000 'java/lang/invoke/LambdaForm$DMH+0x000001c2c9084000'
Event: 2636.189 Thread 0x000001c2c7179a00 Unloading class 0x000001c2c902ac00 'java/lang/invoke/LambdaForm$MH+0x000001c2c902ac00'
Event: 2636.189 Thread 0x000001c2c7179a00 Unloading class 0x000001c2c902a800 'java/lang/invoke/LambdaForm$MH+0x000001c2c902a800'
Event: 2636.189 Thread 0x000001c2c7179a00 Unloading class 0x000001c2c9028400 'java/lang/invoke/LambdaForm$MH+0x000001c2c9028400'

Classes redefined (0 events):
No events

Internal exceptions (20 events):
Event: 2631.089 Thread 0x000001c2eb694ec0 Exception <a 'sun/nio/fs/WindowsException'{0x00000000a78c10a8}> (0x00000000a78c10a8) 
thrown [s\src\hotspot\share\prims\jni.cpp, line 516]
Event: 2631.131 Thread 0x000001c2eb694ec0 Implicit null exception at 0x000001c2b9728dcd to 0x000001c2b9728ef2
Event: 2631.131 Thread 0x000001c2eb694ec0 Implicit null exception at 0x000001c2b97294a5 to 0x000001c2b9729612
Event: 2631.687 Thread 0x000001c2eb693060 Exception <a 'sun/nio/fs/WindowsException'{0x00000000a71b2448}> (0x00000000a71b2448) 
thrown [s\src\hotspot\share\prims\jni.cpp, line 516]
Event: 2631.692 Thread 0x000001c2eb693060 Exception <a 'sun/nio/fs/WindowsException'{0x00000000a71ed4a0}> (0x00000000a71ed4a0) 
thrown [s\src\hotspot\share\prims\jni.cpp, line 516]
Event: 2631.698 Thread 0x000001c2eb693060 Exception <a 'sun/nio/fs/WindowsException'{0x00000000a702a488}> (0x00000000a702a488) 
thrown [s\src\hotspot\share\prims\jni.cpp, line 516]
Event: 2631.706 Thread 0x000001c2eb6953d0 Exception <a 'sun/nio/fs/WindowsException'{0x00000000a70675b8}> (0x00000000a70675b8) 
thrown [s\src\hotspot\share\prims\jni.cpp, line 516]
Event: 2631.713 Thread 0x000001c2eb6953d0 Exception <a 'sun/nio/fs/WindowsException'{0x00000000a70a5f68}> (0x00000000a70a5f68) 
thrown [s\src\hotspot\share\prims\jni.cpp, line 516]
Event: 2631.719 Thread 0x000001c2eb6953d0 Exception <a 'sun/nio/fs/WindowsException'{0x00000000a70e6090}> (0x00000000a70e6090) 
thrown [s\src\hotspot\share\prims\jni.cpp, line 516]
Event: 2632.246 Thread 0x000001c2f218f230 Exception <a 'sun/nio/fs/WindowsException'{0x00000000a699c168}> (0x00000000a699c168) 
thrown [s\src\hotspot\share\prims\jni.cpp, line 516]
Event: 2632.254 Thread 0x000001c2eb6944a0 Exception <a 'sun/nio/fs/WindowsException'{0x00000000a69d9af0}> (0x00000000a69d9af0) 
thrown [s\src\hotspot\share\prims\jni.cpp, line 516]
Event: 2632.260 Thread 0x000001c2eb6953d0 Exception <a 'sun/nio/fs/WindowsException'{0x00000000a68147c8}> (0x00000000a68147c8) 
thrown [s\src\hotspot\share\prims\jni.cpp, line 516]
Event: 2634.781 Thread 0x000001c2eb6958e0 Implicit null exception at 0x000001c2b84bb651 to 0x000001c2b84bc3d8
Event: 2634.893 Thread 0x000001c2eb6958e0 Implicit null exception at 0x000001c2b8ac63d0 to 0x000001c2b8ac6425
Event: 2634.894 Thread 0x000001c2eb6958e0 Implicit null exception at 0x000001c2b881be80 to 0x000001c2b881c118
Event: 2634.894 Thread 0x000001c2eb6958e0 Implicit null exception at 0x000001c2b8a5eb30 to 0x000001c2b8a5ef50
Event: 2635.093 Thread 0x000001c2f12890f0 Exception <a 'java/lang/NoSuchMethodError'{0x00000000a6b2bf90}: 'long java.lang.invoke.DirectMethodHandle$Holder.invokeVirtual(java.lang.Object, java.lang.Object)'> (0x00000000a6b2bf90) 
thrown [s\src\hotspot\share\interpreter\linkResolver.cpp, line 759]
Event: 2635.452 Thread 0x000001c2eb6958e0 Exception <a 'java/lang/IncompatibleClassChangeError'{0x00000000a780b408}: Found class java.lang.Object, but interface was expected> (0x00000000a780b408) 
thrown [s\src\hotspot\share\interpreter\linkResolver.cpp, line 826]
Event: 2635.457 Thread 0x000001c2eb6958e0 Exception <a 'sun/nio/fs/WindowsException'{0x00000000a7824880}> (0x00000000a7824880) 
thrown [s\src\hotspot\share\prims\jni.cpp, line 516]
Event: 2636.101 Thread 0x000001c2eb6958e0 Exception <a 'java/lang/NoSuchMethodError'{0x00000000a72d8078}: 'void java.lang.invoke.DirectMethodHandle$Holder.invokeVirtual(java.lang.Object, java.lang.Object, java.lang.Object, java.lang.Object)'> (0x00000000a72d8078) 
thrown [s\src\hotspot\share\interpreter\linkResolver.cpp, line 759]

VM Operations (20 events):
Event: 2634.789 Executing VM operation: HandshakeAllThreads done
Event: 2634.900 Executing VM operation: HandshakeAllThreads
Event: 2634.900 Executing VM operation: HandshakeAllThreads done
Event: 2634.996 Executing VM operation: G1CollectForAllocation
Event: 2635.003 Executing VM operation: G1CollectForAllocation done
Event: 2635.077 Executing VM operation: HandshakeAllThreads
Event: 2635.077 Executing VM operation: HandshakeAllThreads done
Event: 2635.092 Executing VM operation: HandshakeAllThreads
Event: 2635.093 Executing VM operation: HandshakeAllThreads done
Event: 2635.101 Executing VM operation: HandshakeAllThreads
Event: 2635.101 Executing VM operation: HandshakeAllThreads done
Event: 2635.102 Executing VM operation: G1CollectForAllocation
Event: 2635.114 Executing VM operation: G1CollectForAllocation done
Event: 2635.326 Executing VM operation: G1CollectForAllocation
Event: 2635.342 Executing VM operation: G1CollectForAllocation done
Event: 2635.612 Executing VM operation: HandshakeAllThreads
Event: 2635.612 Executing VM operation: HandshakeAllThreads done
Event: 2635.831 Executing VM operation: HandshakeAllThreads
Event: 2635.832 Executing VM operation: HandshakeAllThreads done
Event: 2636.171 Executing VM operation: G1PauseRemark

Events (20 events):
Event: 2635.157 loading class java/util/concurrent/RecursiveAction done
Event: 2635.555 loading class java/nio/charset/IllegalCharsetNameException
Event: 2635.556 loading class java/nio/charset/IllegalCharsetNameException done
Event: 2635.570 loading class java/nio/file/ProviderNotFoundException
Event: 2635.571 loading class java/nio/file/ProviderNotFoundException done
Event: 2635.609 loading class java/util/JumboEnumSet
Event: 2635.609 loading class java/util/JumboEnumSet done
Event: 2635.633 loading class java/util/JumboEnumSet$EnumSetIterator
Event: 2635.633 loading class java/util/JumboEnumSet$EnumSetIterator done
Event: 2635.646 loading class java/util/ResourceBundle$KeyElementReference
Event: 2635.646 loading class java/util/ResourceBundle$CacheKeyReference
Event: 2635.646 loading class java/util/ResourceBundle$CacheKeyReference done
Event: 2635.646 loading class java/util/ResourceBundle$KeyElementReference done
Event: 2635.647 loading class java/util/ResourceBundle$3
Event: 2635.647 loading class java/util/ResourceBundle$3 done
Event: 2635.669 loading class java/util/ResourceBundle$BundleReference
Event: 2635.669 loading class java/util/ResourceBundle$BundleReference done
Event: 2635.772 Thread 0x000001c2f37870c0 Thread exited: 0x000001c2f37870c0
Event: 2635.798 loading class java/util/ServiceLoader$ProviderSpliterator
Event: 2635.798 loading class java/util/ServiceLoader$ProviderSpliterator done


Dynamic libraries:
0x00007ff66d5a0000 - 0x00007ff66d5ae000 	C:\Program Files\Microsoft\jdk-17.0.11.9-hotspot\bin\java.exe
0x00007ffe6b450000 - 0x00007ffe6b667000 	C:\WINDOWS\SYSTEM32\ntdll.dll
0x00007ffe6a370000 - 0x00007ffe6a434000 	C:\WINDOWS\System32\KERNEL32.DLL
0x00007ffe68790000 - 0x00007ffe68b36000 	C:\WINDOWS\System32\KERNELBASE.dll
0x00007ffe68ea0000 - 0x00007ffe68fb1000 	C:\WINDOWS\System32\ucrtbase.dll
0x00007ffe5e240000 - 0x00007ffe5e25b000 	C:\Program Files\Microsoft\jdk-17.0.11.9-hotspot\bin\VCRUNTIME140.dll
0x00007ffe61990000 - 0x00007ffe619a7000 	C:\Program Files\Microsoft\jdk-17.0.11.9-hotspot\bin\jli.dll
0x00007ffe69be0000 - 0x00007ffe69d8e000 	C:\WINDOWS\System32\USER32.dll
0x00007ffe68d20000 - 0x00007ffe68d46000 	C:\WINDOWS\System32\win32u.dll
0x00007ffe50180000 - 0x00007ffe50413000 	C:\WINDOWS\WinSxS\amd64_microsoft.windows.common-controls_6595b64144ccf1df_6.0.22621.2506_none_270c5ae97388e100\COMCTL32.dll
0x00007ffe6b3e0000 - 0x00007ffe6b409000 	C:\WINDOWS\System32\GDI32.dll
0x00007ffe69a10000 - 0x00007ffe69ab7000 	C:\WINDOWS\System32\msvcrt.dll
0x00007ffe68b40000 - 0x00007ffe68c58000 	C:\WINDOWS\System32\gdi32full.dll
0x00007ffe68d50000 - 0x00007ffe68dea000 	C:\WINDOWS\System32\msvcp_win.dll
0x00007ffe69300000 - 0x00007ffe69331000 	C:\WINDOWS\System32\IMM32.DLL
0x00007ffe65710000 - 0x00007ffe6571c000 	C:\Program Files\Microsoft\jdk-17.0.11.9-hotspot\bin\vcruntime140_1.dll
0x00007ffe46810000 - 0x00007ffe4689d000 	C:\Program Files\Microsoft\jdk-17.0.11.9-hotspot\bin\msvcp140.dll
0x00007ffe05bc0000 - 0x00007ffe06826000 	C:\Program Files\Microsoft\jdk-17.0.11.9-hotspot\bin\server\jvm.dll
0x00007ffe6aa10000 - 0x00007ffe6aac3000 	C:\WINDOWS\System32\ADVAPI32.dll
0x00007ffe6aad0000 - 0x00007ffe6ab78000 	C:\WINDOWS\System32\sechost.dll
0x00007ffe68df0000 - 0x00007ffe68e18000 	C:\WINDOWS\System32\bcrypt.dll
0x00007ffe6a440000 - 0x00007ffe6a557000 	C:\WINDOWS\System32\RPCRT4.dll
0x00007ffe68400000 - 0x00007ffe6844d000 	C:\WINDOWS\SYSTEM32\POWRPROF.dll
0x00007ffe63860000 - 0x00007ffe63869000 	C:\WINDOWS\SYSTEM32\WSOCK32.dll
0x00007ffe62260000 - 0x00007ffe62294000 	C:\WINDOWS\SYSTEM32\WINMM.dll
0x00007ffe69990000 - 0x00007ffe69a01000 	C:\WINDOWS\System32\WS2_32.dll
0x00007ffe62a10000 - 0x00007ffe62a1a000 	C:\WINDOWS\SYSTEM32\VERSION.dll
0x00007ffe68200000 - 0x00007ffe68213000 	C:\WINDOWS\SYSTEM32\UMPDC.dll
0x00007ffe677d0000 - 0x00007ffe677e8000 	C:\WINDOWS\SYSTEM32\kernel.appcore.dll
0x00007ffe61a60000 - 0x00007ffe61a6a000 	C:\Program Files\Microsoft\jdk-17.0.11.9-hotspot\bin\jimage.dll
0x00007ffe66390000 - 0x00007ffe665c3000 	C:\WINDOWS\SYSTEM32\DBGHELP.DLL
0x00007ffe69600000 - 0x00007ffe69989000 	C:\WINDOWS\System32\combase.dll
0x00007ffe69340000 - 0x00007ffe69417000 	C:\WINDOWS\System32\OLEAUT32.dll
0x00007ffe5ae60000 - 0x00007ffe5ae92000 	C:\WINDOWS\SYSTEM32\dbgcore.DLL
0x00007ffe68e20000 - 0x00007ffe68e9a000 	C:\WINDOWS\System32\bcryptPrimitives.dll
0x00007ffe52660000 - 0x00007ffe5266e000 	C:\Program Files\Microsoft\jdk-17.0.11.9-hotspot\bin\instrument.dll
0x00007ffe495a0000 - 0x00007ffe495c5000 	C:\Program Files\Microsoft\jdk-17.0.11.9-hotspot\bin\java.dll
0x00007ffe44d30000 - 0x00007ffe44e07000 	C:\Program Files\Microsoft\jdk-17.0.11.9-hotspot\bin\jsvml.dll
0x00007ffe6ab80000 - 0x00007ffe6b3db000 	C:\WINDOWS\System32\SHELL32.dll
0x00007ffe665d0000 - 0x00007ffe66ec6000 	C:\WINDOWS\SYSTEM32\windows.storage.dll
0x00007ffe66250000 - 0x00007ffe6638e000 	C:\WINDOWS\SYSTEM32\wintypes.dll
0x00007ffe691a0000 - 0x00007ffe69293000 	C:\WINDOWS\System32\SHCORE.dll
0x00007ffe6a670000 - 0x00007ffe6a6ce000 	C:\WINDOWS\System32\shlwapi.dll
0x00007ffe686c0000 - 0x00007ffe686e6000 	C:\WINDOWS\SYSTEM32\profapi.dll
0x00007ffe4f260000 - 0x00007ffe4f278000 	C:\Program Files\Microsoft\jdk-17.0.11.9-hotspot\bin\zip.dll
0x00007ffe5cd90000 - 0x00007ffe5cda9000 	C:\Program Files\Microsoft\jdk-17.0.11.9-hotspot\bin\net.dll
0x00007ffe62520000 - 0x00007ffe62657000 	C:\WINDOWS\SYSTEM32\WINHTTP.dll
0x00007ffe67c50000 - 0x00007ffe67cb9000 	C:\WINDOWS\system32\mswsock.dll
0x00007ffe51660000 - 0x00007ffe51676000 	C:\Program Files\Microsoft\jdk-17.0.11.9-hotspot\bin\nio.dll
0x00007ffe65720000 - 0x00007ffe65730000 	C:\Program Files\Microsoft\jdk-17.0.11.9-hotspot\bin\verify.dll
0x00007ffe427e0000 - 0x00007ffe42807000 	C:\Users\anand\.gradle\native\c067742578af261105cb4f569cf0c3c89f3d7b1fecec35dd04571415982c5e48\windows-amd64\native-platform.dll
0x00007ffe08230000 - 0x00007ffe08374000 	C:\Users\anand\.gradle\native\38dada09dfb8b06ba9b0570ebf7e218e3eb74d4ef43ca46872605cf95ebc2f47\windows-amd64\native-platform-file-events.dll
0x00007ffe5e280000 - 0x00007ffe5e289000 	C:\Program Files\Microsoft\jdk-17.0.11.9-hotspot\bin\management.dll
0x00007ffe5c0d0000 - 0x00007ffe5c0db000 	C:\Program Files\Microsoft\jdk-17.0.11.9-hotspot\bin\management_ext.dll
0x00007ffe6a900000 - 0x00007ffe6a908000 	C:\WINDOWS\System32\PSAPI.DLL
0x00007ffe67eb0000 - 0x00007ffe67ecb000 	C:\WINDOWS\SYSTEM32\CRYPTSP.dll
0x00007ffe67730000 - 0x00007ffe67765000 	C:\WINDOWS\system32\rsaenh.dll
0x00007ffe67d40000 - 0x00007ffe67d6c000 	C:\WINDOWS\SYSTEM32\USERENV.dll
0x00007ffe67ea0000 - 0x00007ffe67eac000 	C:\WINDOWS\SYSTEM32\CRYPTBASE.dll
0x00007ffe67250000 - 0x00007ffe6727d000 	C:\WINDOWS\SYSTEM32\IPHLPAPI.DLL
0x00007ffe6a560000 - 0x00007ffe6a569000 	C:\WINDOWS\System32\NSI.dll
0x00007ffe622c0000 - 0x00007ffe622d9000 	C:\WINDOWS\SYSTEM32\dhcpcsvc6.DLL
0x00007ffe622a0000 - 0x00007ffe622bf000 	C:\WINDOWS\SYSTEM32\dhcpcsvc.DLL
0x00007ffe67280000 - 0x00007ffe67379000 	C:\WINDOWS\SYSTEM32\DNSAPI.dll
0x00007ffe52610000 - 0x00007ffe52619000 	C:\Program Files\Microsoft\jdk-17.0.11.9-hotspot\bin\extnet.dll
0x00007ffe5a9b0000 - 0x00007ffe5a9be000 	C:\Program Files\Microsoft\jdk-17.0.11.9-hotspot\bin\sunmscapi.dll
0x00007ffe68fc0000 - 0x00007ffe69126000 	C:\WINDOWS\System32\CRYPT32.dll
0x00007ffe68060000 - 0x00007ffe6808e000 	C:\WINDOWS\SYSTEM32\ncrypt.dll
0x00007ffe68020000 - 0x00007ffe68057000 	C:\WINDOWS\SYSTEM32\NTASN1.dll
0x00007ffe5aa80000 - 0x00007ffe5aa88000 	C:\WINDOWS\system32\wshunix.dll
0x00007ffe480f0000 - 0x00007ffe48107000 	C:\WINDOWS\system32\napinsp.dll
0x00007ffe480d0000 - 0x00007ffe480eb000 	C:\WINDOWS\system32\pnrpnsp.dll
0x00007ffe480b0000 - 0x00007ffe480c1000 	C:\WINDOWS\System32\winrnr.dll
0x00007ffe3c840000 - 0x00007ffe3c855000 	C:\WINDOWS\system32\wshbth.dll
0x00007ffe07080000 - 0x00007ffe070a1000 	C:\WINDOWS\system32\nlansp_c.dll
0x00007ffe5ea60000 - 0x00007ffe5ea6a000 	C:\Windows\System32\rasadhlp.dll
0x00007ffe616e0000 - 0x00007ffe61763000 	C:\WINDOWS\System32\fwpuclnt.dll
0x00007ffe677f0000 - 0x00007ffe67824000 	C:\WINDOWS\SYSTEM32\ntmarta.dll
0x00007ffe5cd60000 - 0x00007ffe5cd7e000 	C:\Users\anand\AppData\Local\Temp\native-platform16736298750522615588dir\native-platform.dll
0x00007ffe5a970000 - 0x00007ffe5a977000 	C:\Program Files\Microsoft\jdk-17.0.11.9-hotspot\bin\rmi.dll

dbghelp: loaded successfully - version: 4.0.5 - missing functions: none
symbol engine: initialized successfully - sym options: 0x614 - pdb path: .;C:\Program Files\Microsoft\jdk-17.0.11.9-hotspot\bin;C:\WINDOWS\SYSTEM32;C:\WINDOWS\WinSxS\amd64_microsoft.windows.common-controls_6595b64144ccf1df_6.0.22621.2506_none_270c5ae97388e100;C:\Program Files\Microsoft\jdk-17.0.11.9-hotspot\bin\server;C:\Users\anand\.gradle\native\c067742578af261105cb4f569cf0c3c89f3d7b1fecec35dd04571415982c5e48\windows-amd64;C:\Users\anand\.gradle\native\38dada09dfb8b06ba9b0570ebf7e218e3eb74d4ef43ca46872605cf95ebc2f47\windows-amd64;C:\Users\anand\AppData\Local\Temp\native-platform16736298750522615588dir

VM Arguments:
jvm_args: -XX:MaxMetaspaceSize=512m --add-opens=java.base/java.util=ALL-UNNAMED --add-opens=java.base/java.lang=ALL-UNNAMED --add-opens=java.base/java.lang.invoke=ALL-UNNAMED --add-opens=java.prefs/java.util.prefs=ALL-UNNAMED --add-opens=java.base/java.nio.charset=ALL-UNNAMED --add-opens=java.base/java.net=ALL-UNNAMED --add-opens=java.base/java.util.concurrent.atomic=ALL-UNNAMED -Xmx2048m -Dfile.encoding=windows-1252 -Duser.country=IN -Duser.language=en -Duser.variant -javaagent:C:\Users\anand\.gradle\wrapper\dists\gradle-8.6-all\3mbtmo166bl6vumsh5k2lkq5h\gradle-8.6\lib\agents\gradle-instrumentation-agent-8.6.jar 
java_command: org.gradle.launcher.daemon.bootstrap.GradleDaemon 8.6
java_class_path (initial): C:\Users\anand\.gradle\wrapper\dists\gradle-8.6-all\3mbtmo166bl6vumsh5k2lkq5h\gradle-8.6\lib\gradle-launcher-8.6.jar
Launcher Type: SUN_STANDARD

[Global flags]
     intx CICompilerCount                          = 4                                         {product} {ergonomic}
   size_t CompressedClassSpaceSize                 = 436207616                                 {product} {ergonomic}
     uint ConcGCThreads                            = 2                                         {product} {ergonomic}
     uint G1ConcRefinementThreads                  = 8                                         {product} {ergonomic}
   size_t G1HeapRegionSize                         = 1048576                                   {product} {ergonomic}
    uintx GCDrainStackTargetSize                   = 64                                        {product} {ergonomic}
   size_t InitialHeapSize                          = 132120576                                 {product} {ergonomic}
   size_t MarkStackSize                            = 4194304                                   {product} {ergonomic}
   size_t MaxHeapSize                              = 2147483648                                {product} {command line}
   size_t MaxMetaspaceSize                         = 536870912                                 {product} {command line}
   size_t MaxNewSize                               = 1287651328                                {product} {ergonomic}
   size_t MinHeapDeltaBytes                        = 1048576                                   {product} {ergonomic}
   size_t MinHeapSize                              = 8388608                                   {product} {ergonomic}
    uintx NonNMethodCodeHeapSize                   = 5839372                                {pd product} {ergonomic}
    uintx NonProfiledCodeHeapSize                  = 122909434                              {pd product} {ergonomic}
    uintx ProfiledCodeHeapSize                     = 122909434                              {pd product} {ergonomic}
    uintx ReservedCodeCacheSize                    = 251658240                              {pd product} {ergonomic}
     bool SegmentedCodeCache                       = true                                      {product} {ergonomic}
   size_t SoftMaxHeapSize                          = 2147483648                             {manageable} {ergonomic}
     bool UseCompressedClassPointers               = true                           {product lp64_product} {ergonomic}
     bool UseCompressedOops                        = true                           {product lp64_product} {ergonomic}
     bool UseG1GC                                  = true                                      {product} {ergonomic}
     bool UseLargePagesIndividualAllocation        = false                                  {pd product} {ergonomic}

Logging:
Log output configuration:
 #0: stdout all=warning uptime,level,tags
 #1: stderr all=off uptime,level,tags

Environment Variables:
JAVA_HOME=C:\Program Files\Microsoft\jdk-17.0.11.9-hotspot\
CLASSPATH=C:\Users\anand\Amaterasu\android\\gradle\wrapper\gradle-wrapper.jar
PATH=C:\Users\anand\Amaterasu\node_modules\.bin;C:\Users\anand\Amaterasu\node_modules\.bin;C:\Users\anand\node_modules\.bin;C:\Users\node_modules\.bin;C:\node_modules\.bin;C:\Users\anand\AppData\Roaming\npm\node_modules\npm\node_modules\@npmcli\run-script\lib\node-gyp-bin;C:\Program Files\Microsoft\jdk-17.0.11.9-hotspot\bin;C:\Program Files\Common Files\Oracle\Java\javapath;C:\Windows\system32;C:\Windows;C:\Windows\System32\Wbem;C:\Windows\System32\WindowsPowerShell\v1.0\;C:\Windows\System32\OpenSSH\;C:\Program Files (x86)\NVIDIA Corporation\PhysX\Common;C:\Program Files\NVIDIA Corporation\NVIDIA NvDLISR;C:\WINDOWS\system32;C:\WINDOWS;C:\WINDOWS\System32\Wbem;C:\WINDOWS\System32\WindowsPowerShell\v1.0\;C:\WINDOWS\System32\OpenSSH\;C:\MinGW\bin;C:\Program Files\Git\cmd;C:\Program Files\Git\mingw64\bin;C:\Program Files\Git\usr\bin;C:\ProgramData\chocolatey\bin;C:\Program Files\nodejs\;%LOCALAPPDATA%\Android\Sdk\platform-tools;C:\Protoc\bin;C:\Users\anand\AppData\Local\Microsoft\WindowsApps;";flutter\bin";C:\Users\anand\AppData\Local\Programs\Microsoft VS Code\bin;C:\Users\anand\AppData\Roaming\npm;
USERNAME=anand
OS=Windows_NT
PROCESSOR_IDENTIFIER=Intel64 Family 6 Model 165 Stepping 2, GenuineIntel
TMP=C:\Users\anand\AppData\Local\Temp
TEMP=C:\Users\anand\AppData\Local\Temp



Periodic native trim disabled


---------------  S Y S T E M  ---------------

OS:
 Windows 11 , 64 bit Build 22621 (10.0.22621.3085)
OS uptime: 20 days 2:32 hours

CPU: total 8 (initial active 8) (4 cores per cpu, 2 threads per core) family 6 model 165 stepping 2 microcode 0xe0, cx8, cmov, fxsr, ht, mmx, 3dnowpref, sse, sse2, sse3, ssse3, sse4.1, sse4.2, popcnt, lzcnt, tsc, tscinvbit, avx, avx2, aes, erms, clmul, bmi1, bmi2, adx, fma, vzeroupper, clflush, clflushopt
Processor Information for all 8 processors :
  Max Mhz: 2400, Current Mhz: 2400, Mhz Limit: 2400

Memory: 4k page, system-wide physical 8029M (342M free)
TotalPageFile size 32605M (AvailPageFile size 8M)
current process WorkingSet (physical memory assigned to process): 497M, peak: 689M
current process commit charge ("private bytes"): 1361M, peak: 1365M

vm_info: OpenJDK 64-Bit Server VM (17.0.11+9-LTS) for windows-amd64 JRE (17.0.11+9-LTS), built on Apr  9 2024 22:05:54 by "MicrosoftCorporation" with MS VC++ 16.10 / 16.11 (VS2019)

END.
